work_id,work_name,work_type,state,district,constituency,lat,lon,sanctioned_amount,expenditure,physical_progress_pct,financial_progress_pct,start_date,end_date,actual_end_date,num_payment_txns,max_single_txn_pct_of_sanctioned,vendor_id,is_fraud_label
WRK00201,Road Construction - Kota Rural,Road Construction,Rajasthan,Kota,Kota Rural,26.491,74.4759,15035332,13832505,96,92,2023-03-05,2023-08-13,,3,19.3,VEND201,0
WRK01079,Streetlight Installation - Jaipur South,Streetlight Installation,Rajasthan,Jaipur,Jaipur South,27.7978,75.3411,8934963,1518943,10,17,2022-07-29,2023-07-10,,6,13.5,VEND302,0
WRK00611,Irrigation Canal - Udaipur West,Irrigation Canal,Rajasthan,Udaipur,Udaipur West,26.7431,74.262,866744,234020,22,27,2024-07-22,2026-01-07,,6,16.3,VEND317,0
WRK02160,Health Sub-Centre - Dibrugarh South,Health Sub-Centre,Assam,Dibrugarh,Dibrugarh South,26.4105,92.3272,13858369,5959098,38,43,2024-01-28,2024-06-20,,3,14.4,VEND221,0
WRK01170,Community Hall - Gaya West,Community Hall,Bihar,Gaya,Gaya West,26.055,85.4913,1126431,450572,39,40,2024-02-07,2025-01-23,,8,18.1,VEND261,0
WRK02449,Health Sub-Centre - Muzaffarpur East,Health Sub-Centre,Bihar,Muzaffarpur,Muzaffarpur East,25.792,85.7412,851139,348966,34,41,2023-10-29,2024-03-30,,9,43.6,VEND190,0
WRK02939,School Building - Faridabad North,School Building,Haryana,Faridabad,Faridabad North,28.7339,76.1383,12993211,5846944,41,45,2023-12-28,2025-04-28,,9,42.3,VEND304,0
WRK00814,Road Construction - Patna West,Road Construction,Bihar,Patna,Patna West,26.2724,84.5246,6758017,4865772,60,72,2023-05-29,2023-11-02,,1,90.6,VEND193,1
WRK01269,Anganwadi Centre - Udaipur North,Anganwadi Centre,Rajasthan,Udaipur,Udaipur North,27.8363,73.8718,3349541,502431,8,15,2023-03-18,2024-08-03,,9,29.1,VEND269,0
WRK00871,Anganwadi Centre - Chennai Urban,Anganwadi Centre,Tamil Nadu,Chennai,Chennai Urban,11.881,79.4277,515340,92761,17,18,2022-06-30,2023-11-18,,6,30.3,VEND192,0
WRK00103,Drainage Project - Chennai South,Drainage Project,Tamil Nadu,Chennai,Chennai South,12.0493,78.3341,22777145,4783200,20,21,2024-05-08,2025-10-12,,7,15.1,VEND032,0
WRK03257,Streetlight Installation - Kochi North,Streetlight Installation,Kerala,Kochi,Kochi North,11.137,76.0479,6760633,6760633,97,100,2022-09-03,2023-04-30,,9,27.1,VEND154,0
WRK01099,Health Sub-Centre - Agra East,Health Sub-Centre,Uttar Pradesh,Agra,Agra East,26.9257,81.1286,16788753,15109877,90,90,2022-10-21,2024-01-30,,7,31.1,VEND012,0
WRK01815,Health Sub-Centre - Amritsar Urban,Health Sub-Centre,Punjab,Amritsar,Amritsar Urban,30.9856,74.2036,5671143,5160740,89,91,2024-01-31,2025-03-10,,7,33.6,VEND052,0
WRK01420,Community Hall - Ahmedabad Rural,Community Hall,Gujarat,Ahmedabad,Ahmedabad Rural,23.0832,71.8876,15858626,15858626,99,100,2024-08-02,2025-11-01,,11,37.0,VEND199,0
WRK02291,Anganwadi Centre - Thiruvananthapuram Urban,Anganwadi Centre,Kerala,Thiruvananthapuram,Thiruvananthapuram Urban,11.8898,76.8604,518382,368051,64,71,2023-08-13,2024-01-01,,3,30.9,VEND022,0
WRK00421,Streetlight Installation - Ludhiana West,Streetlight Installation,Punjab,Ludhiana,Ludhiana West,30.6333,75.0528,11769548,9415638,86,80,2023-09-18,2024-12-18,,4,15.0,VEND206,0
WRK02474,Irrigation Canal - Madurai Central,Irrigation Canal,Tamil Nadu,Madurai,Madurai Central,9.9495,79.7096,1620840,1539798,92,95,2022-05-11,2023-01-12,,3,50.3,VEND381,1
WRK01399,Health Sub-Centre - Rajkot Urban,Health Sub-Centre,Gujarat,Rajkot,Rajkot Urban,22.004,70.9665,4136074,1902594,41,46,2023-07-05,2024-01-09,,8,43.5,VEND385,0
WRK01360,Community Hall - Bhubaneswar Rural,Community Hall,Odisha,Bhubaneswar,Bhubaneswar Rural,20.506,85.2762,17585991,12310193,77,70,2022-09-13,2023-12-04,,4,44.4,VEND070,0
WRK01240,Drainage Project - Mysuru South,Drainage Project,Karnataka,Mysuru,Mysuru South,16.0115,76.2747,3196035,2269184,73,71,2022-08-26,2023-09-27,,4,34.6,VEND039,0
WRK01051,Drainage Project - Agra Central,Drainage Project,Uttar Pradesh,Agra,Agra Central,26.6234,81.0155,14955594,6131793,46,41,2023-02-22,2024-07-20,,8,27.6,VEND273,0
WRK03501,School Building - Siliguri Urban,School Building,West Bengal,Siliguri,Siliguri Urban,21.8735,88.3871,4328079,129842,4,3,2024-06-09,2025-09-26,,3,41.8,VEND178,0
WRK00558,Irrigation Canal - Salem West,Irrigation Canal,Tamil Nadu,Salem,Salem West,11.9981,77.4005,978822,283858,25,29,2022-11-01,2023-03-04,,4,40.4,VEND292,0
WRK03196,Community Hall - Howrah Central,Community Hall,West Bengal,Howrah,Howrah Central,23.3325,87.3016,1071104,653373,61,61,2023-07-11,2023-12-31,,10,44.5,VEND093,0
WRK00352,Irrigation Canal - Gurugram Rural,Irrigation Canal,Haryana,Gurugram,Gurugram Rural,28.1141,77.1276,1953619,1855938,88,95,2023-01-16,2023-12-15,,5,17.2,VEND328,0
WRK00231,Irrigation Canal - Rourkela Urban,Irrigation Canal,Odisha,Rourkela,Rourkela Urban,21.6936,84.6285,19489012,19489012,99,100,2022-04-12,2023-06-30,,3,20.7,VEND022,0
WRK02514,Water Supply Scheme - Kozhikode Rural,Water Supply Scheme,Kerala,Kozhikode,Kozhikode Rural,9.884,77.3915,3388016,609842,18,18,2022-12-03,2024-04-16,,5,17.4,VEND263,0
WRK02726,Anganwadi Centre - Gwalior South,Anganwadi Centre,Madhya Pradesh,Gwalior,Gwalior South,22.8592,79.1535,576409,328553,61,57,2023-07-08,2023-11-19,,4,26.8,VEND116,0
WRK01433,Road Construction - Bhubaneswar Rural,Road Construction,Odisha,Bhubaneswar,Bhubaneswar Rural,22.0545,85.3883,5324464,4738772,93,89,2023-07-26,2024-03-13,,5,35.8,VEND350,0
WRK01509,Health Sub-Centre - Patna Urban,Health Sub-Centre,Bihar,Patna,Patna Urban,24.896,84.4225,9061518,9061518,99,100,2024-01-06,2024-05-15,,6,27.2,VEND203,0
WRK00702,Anganwadi Centre - Kozhikode East,Anganwadi Centre,Kerala,Kozhikode,Kozhikode East,11.9792,76.3068,7570178,2271053,29,30,2023-09-16,2025-01-15,,4,43.2,VEND209,0
WRK00350,Health Sub-Centre - Nashik South,Health Sub-Centre,Maharashtra,Nashik,Nashik South,18.7286,76.0651,23755298,13065413,56,55,2023-10-19,2024-05-10,,12,11.4,VEND052,0
WRK01697,Streetlight Installation - Muzaffarpur Rural,Streetlight Installation,Bihar,Muzaffarpur,Muzaffarpur Rural,26.0341,85.5789,2566077,487554,17,19,2023-02-13,2024-01-04,,12,12.4,VEND015,0
WRK00281,Road Construction - Rajkot Urban,Road Construction,Gujarat,Rajkot,Rajkot Urban,22.6704,70.2694,1779552,1014344,61,57,2024-01-22,2024-07-29,,10,41.2,VEND275,0
WRK01490,Community Hall - Silchar West,Community Hall,Assam,Silchar,Silchar West,25.7341,92.8595,13043782,12913344,99,99,2022-07-16,2023-04-20,,4,26.2,VEND021,0
WRK00631,Community Hall - Prayagraj North,Community Hall,Uttar Pradesh,Prayagraj,Prayagraj North,27.5021,80.8075,9580550,5556719,56,58,2024-04-12,2025-06-12,,5,19.7,VEND330,0
WRK00746,Road Construction - Madurai Urban,Road Construction,Tamil Nadu,Madurai,Madurai Urban,10.453,77.4035,3560214,35602,5,1,2024-05-21,2025-08-13,,6,37.0,VEND138,0
WRK02875,Health Sub-Centre - Gaya North,Health Sub-Centre,Bihar,Gaya,Gaya North,26.0401,83.9746,5058206,4957041,99,98,2023-11-14,2025-05-01,,11,37.0,VEND300,0
WRK02829,Anganwadi Centre - Silchar Central,Anganwadi Centre,Assam,Silchar,Silchar Central,25.6061,92.5935,550995,253457,42,46,2024-08-02,2026-01-13,,5,30.8,VEND086,0
WRK01165,Community Hall - Nagpur Urban,Community Hall,Maharashtra,Nagpur,Nagpur Urban,19.5236,75.977,10892286,7624600,74,70,2024-06-23,2025-07-23,,4,44.3,VEND260,0
WRK03192,Community Hall - Vellore Rural,Community Hall,Tamil Nadu,Vellore,Vellore Rural,10.2592,77.9432,1148455,918764,88,80,2024-01-27,2024-10-13,,3,41.0,VEND076,0
WRK00774,Anganwadi Centre - Ludhiana East,Anganwadi Centre,Punjab,Ludhiana,Ludhiana East,31.781,74.7858,21483551,4296710,12,20,2024-04-29,2025-05-11,,5,10.8,VEND196,0
WRK01768,Water Supply Scheme - Bhubaneswar Rural,Water Supply Scheme,Odisha,Bhubaneswar,Bhubaneswar Rural,20.33,83.9256,454816,368400,85,81,2022-04-01,2022-09-10,,5,25.3,VEND161,0
WRK03392,Drainage Project - Bhagalpur East,Drainage Project,Bihar,Bhagalpur,Bhagalpur East,26.3647,86.2402,446985,31288,3,7,2023-11-01,2024-08-27,,3,30.7,VEND379,0
WRK02127,School Building - Siliguri North,School Building,West Bengal,Siliguri,Siliguri North,23.7586,87.788,8738604,0,2,0,2022-04-04,2023-01-15,,7,41.9,VEND216,0
WRK03287,Community Hall - Warangal Rural,Community Hall,Telangana,Warangal,Warangal Rural,17.6012,78.5658,11787085,7779476,67,66,2023-05-05,2024-10-14,,11,22.9,VEND029,0
WRK03929,Water Supply Scheme - Gaya Rural,Water Supply Scheme,Bihar,Gaya,Gaya Rural,25.1577,86.0909,8080562,6787672,83,84,2023-04-24,2024-01-28,,4,28.4,VEND067,0
WRK01795,Road Construction - Patna Rural,Road Construction,Bihar,Patna,Patna Rural,26.6342,84.5712,1083650,455133,43,42,2024-05-08,2025-10-05,,10,28.7,VEND359,0
WRK02668,School Building - Jodhpur Urban,School Building,Rajasthan,Jodhpur,Jodhpur Urban,28.176,74.5839,13722913,13722913,15,100,2022-05-10,2023-08-24,,5,44.7,VEND329,1
WRK02728,Public Toilet Complex - Kalaburagi Central,Public Toilet Complex,Karnataka,Kalaburagi,Kalaburagi Central,14.7217,74.6674,6717422,1477832,29,22,2024-06-19,2025-10-21,,9,33.6,VEND126,0
WRK00369,Drainage Project - Vellore Rural,Drainage Project,Tamil Nadu,Vellore,Vellore Rural,12.1343,79.0549,520121,260060,58,50,2022-09-13,2024-01-06,,10,26.2,VEND071,0
WRK00711,Road Construction - Darjeeling North,Road Construction,West Bengal,Darjeeling,Darjeeling North,22.1327,87.7006,1732599,467801,23,27,2023-03-25,2024-07-26,,8,10.3,VEND221,0
WRK00762,Road Construction - Nashik Rural,Road Construction,Maharashtra,Nashik,Nashik Rural,18.5605,76.5136,16785284,6714113,47,40,2024-03-13,2025-02-13,,4,33.2,VEND038,0
WRK00436,Streetlight Installation - Bikaner North,Streetlight Installation,Rajasthan,Bikaner,Bikaner North,27.4681,75.3608,1736531,1458686,86,84,2022-07-12,2023-10-28,,8,27.4,VEND392,0
WRK02396,Drainage Project - Indore Central,Drainage Project,Madhya Pradesh,Indore,Indore Central,22.3202,79.4967,14958174,5235360,35,35,2024-03-28,2025-09-19,,3,20.9,VEND261,0
WRK00997,Road Construction - Faridabad Central,Road Construction,Haryana,Faridabad,Faridabad Central,28.5598,75.4857,8100140,324005,4,4,2023-12-13,2024-08-28,,10,23.9,VEND357,0
WRK01414,School Building - Bengaluru Urban South,School Building,Karnataka,Bengaluru Urban,Bengaluru Urban South,16.2594,76.0082,566864,136047,30,24,2024-08-21,2024-12-20,,7,43.8,VEND059,0
WRK02559,Drainage Project - Jalandhar Central,Drainage Project,Punjab,Jalandhar,Jalandhar Central,29.9772,75.599,12041745,3612523,32,30,2022-08-08,2023-06-22,,6,44.7,VEND109,0
WRK02445,Water Supply Scheme - Pune East,Water Supply Scheme,Maharashtra,Pune,Pune East,18.8741,74.9955,7479160,2916872,38,39,2023-08-26,2024-07-15,,12,25.5,VEND003,0
WRK00958,Community Hall - Vadodara North,Community Hall,Gujarat,Vadodara,Vadodara North,22.0721,71.1036,14825761,14529245,97,98,2022-07-25,2023-12-13,,9,43.9,VEND167,0
WRK01271,Public Toilet Complex - Kanpur North,Public Toilet Complex,Uttar Pradesh,Kanpur,Kanpur North,27.6281,80.6481,404004,327243,82,81,2022-04-25,2022-09-18,,10,11.5,VEND113,0
WRK00588,School Building - Nizamabad Central,School Building,Telangana,Nizamabad,Nizamabad Central,17.6528,78.509,22545653,12851022,49,57,2022-09-19,2023-10-04,,8,27.5,VEND238,0
WRK01688,Public Toilet Complex - Gaya North,Public Toilet Complex,Bihar,Gaya,Gaya North,26.179,85.0589,1817852,799854,41,44,2023-11-15,2024-07-25,,12,12.0,VEND249,0
WRK02210,Irrigation Canal - Nashik Central,Irrigation Canal,Maharashtra,Nashik,Nashik Central,19.1611,75.1361,19971191,18772919,88,94,2022-05-13,2023-01-31,,5,16.9,VEND223,0
WRK01436,Drainage Project - Gwalior Central,Drainage Project,Madhya Pradesh,Gwalior,Gwalior Central,24.338,78.4777,9975916,7282418,78,73,2023-01-01,2023-09-05,,9,18.9,VEND310,0
WRK01910,Water Supply Scheme - Darjeeling Central,Water Supply Scheme,West Bengal,Darjeeling,Darjeeling Central,23.7293,88.0663,476706,138244,31,29,2022-12-10,2023-12-13,,10,30.1,VEND040,0
WRK01691,Health Sub-Centre - Rajkot North,Health Sub-Centre,Gujarat,Rajkot,Rajkot North,21.2802,70.2098,9278721,2783616,33,30,2024-06-17,2025-05-26,,3,38.7,VEND160,0
WRK00293,Health Sub-Centre - Belagavi Central,Health Sub-Centre,Karnataka,Belagavi,Belagavi Central,15.9065,74.8807,16233978,324679,6,2,2023-10-06,2024-09-17,,3,26.5,VEND346,0
WRK03444,Road Construction - Mangaluru Urban,Road Construction,Karnataka,Mangaluru,Mangaluru Urban,15.9118,75.0451,15755319,15755319,12,100,2023-02-09,2024-03-21,,4,65.0,VEND271,1
WRK00800,Anganwadi Centre - Silchar Rural,Anganwadi Centre,Assam,Silchar,Silchar Rural,25.12,93.8877,442881,372020,89,84,2024-01-10,2024-10-01,,4,38.2,VEND054,0
WRK01048,Water Supply Scheme - Aurangabad Central,Water Supply Scheme,Maharashtra,Aurangabad,Aurangabad Central,20.262,75.3192,23430876,18041774,72,77,2023-12-31,2024-10-26,,9,44.9,VEND012,0
WRK01222,Anganwadi Centre - Gurugram South,Anganwadi Centre,Haryana,Gurugram,Gurugram South,27.8238,76.6673,3586608,3012750,79,84,2022-07-31,2023-08-27,,5,29.7,VEND322,0
WRK00749,Road Construction - Siliguri North,Road Construction,West Bengal,Siliguri,Siliguri North,23.6603,87.0359,7698403,1077776,13,14,2024-07-23,2024-12-12,,4,27.9,VEND213,0
WRK02787,School Building - Kolkata East,School Building,West Bengal,Kolkata,Kolkata East,22.5659,88.0693,460549,331595,68,72,2022-11-08,2023-04-22,,9,11.1,VEND249,0
WRK03100,Health Sub-Centre - Howrah West,Health Sub-Centre,West Bengal,Howrah,Howrah West,22.413,87.6237,590831,401765,73,68,2024-07-05,2025-02-14,,9,36.9,VEND073,0
WRK01857,Streetlight Installation - Cuttack Urban,Streetlight Installation,Odisha,Cuttack,Cuttack Urban,20.3367,85.9695,410101,164040,40,40,2022-05-17,2023-03-18,,12,12.5,VEND090,0
WRK01039,School Building - Cuttack Rural,School Building,Odisha,Cuttack,Cuttack Rural,21.1477,85.0566,577982,69357,14,12,2024-08-04,2025-07-11,,12,19.1,VEND156,0
WRK01094,Streetlight Installation - Nizamabad West,Streetlight Installation,Telangana,Nizamabad,Nizamabad West,18.2558,78.4475,9659841,7824471,77,81,2022-12-12,2023-09-01,,3,13.6,VEND328,0
WRK00365,Streetlight Installation - Gwalior Urban,Streetlight Installation,Madhya Pradesh,Gwalior,Gwalior Urban,23.8162,79.7278,546165,535241,93,98,2023-01-11,2023-05-18,,6,18.7,VEND223,0
WRK02390,School Building - Rourkela North,School Building,Odisha,Rourkela,Rourkela North,20.4792,84.751,1689906,1199833,75,71,2022-05-19,2023-05-06,,6,26.8,VEND076,0
WRK00300,Public Toilet Complex - Hyderabad East,Public Toilet Complex,Telangana,Hyderabad,Hyderabad East,18.9493,79.9509,1178919,518724,38,44,2024-01-26,2024-06-30,,9,30.7,VEND123,0
WRK00399,Streetlight Installation - Darjeeling Rural,Streetlight Installation,West Bengal,Darjeeling,Darjeeling Rural,22.2646,88.6862,443347,381278,85,86,2022-08-06,2023-11-03,,9,16.3,VEND353,0
WRK02754,Anganwadi Centre - Bikaner Rural,Anganwadi Centre,Rajasthan,Bikaner,Bikaner Rural,27.3139,74.4101,39091493,37918748,90,97,2023-11-11,2024-11-29,,4,70.4,VEND009,1
WRK03891,Irrigation Canal - Kozhikode Central,Irrigation Canal,Kerala,Kozhikode,Kozhikode Central,11.4453,76.7251,2383322,2359488,100,99,2023-10-21,2024-10-17,2024-10-25,11,27.5,VEND235,0
WRK01859,Health Sub-Centre - Panipat East,Health Sub-Centre,Haryana,Panipat,Panipat East,28.257,76.4079,8978851,0,2,0,2023-06-13,2024-02-27,,12,35.2,VEND304,0
WRK01642,School Building - Warangal South,School Building,Telangana,Warangal,Warangal South,17.4464,80.4262,21882009,21444368,10,98,2024-03-21,2024-10-27,,3,54.0,VEND271,1
WRK00211,Water Supply Scheme - Surat Central,Water Supply Scheme,Gujarat,Surat,Surat Central,22.409,69.9788,1798581,845333,41,47,2023-10-09,2024-08-02,,7,40.4,VEND307,0
WRK00556,Health Sub-Centre - Madurai West,Health Sub-Centre,Tamil Nadu,Madurai,Madurai West,10.6295,78.9676,3445445,2928628,17,85,2022-10-15,2023-09-27,,4,67.2,VEND364,1
WRK01803,Health Sub-Centre - Bhubaneswar South,Health Sub-Centre,Odisha,Bhubaneswar,Bhubaneswar South,20.6193,85.5509,559057,5590,5,1,2024-04-05,2024-11-10,,11,13.3,VEND172,0
WRK00332,School Building - Tiruchirappalli Central,School Building,Tamil Nadu,Tiruchirappalli,Tiruchirappalli Central,10.0923,79.5476,3116971,218187,11,7,2024-03-26,2024-09-23,,9,33.0,VEND332,0
WRK00900,Community Hall - Jaipur South,Community Hall,Rajasthan,Jaipur,Jaipur South,28.0579,74.8622,2817008,2676157,93,95,2023-10-13,2025-04-03,,3,18.2,VEND038,0
WRK02955,Road Construction - Aurangabad West,Road Construction,Maharashtra,Aurangabad,Aurangabad West,19.6551,75.5815,1045120,742035,73,71,2024-07-30,2025-04-13,,10,30.5,VEND259,0
WRK02605,Health Sub-Centre - Bhubaneswar South,Health Sub-Centre,Odisha,Bhubaneswar,Bhubaneswar South,20.7149,84.2503,4602451,1426759,27,31,2023-06-05,2024-09-02,,12,34.9,VEND103,0
WRK03316,Public Toilet Complex - Bhubaneswar Central,Public Toilet Complex,Odisha,Bhubaneswar,Bhubaneswar Central,20.1077,84.4847,21387366,13687914,64,64,2022-11-27,2023-08-13,,12,15.4,VEND356,0
WRK01035,School Building - Ludhiana Central,School Building,Punjab,Ludhiana,Ludhiana Central,31.9786,74.7947,5536010,442880,4,8,2023-04-01,2024-08-07,,6,16.1,VEND274,0
WRK03214,Public Toilet Complex - Gurugram Rural,Public Toilet Complex,Haryana,Gurugram,Gurugram Rural,28.511,75.7963,5359745,321584,4,6,2023-01-19,2024-01-03,,5,11.6,VEND041,0
WRK00417,Public Toilet Complex - Muzaffarpur South,Public Toilet Complex,Bihar,Muzaffarpur,Muzaffarpur South,25.9503,85.3966,1115160,178425,14,16,2022-11-20,2023-10-14,,4,26.3,VEND267,0
WRK03611,Health Sub-Centre - Dibrugarh West,Health Sub-Centre,Assam,Dibrugarh,Dibrugarh West,25.7283,93.5792,6450223,5031173,78,78,2023-06-02,2024-01-03,,6,17.0,VEND052,0
WRK03763,Health Sub-Centre - Chennai Central,Health Sub-Centre,Tamil Nadu,Chennai,Chennai Central,10.3888,78.9456,20589332,13794852,64,67,2023-07-13,2024-10-12,,12,14.0,VEND120,0
WRK03176,Streetlight Installation - Gurugram North,Streetlight Installation,Haryana,Gurugram,Gurugram North,30.0577,76.3923,22619847,4523969,13,20,2022-05-23,2023-11-11,,11,35.8,VEND015,0
WRK00137,Community Hall - Lucknow Rural,Community Hall,Uttar Pradesh,Lucknow,Lucknow Rural,27.2121,81.1835,12133108,6066554,46,50,2023-09-13,2025-02-19,,10,42.1,VEND024,0
WRK00162,Anganwadi Centre - Asansol East,Anganwadi Centre,West Bengal,Asansol,Asansol East,22.486,86.8874,468585,154633,25,33,2023-05-21,2024-07-14,,3,35.8,VEND036,0
WRK01958,Irrigation Canal - Mangaluru Central,Irrigation Canal,Karnataka,Mangaluru,Mangaluru Central,14.5804,75.267,1111602,0,2,0,2023-05-11,2024-05-13,,11,37.4,VEND235,0
WRK00725,Health Sub-Centre - Cuttack South,Health Sub-Centre,Odisha,Cuttack,Cuttack South,19.7011,85.9633,7673077,0,5,0,2022-05-19,2022-12-18,,3,33.1,VEND165,0
WRK00390,Health Sub-Centre - Guwahati West,Health Sub-Centre,Assam,Guwahati,Guwahati West,25.4355,92.9604,9181113,459055,7,5,2022-07-04,2023-04-17,,12,28.4,VEND393,0
WRK03727,Drainage Project - Mangaluru Rural,Drainage Project,Karnataka,Mangaluru,Mangaluru Rural,14.7168,75.477,8165079,6532063,84,80,2024-02-27,2025-07-03,,10,35.5,VEND271,0
WRK03710,Irrigation Canal - Kochi Rural,Irrigation Canal,Kerala,Kochi,Kochi Rural,11.6881,76.791,13466636,12658637,18,94,2023-04-13,2023-09-10,,2,47.3,VEND099,1
WRK02934,Anganwadi Centre - Bhubaneswar North,Anganwadi Centre,Odisha,Bhubaneswar,Bhubaneswar North,20.0422,85.1361,19139615,7655846,32,40,2024-08-30,2025-05-12,,11,21.8,VEND273,0
WRK03476,Anganwadi Centre - Asansol East,Anganwadi Centre,West Bengal,Asansol,Asansol East,22.6502,88.324,11734097,10678028,17,91,2024-09-01,2025-08-08,,3,76.1,VEND101,1
WRK03074,Public Toilet Complex - Indore West,Public Toilet Complex,Madhya Pradesh,Indore,Indore West,24.5502,79.7036,9027654,8937377,23,99,2022-10-11,2023-07-20,,5,51.0,VEND125,1
WRK03919,Drainage Project - Warangal Central,Drainage Project,Telangana,Warangal,Warangal Central,17.2799,79.9602,2662258,2316164,30,87,2022-09-15,2023-01-29,,4,43.4,VEND139,1
WRK01564,Irrigation Canal - Gaya Urban,Irrigation Canal,Bihar,Gaya,Gaya Urban,24.9966,84.1969,8751229,6213372,64,71,2023-11-10,2024-10-18,,5,39.3,VEND067,0
WRK02028,Public Toilet Complex - Dibrugarh Central,Public Toilet Complex,Assam,Dibrugarh,Dibrugarh Central,27.257,92.3256,421160,151617,34,36,2023-07-10,2024-12-02,,8,13.9,VEND362,0
WRK00220,School Building - Mysuru Central,School Building,Karnataka,Mysuru,Mysuru Central,15.0618,75.8431,2618313,864043,29,33,2022-07-13,2023-11-16,,6,16.8,VEND337,0
WRK01570,Irrigation Canal - Solapur Central,Irrigation Canal,Maharashtra,Solapur,Solapur Central,20.6124,74.968,1048222,513628,50,49,2024-08-15,2025-04-29,,6,29.1,VEND294,0
WRK00124,Community Hall - Rourkela East,Community Hall,Odisha,Rourkela,Rourkela East,19.9562,84.6056,2956438,1803427,65,61,2023-05-28,2024-08-20,,5,16.4,VEND316,0
WRK01598,Irrigation Canal - Nashik South,Irrigation Canal,Maharashtra,Nashik,Nashik South,20.7075,74.7276,2192407,263088,18,12,2022-05-04,2023-02-14,,11,38.6,VEND343,0
WRK00367,Anganwadi Centre - Nizamabad North,Anganwadi Centre,Telangana,Nizamabad,Nizamabad North,18.2879,80.6487,897658,502688,61,56,2023-09-26,2024-08-12,,10,27.3,VEND043,0
WRK03560,Anganwadi Centre - Pune North,Anganwadi Centre,Maharashtra,Pune,Pune North,20.1846,75.5823,2337476,1379110,58,59,2023-10-15,2024-12-08,,8,38.1,VEND103,0
WRK01514,Streetlight Installation - Mangaluru Rural,Streetlight Installation,Karnataka,Mangaluru,Mangaluru Rural,15.805,75.5054,7622572,5107123,71,67,2023-06-09,2024-10-31,,12,17.4,VEND269,0
WRK03813,Drainage Project - Indore Central,Drainage Project,Madhya Pradesh,Indore,Indore Central,22.9949,78.3507,14538680,12067104,90,83,2022-10-01,2023-09-22,,5,43.7,VEND178,0
WRK01782,Water Supply Scheme - Bhagalpur East,Water Supply Scheme,Bihar,Bhagalpur,Bhagalpur East,25.6593,86.1889,919260,284970,36,31,2023-05-06,2023-12-06,,10,28.8,VEND095,0
WRK01520,Irrigation Canal - Patiala Urban,Irrigation Canal,Punjab,Patiala,Patiala Urban,31.6583,75.7433,2108211,1033023,48,49,2023-11-08,2025-04-24,,11,32.5,VEND389,0
WRK02834,Community Hall - Mysuru East,Community Hall,Karnataka,Mysuru,Mysuru East,15.4147,76.2839,1863633,819998,41,44,2022-06-23,2023-06-22,,8,31.0,VEND082,0
WRK01965,Public Toilet Complex - Lucknow Central,Public Toilet Complex,Uttar Pradesh,Lucknow,Lucknow Central,25.7766,79.8282,1737957,295452,24,17,2023-11-08,2024-12-16,,8,26.9,VEND342,0
WRK02772,Drainage Project - Vadodara North,Drainage Project,Gujarat,Vadodara,Vadodara North,23.1358,71.4621,2446110,1614432,61,66,2022-09-01,2023-01-10,,10,22.4,VEND158,0
WRK00491,Anganwadi Centre - Thiruvananthapuram Central,Anganwadi Centre,Kerala,Thiruvananthapuram,Thiruvananthapuram Central,10.5656,77.0982,1651882,974610,59,59,2023-05-28,2023-11-12,,8,18.9,VEND042,0
WRK03535,Water Supply Scheme - Nizamabad Urban,Water Supply Scheme,Telangana,Nizamabad,Nizamabad Urban,16.7279,80.6182,17017632,13784281,76,81,2024-05-19,2025-05-27,,9,18.4,VEND305,0
WRK03134,Streetlight Installation - Nizamabad Urban,Streetlight Installation,Telangana,Nizamabad,Nizamabad Urban,16.779,79.7523,8094682,809468,12,10,2023-07-21,2024-06-03,,8,33.0,VEND329,0
WRK01460,School Building - Bhubaneswar North,School Building,Odisha,Bhubaneswar,Bhubaneswar North,21.055,84.4056,1807169,36143,2,2,2024-01-03,2025-02-18,,6,16.0,VEND081,0
WRK01960,Public Toilet Complex - Gorakhpur Central,Public Toilet Complex,Uttar Pradesh,Gorakhpur,Gorakhpur Central,27.408,81.4192,21138225,4016262,14,19,2024-08-15,2025-05-16,,10,18.5,VEND235,0
WRK02767,Community Hall - Gurugram West,Community Hall,Haryana,Gurugram,Gurugram West,29.5334,76.5329,853888,495255,57,58,2024-08-06,2025-02-05,,7,40.3,VEND237,0
WRK02701,Health Sub-Centre - Guwahati Urban,Health Sub-Centre,Assam,Guwahati,Guwahati Urban,27.2998,91.9184,8067676,7341585,95,91,2023-11-12,2024-06-11,,12,14.0,VEND330,0
WRK02820,Water Supply Scheme - Jalandhar West,Water Supply Scheme,Punjab,Jalandhar,Jalandhar West,30.0008,76.2765,1968261,1535243,71,78,2022-11-12,2023-11-30,,11,27.8,VEND262,0
WRK03233,Public Toilet Complex - Bhubaneswar South,Public Toilet Complex,Odisha,Bhubaneswar,Bhubaneswar South,20.0249,84.1736,21768168,21768168,97,100,2023-08-24,2024-02-06,,5,29.1,VEND127,0
WRK00903,Community Hall - Chennai North,Community Hall,Tamil Nadu,Chennai,Chennai North,10.4059,77.9505,2466267,986506,48,40,2023-09-30,2024-12-04,,11,26.9,VEND199,0
WRK02795,Irrigation Canal - Bikaner Urban,Irrigation Canal,Rajasthan,Bikaner,Bikaner Urban,26.9544,73.9947,1133789,918369,73,81,2022-05-30,2023-11-15,,7,34.7,VEND347,0
WRK02574,Road Construction - Patna West,Road Construction,Bihar,Patna,Patna West,25.3579,84.3864,8227362,411368,3,5,2024-04-06,2025-01-15,,11,17.3,VEND098,0
WRK02850,Community Hall - Jodhpur Central,Community Hall,Rajasthan,Jodhpur,Jodhpur Central,27.6866,73.2917,440891,410028,86,93,2024-08-29,2025-01-06,,10,21.9,VEND164,0
WRK02647,Health Sub-Centre - Mangaluru South,Health Sub-Centre,Karnataka,Mangaluru,Mangaluru South,15.9364,75.6288,16578788,2818393,14,17,2023-10-25,2024-08-19,,3,33.7,VEND353,0
WRK00482,Road Construction - Bhopal East,Road Construction,Madhya Pradesh,Bhopal,Bhopal East,24.3116,78.9781,20440679,12060000,57,59,2024-02-01,2025-04-14,,12,14.5,VEND025,0
WRK03587,Irrigation Canal - Bhubaneswar North,Irrigation Canal,Odisha,Bhubaneswar,Bhubaneswar North,20.6321,85.2314,22399585,10527804,55,47,2024-06-15,2025-02-02,,12,32.7,VEND302,0
WRK00018,Public Toilet Complex - Hyderabad Urban,Public Toilet Complex,Telangana,Hyderabad,Hyderabad Urban,17.7162,79.2477,12033132,1443975,9,12,2024-08-29,2025-07-01,,9,30.5,VEND173,0
WRK01136,Irrigation Canal - Kalaburagi South,Irrigation Canal,Karnataka,Kalaburagi,Kalaburagi South,15.0436,75.0686,16407799,14274785,91,87,2022-11-18,2024-04-05,,11,43.0,VEND313,0
WRK03743,Water Supply Scheme - Ahmedabad Urban,Water Supply Scheme,Gujarat,Ahmedabad,Ahmedabad Urban,21.0494,72.2446,17389326,11476955,66,66,2024-05-11,2024-11-09,,8,16.3,VEND306,0
WRK02634,Irrigation Canal - Nagpur Rural,Irrigation Canal,Maharashtra,Nagpur,Nagpur Rural,18.6863,76.2123,23264279,8607783,30,37,2023-07-07,2024-05-08,,7,44.8,VEND358,0
WRK02682,Community Hall - Mumbai North,Community Hall,Maharashtra,Mumbai,Mumbai North,18.5239,76.7491,898591,602055,70,67,2023-10-01,2024-12-30,,8,37.9,VEND089,0
WRK01767,Road Construction - Pune Rural,Road Construction,Maharashtra,Pune,Pune Rural,19.0513,74.979,15860218,13005378,79,82,2023-05-21,2024-09-19,,6,21.0,VEND138,0
WRK00394,Anganwadi Centre - Prayagraj West,Anganwadi Centre,Uttar Pradesh,Prayagraj,Prayagraj West,26.8364,81.1245,21172847,6987039,36,33,2024-07-01,2025-06-12,,9,35.5,VEND213,0
WRK02884,School Building - Nizamabad East,School Building,Telangana,Nizamabad,Nizamabad East,17.4772,79.8277,8599577,8599577,97,100,2022-08-23,2023-09-06,,9,25.0,VEND299,0
WRK01930,Health Sub-Centre - Thiruvananthapuram Rural,Health Sub-Centre,Kerala,Thiruvananthapuram,Thiruvananthapuram Rural,11.6998,76.8523,3587060,2152236,55,60,2023-10-04,2024-04-19,,11,27.5,VEND206,0
WRK03638,Water Supply Scheme - Silchar Urban,Water Supply Scheme,Assam,Silchar,Silchar Urban,27.0752,93.9224,16310436,16310436,8,100,2022-11-28,2023-08-23,,2,69.1,VEND076,1
WRK03335,Streetlight Installation - Mumbai East,Streetlight Installation,Maharashtra,Mumbai,Mumbai East,19.4954,74.5868,21109914,14354741,69,68,2024-02-11,2025-06-01,,10,31.7,VEND081,0
WRK00518,Anganwadi Centre - Jalandhar West,Anganwadi Centre,Punjab,Jalandhar,Jalandhar West,32.2217,74.5392,430249,305476,70,71,2024-02-27,2025-06-19,,8,41.8,VEND005,0
WRK00488,Road Construction - Patiala North,Road Construction,Punjab,Patiala,Patiala North,31.4441,75.973,8297741,4812689,59,58,2023-09-08,2024-06-28,,5,42.6,VEND270,0
WRK01088,Water Supply Scheme - Guwahati Central,Water Supply Scheme,Assam,Guwahati,Guwahati Central,25.7374,92.5881,18007032,11704570,60,65,2023-02-28,2024-03-18,,7,18.0,VEND135,0
WRK00188,Public Toilet Complex - Bengaluru Urban West,Public Toilet Complex,Karnataka,Bengaluru Urban,Bengaluru Urban West,15.0047,75.6104,8127299,8127299,98,100,2022-05-26,2022-10-06,,11,36.8,VEND043,0
WRK03130,Health Sub-Centre - Salem South,Health Sub-Centre,Tamil Nadu,Salem,Salem South,10.6943,77.8055,7026685,4426811,65,63,2023-11-15,2025-02-10,,12,28.1,VEND321,0
WRK01681,Public Toilet Complex - Erode West,Public Toilet Complex,Tamil Nadu,Erode,Erode West,10.7549,79.0728,7636680,2138270,34,28,2022-08-27,2023-02-12,,10,19.5,VEND265,0
WRK03461,Streetlight Installation - Mangaluru Rural,Streetlight Installation,Karnataka,Mangaluru,Mangaluru Rural,16.3698,76.2942,4413224,1235702,23,28,2022-10-28,2024-01-11,,3,38.6,VEND301,0
WRK02271,School Building - Gaya North,School Building,Bihar,Gaya,Gaya North,26.9521,86.094,32513406,32513406,93,100,2023-07-30,2024-10-29,,2,57.9,VEND210,1
WRK01947,Community Hall - Hyderabad South,Community Hall,Telangana,Hyderabad,Hyderabad South,18.7343,80.1518,8978390,1256974,19,14,2024-04-04,2025-06-09,,11,39.7,VEND375,0
WRK00779,Drainage Project - Bengaluru Urban South,Drainage Project,Karnataka,Bengaluru Urban,Bengaluru Urban South,14.262,75.7449,420624,370149,25,88,2023-10-13,2025-03-24,,5,52.5,VEND152,1
WRK02768,Anganwadi Centre - Rajkot South,Anganwadi Centre,Gujarat,Rajkot,Rajkot South,21.9792,70.1562,21579690,21579690,12,100,2022-08-18,2023-07-02,,5,61.5,VEND357,1
WRK00759,School Building - Indore Rural,School Building,Madhya Pradesh,Indore,Indore Rural,24.5485,79.4557,545411,0,0,0,2022-11-27,2023-09-28,,3,22.7,VEND243,0
WRK02713,Streetlight Installation - Ahmedabad West,Streetlight Installation,Gujarat,Ahmedabad,Ahmedabad West,23.3109,69.958,10146218,8522823,87,84,2023-03-23,2023-10-25,,4,23.6,VEND354,0
WRK02301,Road Construction - Silchar West,Road Construction,Assam,Silchar,Silchar West,26.2771,92.6655,19985037,13989525,66,70,2022-11-08,2023-09-22,,3,21.6,VEND027,0
WRK02242,Water Supply Scheme - Surat West,Water Supply Scheme,Gujarat,Surat,Surat West,21.9565,70.3084,5692870,4611224,76,81,2023-09-24,2024-04-15,,11,16.1,VEND395,0
WRK01954,Anganwadi Centre - Dibrugarh Central,Anganwadi Centre,Assam,Dibrugarh,Dibrugarh Central,27.1273,93.7109,1635077,1324412,78,81,2024-05-22,2024-12-15,,12,39.0,VEND071,0
WRK00846,Drainage Project - Cuttack South,Drainage Project,Odisha,Cuttack,Cuttack South,20.6346,85.1002,3417513,751852,22,22,2022-10-11,2023-09-02,,11,31.3,VEND266,0
WRK02880,Community Hall - Muzaffarpur Urban,Community Hall,Bihar,Muzaffarpur,Muzaffarpur Urban,27.0594,85.2912,9314036,8941474,91,96,2023-02-16,2024-02-16,,10,36.9,VEND033,0
WRK00847,Road Construction - Patna Rural,Road Construction,Bihar,Patna,Patna Rural,26.0094,86.2561,950187,123524,14,13,2024-01-22,2024-09-25,,4,11.9,VEND019,0
WRK00099,Drainage Project - Panipat Central,Drainage Project,Haryana,Panipat,Panipat Central,29.7364,77.1772,2846421,2049423,70,72,2024-08-11,2025-12-03,,11,32.1,VEND103,0
WRK03670,Road Construction - Gwalior Urban,Road Construction,Madhya Pradesh,Gwalior,Gwalior Urban,22.4739,77.9772,2369263,189541,16,8,2022-11-01,2024-02-04,,7,16.6,VEND160,0
WRK01907,Irrigation Canal - Hubballi Urban,Irrigation Canal,Karnataka,Hubballi,Hubballi Urban,15.3874,75.5492,2141581,556811,33,26,2024-08-30,2025-03-31,,9,22.6,VEND278,0
WRK00994,School Building - Cuttack Rural,School Building,Odisha,Cuttack,Cuttack Rural,20.1037,85.9104,1785104,1535189,83,86,2023-10-24,2024-09-30,,5,10.9,VEND188,0
WRK00590,Community Hall - Ludhiana South,Community Hall,Punjab,Ludhiana,Ludhiana South,31.0845,75.7854,1960477,666562,30,34,2022-10-25,2023-10-11,,6,20.7,VEND194,0
WRK01828,Community Hall - Warangal East,Community Hall,Telangana,Warangal,Warangal East,18.5592,78.9356,21759676,21324482,24,98,2024-04-05,2025-09-21,,3,66.3,VEND235,1
WRK02125,Community Hall - Guwahati East,Community Hall,Assam,Guwahati,Guwahati East,26.1442,92.3496,1178313,176746,12,15,2022-05-18,2022-11-29,,4,23.2,VEND369,0
WRK00095,Streetlight Installation - Madurai Urban,Streetlight Installation,Tamil Nadu,Madurai,Madurai Urban,11.3838,78.2077,14312379,11879274,75,83,2023-07-13,2024-10-12,,5,43.7,VEND003,0
WRK01132,School Building - Mysuru West,School Building,Karnataka,Mysuru,Mysuru West,15.4314,74.6842,16443327,15127860,91,92,2022-08-02,2023-09-07,,5,40.6,VEND158,0
WRK02856,Community Hall - Nizamabad Urban,Community Hall,Telangana,Nizamabad,Nizamabad Urban,17.4898,79.5815,441749,371069,82,84,2023-09-12,2025-02-12,,12,26.7,VEND226,0
WRK03964,Irrigation Canal - Hyderabad Central,Irrigation Canal,Telangana,Hyderabad,Hyderabad Central,18.2325,80.4558,1044389,678852,62,65,2023-07-26,2024-12-17,,3,14.4,VEND351,0
WRK00896,Public Toilet Complex - Mysuru Urban,Public Toilet Complex,Karnataka,Mysuru,Mysuru Urban,16.2976,75.9792,11531659,10609126,25,92,2023-01-31,2023-07-21,,2,64.1,VEND170,1
WRK03697,Drainage Project - Thrissur Rural,Drainage Project,Kerala,Thrissur,Thrissur Rural,11.529,77.1272,2574681,2033997,86,79,2023-12-07,2025-05-25,,6,32.4,VEND030,0
WRK00519,Irrigation Canal - Dibrugarh Central,Irrigation Canal,Assam,Dibrugarh,Dibrugarh Central,25.5408,92.3023,10735016,6118959,51,57,2022-08-29,2023-12-20,,6,41.1,VEND320,0
WRK03374,School Building - Erode Rural,School Building,Tamil Nadu,Erode,Erode Rural,11.5627,78.6771,2180682,1570091,77,72,2023-12-04,2024-08-31,,6,42.0,VEND321,0
WRK00922,Health Sub-Centre - Siliguri Central,Health Sub-Centre,West Bengal,Siliguri,Siliguri Central,23.0625,87.9904,7135445,1641152,23,23,2022-06-05,2023-05-16,,7,19.1,VEND254,0
WRK01671,Water Supply Scheme - Mangaluru South,Water Supply Scheme,Karnataka,Mangaluru,Mangaluru South,14.1596,76.5046,7550286,7248274,97,96,2023-03-31,2024-05-20,,9,19.6,VEND280,0
WRK01302,Anganwadi Centre - Bhagalpur Rural,Anganwadi Centre,Bihar,Bhagalpur,Bhagalpur Rural,24.905,86.2339,13077598,10069750,76,77,2022-04-11,2023-08-01,,8,23.6,VEND107,0
WRK03732,Drainage Project - Mumbai West,Drainage Project,Maharashtra,Mumbai,Mumbai West,19.3198,75.5396,13008584,5983948,43,46,2024-02-25,2025-05-15,,5,37.8,VEND270,0
WRK03170,Public Toilet Complex - Warangal South,Public Toilet Complex,Telangana,Warangal,Warangal South,17.7094,80.136,5698955,1880655,30,33,2024-03-02,2024-12-31,,7,12.9,VEND205,0
WRK03336,Health Sub-Centre - Bhagalpur North,Health Sub-Centre,Bihar,Bhagalpur,Bhagalpur North,26.7329,85.1962,3572619,857428,18,24,2022-10-29,2024-02-26,,6,32.7,VEND309,0
WRK00007,Anganwadi Centre - Coimbatore Central,Anganwadi Centre,Tamil Nadu,Coimbatore,Coimbatore Central,12.2598,78.5202,5215089,2972600,50,57,2024-07-20,2025-11-22,,3,23.4,VEND219,0
WRK02481,Irrigation Canal - Dibrugarh South,Irrigation Canal,Assam,Dibrugarh,Dibrugarh South,25.4513,93.7632,7749615,4959753,70,64,2022-06-13,2023-02-10,,3,42.1,VEND256,0
WRK02103,Drainage Project - Howrah Rural,Drainage Project,West Bengal,Howrah,Howrah Rural,23.7911,87.0622,8996815,8007165,92,89,2022-06-24,2023-12-06,,6,40.2,VEND061,0
WRK02186,Health Sub-Centre - Bikaner Urban,Health Sub-Centre,Rajasthan,Bikaner,Bikaner Urban,27.7302,74.582,9341316,6071855,67,65,2024-04-22,2025-05-16,,11,16.0,VEND397,0
WRK02631,Irrigation Canal - Bhopal West,Irrigation Canal,Madhya Pradesh,Bhopal,Bhopal West,23.7782,79.5195,7948924,1589784,23,20,2023-03-19,2023-10-01,,6,39.8,VEND209,0
WRK00080,Health Sub-Centre - Kolkata East,Health Sub-Centre,West Bengal,Kolkata,Kolkata East,22.1424,86.7941,21507999,11829399,51,55,2022-10-05,2023-04-01,,10,19.5,VEND198,0
WRK02660,Road Construction - Gwalior South,Road Construction,Madhya Pradesh,Gwalior,Gwalior South,23.748,78.349,907708,735243,79,81,2024-06-18,2025-02-13,,4,25.3,VEND253,0
WRK03446,Health Sub-Centre - Nizamabad Rural,Health Sub-Centre,Telangana,Nizamabad,Nizamabad Rural,16.7087,78.9089,1133137,169970,21,15,2023-11-08,2024-07-17,,12,18.6,VEND294,0
WRK00496,Irrigation Canal - Gwalior East,Irrigation Canal,Madhya Pradesh,Gwalior,Gwalior East,24.1803,78.6487,5131534,5131534,100,100,2024-07-11,2025-09-19,2025-09-21,4,43.5,VEND070,1
WRK00204,Anganwadi Centre - Kochi West,Anganwadi Centre,Kerala,Kochi,Kochi West,11.0561,76.0179,17042637,6476202,41,38,2024-02-27,2024-12-02,,3,36.1,VEND282,0
WRK02314,Public Toilet Complex - Jaipur East,Public Toilet Complex,Rajasthan,Jaipur,Jaipur East,28.1932,73.7023,5718260,686191,9,12,2023-04-09,2023-08-20,,6,33.8,VEND035,0
WRK00020,Health Sub-Centre - Rourkela Urban,Health Sub-Centre,Odisha,Rourkela,Rourkela Urban,21.1543,86.0231,23319677,16790167,75,72,2022-11-15,2024-02-18,,9,20.7,VEND353,0
WRK03709,Health Sub-Centre - Hubballi East,Health Sub-Centre,Karnataka,Hubballi,Hubballi East,15.8215,74.7527,4656617,2700837,56,58,2023-02-17,2023-10-02,,11,44.0,VEND206,0
WRK00561,Irrigation Canal - Rourkela Central,Irrigation Canal,Odisha,Rourkela,Rourkela Central,20.7115,83.8652,7296119,5618011,71,77,2022-12-15,2024-03-27,,3,42.8,VEND329,0
WRK02718,Health Sub-Centre - Faridabad Urban,Health Sub-Centre,Haryana,Faridabad,Faridabad Urban,29.8116,76.0605,1031645,288860,34,28,2022-07-18,2023-06-27,,12,34.5,VEND095,0
WRK03436,Road Construction - Kota North,Road Construction,Rajasthan,Kota,Kota North,28.0015,74.1027,5022105,2209726,48,44,2024-02-18,2025-02-02,,5,39.9,VEND282,0
WRK00091,Streetlight Installation - Guwahati Urban,Streetlight Installation,Assam,Guwahati,Guwahati Urban,27.2653,93.9662,3090569,3090569,98,100,2023-03-06,2024-04-15,,8,35.1,VEND059,0
WRK03245,Drainage Project - Nizamabad South,Drainage Project,Telangana,Nizamabad,Nizamabad South,18.1479,79.9054,7509049,7208687,93,96,2022-05-29,2022-12-31,,6,16.0,VEND047,0
WRK02069,Irrigation Canal - Agra Rural,Irrigation Canal,Uttar Pradesh,Agra,Agra Rural,25.7249,81.8222,7592336,7592336,98,100,2024-02-19,2025-03-17,,12,11.6,VEND005,0
WRK03722,Streetlight Installation - Ludhiana Rural,Streetlight Installation,Punjab,Ludhiana,Ludhiana Rural,31.3113,74.6506,4669712,887245,15,19,2023-01-29,2023-09-09,,3,17.6,VEND191,0
WRK02859,Anganwadi Centre - Belagavi Urban,Anganwadi Centre,Karnataka,Belagavi,Belagavi Urban,14.7721,75.1569,16246292,16246292,4,100,2024-06-28,2025-08-10,,2,73.2,VEND137,1
WRK02903,Streetlight Installation - Aurangabad West,Streetlight Installation,Maharashtra,Aurangabad,Aurangabad West,19.4565,74.9077,8700854,2784273,35,32,2022-04-12,2023-04-03,,4,43.6,VEND127,0
WRK03199,Health Sub-Centre - Gwalior West,Health Sub-Centre,Madhya Pradesh,Gwalior,Gwalior West,22.2377,78.4988,1769222,884611,42,50,2023-01-26,2023-10-15,,7,40.9,VEND389,0
WRK01160,Drainage Project - Nashik North,Drainage Project,Maharashtra,Nashik,Nashik North,20.6518,74.9711,572332,68679,10,12,2023-12-20,2025-02-03,,6,25.5,VEND021,0
WRK00454,Community Hall - Chennai Rural,Community Hall,Tamil Nadu,Chennai,Chennai Rural,11.0891,78.3272,8437342,4218671,49,50,2022-12-16,2024-01-22,,8,41.6,VEND351,0
WRK02891,School Building - Bhagalpur Urban,School Building,Bihar,Bhagalpur,Bhagalpur Urban,24.7269,84.9994,461758,193938,35,42,2023-10-02,2025-03-03,,4,19.1,VEND344,0
WRK01774,Health Sub-Centre - Bengaluru Urban East,Health Sub-Centre,Karnataka,Bengaluru Urban,Bengaluru Urban East,14.7763,76.2328,8493048,2717775,27,32,2022-08-08,2022-12-22,,3,27.7,VEND358,0
WRK01861,Drainage Project - Hyderabad North,Drainage Project,Telangana,Hyderabad,Hyderabad North,17.7695,80.4495,2547940,305752,20,12,2022-09-20,2023-08-28,,4,31.8,VEND334,0
WRK03302,Community Hall - Thiruvananthapuram Rural,Community Hall,Kerala,Thiruvananthapuram,Thiruvananthapuram Rural,9.8015,75.815,1181462,649804,53,55,2022-05-20,2022-11-26,,9,19.6,VEND234,0
WRK02391,Public Toilet Complex - Indore West,Public Toilet Complex,Madhya Pradesh,Indore,Indore West,23.0346,79.5034,459120,459120,8,100,2023-12-13,2024-08-07,,5,66.5,VEND312,1
WRK02826,Irrigation Canal - Belagavi West,Irrigation Canal,Karnataka,Belagavi,Belagavi West,15.2067,75.2468,4772831,2147773,46,45,2024-04-18,2024-09-09,,7,25.4,VEND288,0
WRK02118,Water Supply Scheme - Darjeeling South,Water Supply Scheme,West Bengal,Darjeeling,Darjeeling South,24.0424,88.6965,11241457,2248291,23,20,2022-11-05,2023-09-23,,4,23.7,VEND020,0
WRK02864,Drainage Project - Vadodara West,Drainage Project,Gujarat,Vadodara,Vadodara West,21.3078,70.5364,3287412,1413587,43,43,2022-07-16,2023-03-07,,10,20.8,VEND202,0
WRK02360,Community Hall - Patna Central,Community Hall,Bihar,Patna,Patna Central,26.4628,84.7812,8400467,7812434,22,93,2024-08-04,2025-05-13,,1,83.6,VEND126,1
WRK03097,Drainage Project - Thiruvananthapuram Central,Drainage Project,Kerala,Thiruvananthapuram,Thiruvananthapuram Central,10.0253,77.0953,2459748,2410553,98,98,2024-03-06,2025-04-05,,5,14.5,VEND089,0
WRK03708,Health Sub-Centre - Mangaluru North,Health Sub-Centre,Karnataka,Mangaluru,Mangaluru North,14.1327,75.4886,5108803,5108803,94,100,2024-02-14,2025-07-09,,3,56.5,VEND360,1
WRK02946,Public Toilet Complex - Mangaluru East,Public Toilet Complex,Karnataka,Mangaluru,Mangaluru East,15.5909,74.5085,1141928,125612,17,11,2023-08-24,2024-11-03,,3,40.4,VEND138,0
WRK02583,Community Hall - Patiala Urban,Community Hall,Punjab,Patiala,Patiala Urban,30.3023,74.7309,1827884,511807,21,28,2023-10-21,2025-02-18,,10,26.4,VEND383,0
WRK02176,Community Hall - Mangaluru East,Community Hall,Karnataka,Mangaluru,Mangaluru East,15.6963,76.158,6401312,1344275,16,21,2024-04-09,2025-02-28,,7,26.6,VEND078,0
WRK00645,Water Supply Scheme - Ludhiana Rural,Water Supply Scheme,Punjab,Ludhiana,Ludhiana Rural,31.0444,75.7505,2154025,1163173,58,54,2022-12-24,2024-02-26,,7,18.7,VEND297,0
WRK02816,Anganwadi Centre - Patna Urban,Anganwadi Centre,Bihar,Patna,Patna Urban,24.8256,86.1768,11507675,7134758,70,62,2022-05-15,2023-02-06,,5,37.7,VEND094,0
WRK00797,Irrigation Canal - Kanpur Rural,Irrigation Canal,Uttar Pradesh,Kanpur,Kanpur Rural,26.2209,80.7426,42864535,41578598,90,97,2022-04-15,2023-02-18,,4,60.1,VEND064,1
WRK02756,Drainage Project - Solapur Rural,Drainage Project,Maharashtra,Solapur,Solapur Rural,18.9855,75.0134,8537397,6488421,71,76,2022-09-30,2024-03-10,,4,26.5,VEND360,0
WRK02905,Anganwadi Centre - Pune North,Anganwadi Centre,Maharashtra,Pune,Pune North,20.5219,75.9319,4785521,4737665,27,99,2023-11-07,2025-03-17,,4,71.7,VEND264,1
WRK02806,Irrigation Canal - Bhubaneswar Central,Irrigation Canal,Odisha,Bhubaneswar,Bhubaneswar Central,21.278,84.2671,9557547,4969924,52,52,2022-07-10,2023-01-18,,8,15.3,VEND214,0
WRK00038,Health Sub-Centre - Aurangabad East,Health Sub-Centre,Maharashtra,Aurangabad,Aurangabad East,20.6798,75.0749,1012373,20247,8,2,2024-04-14,2025-09-29,,9,29.5,VEND283,0
WRK02304,Road Construction - Madurai South,Road Construction,Tamil Nadu,Madurai,Madurai South,11.851,77.4933,10735573,2361826,30,22,2024-07-03,2025-11-14,,5,22.8,VEND012,0
WRK01335,Public Toilet Complex - Kolkata West,Public Toilet Complex,West Bengal,Kolkata,Kolkata West,23.5149,87.545,17066755,1024005,8,6,2023-05-08,2023-09-06,,7,42.5,VEND233,0
WRK01457,Drainage Project - Bhopal North,Drainage Project,Madhya Pradesh,Bhopal,Bhopal North,23.5774,78.2419,550965,369146,68,67,2024-06-19,2025-08-19,,3,26.7,VEND142,0
WRK03063,Water Supply Scheme - Indore East,Water Supply Scheme,Madhya Pradesh,Indore,Indore East,24.3066,77.6401,488762,78201,12,16,2023-07-31,2024-11-18,,9,43.4,VEND299,0
WRK03557,Road Construction - Bikaner Central,Road Construction,Rajasthan,Bikaner,Bikaner Central,27.5382,75.149,409648,213016,60,52,2023-03-08,2023-09-11,,5,22.3,VEND318,0
WRK01925,Water Supply Scheme - Gaya North,Water Supply Scheme,Bihar,Gaya,Gaya North,26.2787,86.2019,941938,414452,40,44,2023-11-27,2024-09-04,,6,25.3,VEND238,0
WRK02492,Road Construction - Guwahati East,Road Construction,Assam,Guwahati,Guwahati East,25.6468,92.2825,413978,293924,65,71,2024-06-15,2025-10-06,,4,40.7,VEND002,0
WRK03198,Water Supply Scheme - Jodhpur Central,Water Supply Scheme,Rajasthan,Jodhpur,Jodhpur Central,26.012,74.9923,7627460,4729025,54,62,2023-06-08,2024-05-21,,11,32.7,VEND233,0
WRK03489,Road Construction - Kochi Urban,Road Construction,Kerala,Kochi,Kochi Urban,9.9382,77.0485,3122585,2154583,66,69,2022-11-20,2023-07-28,,10,17.5,VEND169,0
WRK03628,Health Sub-Centre - Ludhiana Rural,Health Sub-Centre,Punjab,Ludhiana,Ludhiana Rural,30.309,74.9459,11261717,7545350,70,67,2024-04-14,2025-04-11,,12,12.1,VEND169,0
WRK03884,Drainage Project - Salem Rural,Drainage Project,Tamil Nadu,Salem,Salem Rural,10.9596,78.6701,850285,76525,10,9,2023-10-09,2025-01-21,,11,44.4,VEND267,0
WRK03700,Water Supply Scheme - Bhagalpur South,Water Supply Scheme,Bihar,Bhagalpur,Bhagalpur South,26.8281,84.3067,6947392,2501061,33,36,2022-12-10,2023-05-21,,9,38.5,VEND050,0
WRK00232,Water Supply Scheme - Bikaner Central,Water Supply Scheme,Rajasthan,Bikaner,Bikaner Central,26.5067,75.2763,8895228,7827800,89,88,2023-03-01,2024-03-12,,5,11.8,VEND375,0
WRK03334,Health Sub-Centre - Patiala East,Health Sub-Centre,Punjab,Patiala,Patiala East,30.335,75.4573,5693288,2618912,45,46,2024-08-12,2025-12-06,,7,35.5,VEND354,0
WRK02237,Water Supply Scheme - Hyderabad Rural,Water Supply Scheme,Telangana,Hyderabad,Hyderabad Rural,16.9966,78.5425,1099169,967268,24,88,2024-06-10,2025-09-28,,5,58.9,VEND003,1
WRK03692,Road Construction - Kota Central,Road Construction,Rajasthan,Kota,Kota Central,28.0826,74.292,4366461,130993,2,3,2023-01-12,2023-06-29,,11,25.0,VEND248,0
WRK02929,Community Hall - Vellore Urban,Community Hall,Tamil Nadu,Vellore,Vellore Urban,10.1373,77.6811,4447794,934036,16,21,2023-04-02,2023-10-02,,5,16.6,VEND017,0
WRK03837,Water Supply Scheme - Howrah Central,Water Supply Scheme,West Bengal,Howrah,Howrah Central,22.1082,87.3585,16006536,13445490,81,84,2022-09-18,2023-11-22,,3,13.0,VEND345,0
WRK02038,Streetlight Installation - Bengaluru Urban Central,Streetlight Installation,Karnataka,Bengaluru Urban,Bengaluru Urban Central,16.4584,76.0289,4327095,4327095,91,100,2024-04-01,2025-06-10,,3,45.8,VEND142,1
WRK01699,Road Construction - Thrissur North,Road Construction,Kerala,Thrissur,Thrissur North,11.7765,76.4097,19256614,0,1,0,2024-05-18,2025-06-16,,10,30.6,VEND203,0
WRK01157,Streetlight Installation - Vadodara East,Streetlight Installation,Gujarat,Vadodara,Vadodara East,21.2191,70.6649,1176589,200020,20,17,2023-04-06,2024-08-24,,8,10.6,VEND098,0
WRK02577,Streetlight Installation - Gaya North,Streetlight Installation,Bihar,Gaya,Gaya North,26.4188,84.9002,1686284,1062358,61,63,2024-06-04,2025-09-25,,11,11.5,VEND349,0
WRK01409,Public Toilet Complex - Thrissur North,Public Toilet Complex,Kerala,Thrissur,Thrissur North,10.9125,76.7147,1640932,1624522,98,99,2024-04-20,2025-09-28,,12,33.2,VEND255,0
WRK03177,Health Sub-Centre - Bhubaneswar North,Health Sub-Centre,Odisha,Bhubaneswar,Bhubaneswar North,20.5643,85.2403,400743,180334,44,45,2022-05-20,2022-12-02,,12,26.6,VEND352,0
WRK01978,Road Construction - Kochi East,Road Construction,Kerala,Kochi,Kochi East,11.8408,76.3017,13077871,2354016,17,18,2023-08-14,2024-01-22,,8,35.5,VEND112,0
WRK00564,Road Construction - Jaipur Central,Road Construction,Rajasthan,Jaipur,Jaipur Central,27.142,74.5078,18252169,16974517,88,93,2024-04-25,2024-12-16,,4,42.1,VEND101,0
WRK00679,Water Supply Scheme - Bikaner North,Water Supply Scheme,Rajasthan,Bikaner,Bikaner North,26.7243,75.078,1966159,1631911,86,83,2023-04-21,2024-03-24,,3,13.4,VEND243,0
WRK00346,Irrigation Canal - Ahmedabad West,Irrigation Canal,Gujarat,Ahmedabad,Ahmedabad West,22.7595,70.2158,14431861,12267081,89,85,2022-05-17,2023-01-16,,3,16.0,VEND026,0
WRK02720,Road Construction - Bhubaneswar West,Road Construction,Odisha,Bhubaneswar,Bhubaneswar West,21.7342,85.4647,8816300,6435899,69,73,2022-08-03,2023-11-22,,6,30.0,VEND134,0
WRK02001,Irrigation Canal - Bhubaneswar Urban,Irrigation Canal,Odisha,Bhubaneswar,Bhubaneswar Urban,21.8743,85.1603,952458,114294,18,12,2022-05-23,2022-12-20,,10,36.1,VEND237,0
WRK00710,Irrigation Canal - Thiruvananthapuram West,Irrigation Canal,Kerala,Thiruvananthapuram,Thiruvananthapuram West,11.0902,77.2288,1018743,101874,7,10,2024-08-16,2025-08-20,,3,31.5,VEND169,0
WRK01736,Irrigation Canal - Patiala Urban,Irrigation Canal,Punjab,Patiala,Patiala Urban,30.2319,75.1227,5006267,300376,3,6,2022-06-14,2023-04-16,,12,25.0,VEND186,0
WRK02610,School Building - Rajkot West,School Building,Gujarat,Rajkot,Rajkot West,22.547,71.648,5010452,2855957,53,57,2022-12-05,2024-05-02,,5,28.7,VEND330,0
WRK01833,Road Construction - Amritsar Urban,Road Construction,Punjab,Amritsar,Amritsar Urban,31.5784,75.8067,5719495,3088527,52,54,2024-03-09,2025-04-03,,5,17.8,VEND228,0
WRK00202,Water Supply Scheme - Hubballi West,Water Supply Scheme,Karnataka,Hubballi,Hubballi West,15.5675,74.5435,3502500,1401000,48,40,2022-10-14,2023-06-19,,4,44.1,VEND366,0
WRK02214,Streetlight Installation - Patna East,Streetlight Installation,Bihar,Patna,Patna East,25.9892,84.3885,973489,837200,81,86,2024-08-14,2025-11-08,,4,20.3,VEND234,0
WRK02351,Irrigation Canal - Bhagalpur West,Irrigation Canal,Bihar,Bhagalpur,Bhagalpur West,25.6917,86.0044,5718768,5432829,96,95,2023-12-05,2025-01-02,,4,60.6,VEND352,1
WRK01502,Road Construction - Gorakhpur North,Road Construction,Uttar Pradesh,Gorakhpur,Gorakhpur North,27.7071,80.3461,15484283,14710068,96,95,2023-11-22,2024-05-14,,3,73.5,VEND269,1
WRK01704,Public Toilet Complex - Nagpur East,Public Toilet Complex,Maharashtra,Nagpur,Nagpur East,19.9053,75.7508,9282270,1021049,16,11,2022-09-27,2023-07-02,,11,34.3,VEND120,0
WRK00535,Irrigation Canal - Warangal West,Irrigation Canal,Telangana,Warangal,Warangal West,18.2424,78.77,15121143,3780285,17,25,2022-08-14,2024-01-06,,10,36.7,VEND342,0
WRK02404,Streetlight Installation - Indore Rural,Streetlight Installation,Madhya Pradesh,Indore,Indore Rural,23.5437,78.1222,481434,332189,65,69,2022-11-26,2023-05-18,,11,37.1,VEND107,0
WRK01127,Road Construction - Cuttack Rural,Road Construction,Odisha,Cuttack,Cuttack Rural,21.5667,85.7736,8132064,1219809,23,15,2024-06-22,2025-01-29,,5,32.2,VEND122,0
WRK03909,Public Toilet Complex - Bengaluru Urban Rural,Public Toilet Complex,Karnataka,Bengaluru Urban,Bengaluru Urban Rural,16.4204,76.1098,1120063,403222,32,36,2022-07-03,2023-01-10,,7,41.6,VEND123,0
WRK02033,Streetlight Installation - Agra East,Streetlight Installation,Uttar Pradesh,Agra,Agra East,25.9934,80.6154,10654008,2876582,32,27,2023-07-05,2023-11-09,,6,35.1,VEND310,0
WRK03124,Health Sub-Centre - Rourkela Central,Health Sub-Centre,Odisha,Rourkela,Rourkela Central,20.0879,84.5028,15015401,10210472,65,68,2024-07-27,2025-02-06,,11,40.1,VEND263,0
WRK01622,Community Hall - Meerut Rural,Community Hall,Uttar Pradesh,Meerut,Meerut Rural,26.1835,81.4874,14486604,10285488,73,71,2022-05-08,2023-02-02,,9,23.3,VEND107,0
WRK02330,Health Sub-Centre - Vadodara Urban,Health Sub-Centre,Gujarat,Vadodara,Vadodara Urban,22.35,70.8651,15303679,6427545,42,42,2024-08-30,2025-02-09,,8,14.4,VEND200,0
WRK00633,Public Toilet Complex - Jodhpur South,Public Toilet Complex,Rajasthan,Jodhpur,Jodhpur South,26.1177,74.4232,1088857,326657,31,30,2022-05-26,2023-08-29,,12,40.5,VEND267,0
WRK03685,Anganwadi Centre - Udaipur North,Anganwadi Centre,Rajasthan,Udaipur,Udaipur North,27.6612,74.9412,8042031,3618913,40,45,2022-11-20,2023-12-09,,10,10.3,VEND028,0
WRK00109,Drainage Project - Aurangabad Urban,Drainage Project,Maharashtra,Aurangabad,Aurangabad Urban,20.1513,76.5087,420224,298359,29,71,2022-04-06,2023-01-20,,1,97.9,VEND306,1
WRK00094,Anganwadi Centre - Lucknow Urban,Anganwadi Centre,Uttar Pradesh,Lucknow,Lucknow Urban,26.0699,79.8665,815585,799273,100,98,2022-11-07,2023-10-27,2023-11-26,8,13.8,VEND213,0
WRK01489,Drainage Project - Jalandhar West,Drainage Project,Punjab,Jalandhar,Jalandhar West,30.1889,75.4938,897483,323093,31,36,2022-09-10,2023-01-18,,5,22.9,VEND372,0
WRK02012,Public Toilet Complex - Chennai Rural,Public Toilet Complex,Tamil Nadu,Chennai,Chennai Rural,10.8825,78.0957,15763550,3152710,12,20,2023-03-02,2024-03-29,,4,11.5,VEND168,0
WRK02275,School Building - Prayagraj South,School Building,Uttar Pradesh,Prayagraj,Prayagraj South,27.8641,80.5762,3306524,198391,7,6,2023-08-22,2024-06-16,,9,13.0,VEND295,0
WRK01381,Anganwadi Centre - Kozhikode West,Anganwadi Centre,Kerala,Kozhikode,Kozhikode West,11.694,75.586,15498634,5889480,38,38,2022-05-23,2023-07-19,,4,38.8,VEND285,0
WRK03609,Public Toilet Complex - Varanasi South,Public Toilet Complex,Uttar Pradesh,Varanasi,Varanasi South,27.2671,81.426,16133198,1613319,8,10,2024-03-13,2024-08-19,,10,22.3,VEND301,0
WRK02243,Public Toilet Complex - Darjeeling Urban,Public Toilet Complex,West Bengal,Darjeeling,Darjeeling Urban,22.8771,86.6889,10819182,0,3,0,2023-03-01,2024-07-18,,10,15.2,VEND260,0
WRK03772,Drainage Project - Cuttack Urban,Drainage Project,Odisha,Cuttack,Cuttack Urban,19.9468,84.8339,20749400,19919424,94,96,2024-07-31,2024-12-01,,7,44.0,VEND257,0
WRK01951,School Building - Dibrugarh South,School Building,Assam,Dibrugarh,Dibrugarh South,25.3774,93.3575,21448400,13941460,59,65,2023-12-28,2024-06-30,,9,14.1,VEND258,0
WRK01022,Community Hall - Rajkot Rural,Community Hall,Gujarat,Rajkot,Rajkot Rural,21.8099,71.9897,8844503,4776031,48,54,2023-07-28,2024-11-01,,6,36.7,VEND050,0
WRK02050,Water Supply Scheme - Ahmedabad Central,Water Supply Scheme,Gujarat,Ahmedabad,Ahmedabad Central,21.7212,71.8278,7860242,1179036,8,15,2023-10-13,2025-03-29,,3,25.9,VEND157,0
WRK03280,School Building - Muzaffarpur North,School Building,Bihar,Muzaffarpur,Muzaffarpur North,26.0409,84.0393,5530137,55301,3,1,2023-02-09,2023-12-23,,9,12.7,VEND265,0
WRK00772,Streetlight Installation - Bhopal Central,Streetlight Installation,Madhya Pradesh,Bhopal,Bhopal Central,23.1376,77.8594,586998,199579,40,34,2022-05-17,2022-10-08,,7,10.3,VEND183,0
WRK03020,Water Supply Scheme - Pune East,Water Supply Scheme,Maharashtra,Pune,Pune East,19.579,76.3217,853032,383864,41,45,2023-07-08,2024-12-07,,3,10.1,VEND066,0
WRK01041,Public Toilet Complex - Hyderabad East,Public Toilet Complex,Telangana,Hyderabad,Hyderabad East,17.3073,80.3773,1700764,1377618,77,81,2024-02-17,2024-07-09,,5,33.7,VEND140,0
WRK01256,Health Sub-Centre - Bhubaneswar South,Health Sub-Centre,Odisha,Bhubaneswar,Bhubaneswar South,21.0819,85.8488,20878502,15032521,73,72,2024-06-09,2025-08-26,,12,31.3,VEND128,0
WRK02892,School Building - Pune North,School Building,Maharashtra,Pune,Pune North,19.4844,75.3344,3058180,1987817,66,65,2022-12-24,2024-03-26,,6,18.5,VEND137,0
WRK01021,Public Toilet Complex - Kanpur Rural,Public Toilet Complex,Uttar Pradesh,Kanpur,Kanpur Rural,27.5615,81.933,2940070,1146627,47,39,2024-08-13,2026-01-12,,10,15.6,VEND052,0
WRK02194,Drainage Project - Mangaluru Urban,Drainage Project,Karnataka,Mangaluru,Mangaluru Urban,14.7432,75.2891,4587922,45879,2,1,2024-01-23,2024-06-11,,12,12.6,VEND378,0
WRK01811,Irrigation Canal - Gurugram North,Irrigation Canal,Haryana,Gurugram,Gurugram North,30.0108,76.8986,401799,325457,43,81,2023-09-07,2025-02-19,,1,79.1,VEND147,1
WRK03346,Public Toilet Complex - Kolkata South,Public Toilet Complex,West Bengal,Kolkata,Kolkata South,23.0858,87.6028,3248954,1364560,41,42,2023-10-29,2024-08-22,,9,22.7,VEND399,0
WRK01217,Irrigation Canal - Indore East,Irrigation Canal,Madhya Pradesh,Indore,Indore East,22.7812,77.5752,543743,467618,82,86,2024-05-27,2024-12-12,,12,37.4,VEND102,0
WRK00983,Health Sub-Centre - Gorakhpur Central,Health Sub-Centre,Uttar Pradesh,Gorakhpur,Gorakhpur Central,26.5144,81.6402,18091918,17730079,97,98,2023-09-14,2024-11-16,,3,77.4,VEND383,1
WRK02313,Streetlight Installation - Ahmedabad East,Streetlight Installation,Gujarat,Ahmedabad,Ahmedabad East,23.2261,70.6385,1135905,272617,19,24,2024-09-01,2025-11-22,,9,10.6,VEND101,0
WRK03790,Public Toilet Complex - Kozhikode East,Public Toilet Complex,Kerala,Kozhikode,Kozhikode East,10.2115,76.1659,1649332,709212,47,43,2023-08-24,2024-06-02,,7,22.4,VEND292,0
WRK01724,School Building - Rajkot West,School Building,Gujarat,Rajkot,Rajkot West,22.3516,72.1651,1155413,831897,65,72,2022-05-17,2022-09-29,,9,14.3,VEND281,0
WRK00881,Streetlight Installation - Ludhiana Central,Streetlight Installation,Punjab,Ludhiana,Ludhiana Central,30.8342,74.6493,2294728,894943,35,39,2023-04-12,2024-07-16,,9,34.4,VEND055,0
WRK00170,Drainage Project - Bhubaneswar Urban,Drainage Project,Odisha,Bhubaneswar,Bhubaneswar Urban,19.8926,85.0588,16181768,3883624,25,24,2022-10-29,2023-06-23,,12,22.5,VEND399,0
WRK01402,Health Sub-Centre - Jalandhar Rural,Health Sub-Centre,Punjab,Jalandhar,Jalandhar Rural,30.6508,74.2462,23943547,11732338,47,49,2024-06-28,2025-09-05,,3,13.7,VEND396,0
WRK00907,Road Construction - Surat East,Road Construction,Gujarat,Surat,Surat East,21.0492,71.8839,470739,357761,77,76,2023-02-16,2023-12-12,,7,14.5,VEND204,0
WRK01785,Public Toilet Complex - Jodhpur North,Public Toilet Complex,Rajasthan,Jodhpur,Jodhpur North,27.8396,73.702,18828600,12238590,65,65,2023-10-22,2024-09-17,,6,10.5,VEND060,0
WRK03025,Irrigation Canal - Asansol Rural,Irrigation Canal,West Bengal,Asansol,Asansol Rural,22.9373,87.9673,5546617,4159962,71,75,2022-05-05,2023-06-27,,6,24.6,VEND168,0
WRK02180,Water Supply Scheme - Belagavi South,Water Supply Scheme,Karnataka,Belagavi,Belagavi South,14.9555,74.8907,8627051,7936886,19,92,2022-07-12,2023-09-02,,2,60.7,VEND227,1
WRK02724,Drainage Project - Thrissur South,Drainage Project,Kerala,Thrissur,Thrissur South,10.5419,75.8695,20553132,13976129,71,68,2024-04-16,2024-08-30,,4,26.1,VEND326,0
WRK03441,Water Supply Scheme - Jodhpur North,Water Supply Scheme,Rajasthan,Jodhpur,Jodhpur North,26.4984,74.2495,7047321,5849276,83,83,2022-10-25,2023-07-01,,6,44.9,VEND267,0
WRK02065,Health Sub-Centre - Mumbai East,Health Sub-Centre,Maharashtra,Mumbai,Mumbai East,18.666,75.2949,17999671,17099687,97,95,2022-04-02,2022-11-14,,3,12.1,VEND010,0
WRK00100,Drainage Project - Meerut Rural,Drainage Project,Uttar Pradesh,Meerut,Meerut Rural,27.4634,80.5179,4477193,3671298,86,82,2024-03-04,2024-12-25,,5,27.6,VEND356,0
WRK01786,Streetlight Installation - Mangaluru West,Streetlight Installation,Karnataka,Mangaluru,Mangaluru West,14.4179,76.1135,8117144,730542,17,9,2022-11-12,2024-04-21,,7,41.4,VEND172,0
WRK00187,Drainage Project - Bhubaneswar Rural,Drainage Project,Odisha,Bhubaneswar,Bhubaneswar Rural,21.1119,85.4392,14634809,13024980,95,89,2024-05-01,2025-08-22,,6,15.8,VEND053,0
WRK01674,Irrigation Canal - Thrissur Central,Irrigation Canal,Kerala,Thrissur,Thrissur Central,11.7319,76.1039,2098729,0,2,0,2022-06-09,2023-05-12,,4,20.5,VEND110,0
WRK00195,Anganwadi Centre - Kozhikode South,Anganwadi Centre,Kerala,Kozhikode,Kozhikode South,10.9677,76.8299,420583,206085,50,49,2023-10-27,2024-10-04,,5,35.0,VEND331,0
WRK00706,Public Toilet Complex - Erode Rural,Public Toilet Complex,Tamil Nadu,Erode,Erode Rural,12.102,78.0972,23121129,9017240,31,39,2024-05-07,2025-02-27,,12,11.5,VEND230,0
WRK00575,Streetlight Installation - Hyderabad South,Streetlight Installation,Telangana,Hyderabad,Hyderabad South,18.3667,78.4973,7790707,3427911,43,44,2023-02-11,2024-04-14,,8,44.0,VEND266,0
WRK02019,Public Toilet Complex - Coimbatore Urban,Public Toilet Complex,Tamil Nadu,Coimbatore,Coimbatore Urban,10.8458,78.1598,500714,295421,62,59,2022-12-02,2023-11-28,,10,11.0,VEND082,0
WRK03163,Streetlight Installation - Vadodara West,Streetlight Installation,Gujarat,Vadodara,Vadodara West,23.0301,72.1689,1124813,281203,33,25,2023-10-13,2024-11-10,,10,10.1,VEND357,0
WRK00805,Water Supply Scheme - Chennai North,Water Supply Scheme,Tamil Nadu,Chennai,Chennai North,11.3803,79.1829,17925957,12189650,66,68,2024-06-18,2025-04-25,,8,16.0,VEND293,0
WRK00937,Road Construction - Kanpur West,Road Construction,Uttar Pradesh,Kanpur,Kanpur West,27.5861,80.1097,5525786,2928666,53,53,2022-09-18,2023-03-18,,11,34.9,VEND241,0
WRK01527,Road Construction - Solapur Central,Road Construction,Maharashtra,Solapur,Solapur Central,18.8343,75.7486,2496803,699104,36,28,2024-08-04,2026-01-25,,8,43.6,VEND340,0
WRK00487,Irrigation Canal - Vadodara Central,Irrigation Canal,Gujarat,Vadodara,Vadodara Central,22.1288,71.1049,2862451,2862451,96,100,2023-06-08,2023-11-21,,8,31.5,VEND223,0
WRK03910,Anganwadi Centre - Cuttack Central,Anganwadi Centre,Odisha,Cuttack,Cuttack Central,21.2402,85.4055,3088588,586831,26,19,2022-09-20,2023-06-24,,4,42.2,VEND324,0
WRK02100,Community Hall - Gaya East,Community Hall,Bihar,Gaya,Gaya East,24.8405,84.633,3577183,2718659,75,76,2023-03-12,2024-06-20,,11,40.6,VEND258,0
WRK03591,Irrigation Canal - Mumbai North,Irrigation Canal,Maharashtra,Mumbai,Mumbai North,19.3417,75.0202,8655951,7444117,82,86,2023-03-10,2024-02-11,,7,25.2,VEND252,0
WRK02057,Public Toilet Complex - Bhopal East,Public Toilet Complex,Madhya Pradesh,Bhopal,Bhopal East,24.4612,79.5309,1960789,1960789,13,100,2023-11-17,2024-05-01,,5,79.7,VEND360,1
WRK00526,Irrigation Canal - Belagavi Central,Irrigation Canal,Karnataka,Belagavi,Belagavi Central,15.9871,74.9833,11488542,5974041,46,52,2022-10-15,2024-03-16,,4,15.1,VEND218,0
WRK01075,Road Construction - Thiruvananthapuram Urban,Road Construction,Kerala,Thiruvananthapuram,Thiruvananthapuram Urban,11.4728,76.6169,18276331,11879615,66,65,2023-07-02,2024-08-15,,6,19.0,VEND379,0
WRK01737,Streetlight Installation - Ahmedabad Central,Streetlight Installation,Gujarat,Ahmedabad,Ahmedabad Central,21.7582,71.6502,11754877,10226742,88,87,2023-04-22,2023-08-31,,5,10.8,VEND045,0
WRK01396,Drainage Project - Solapur North,Drainage Project,Maharashtra,Solapur,Solapur North,19.8075,74.8015,10861456,9775310,88,90,2024-05-28,2025-03-14,,12,18.4,VEND247,0
WRK00856,Health Sub-Centre - Asansol East,Health Sub-Centre,West Bengal,Asansol,Asansol East,22.6378,86.9808,10421647,4793957,45,46,2023-07-14,2023-11-17,,8,41.2,VEND397,0
WRK01129,Streetlight Installation - Muzaffarpur South,Streetlight Installation,Bihar,Muzaffarpur,Muzaffarpur South,24.8853,84.3077,559296,419472,69,75,2023-12-28,2024-09-07,,4,36.1,VEND336,0
WRK01919,Road Construction - Salem West,Road Construction,Tamil Nadu,Salem,Salem West,11.505,78.7029,1188606,47544,1,4,2024-07-02,2025-01-23,,12,33.9,VEND393,0
WRK02762,Irrigation Canal - Jaipur Urban,Irrigation Canal,Rajasthan,Jaipur,Jaipur Urban,27.6328,73.2327,5674479,56744,0,1,2024-01-25,2024-09-07,,11,40.1,VEND076,0
WRK00686,Community Hall - Thiruvananthapuram Urban,Community Hall,Kerala,Thiruvananthapuram,Thiruvananthapuram Urban,10.99,75.2048,2133493,426698,23,20,2024-02-04,2024-08-02,,3,29.4,VEND161,0
WRK03457,Road Construction - Muzaffarpur South,Road Construction,Bihar,Muzaffarpur,Muzaffarpur South,26.9266,84.1267,5854665,2634599,50,45,2023-11-20,2025-02-27,,3,38.0,VEND390,0
WRK01731,Drainage Project - Erode East,Drainage Project,Tamil Nadu,Erode,Erode East,11.3444,77.5548,1117136,111713,11,10,2022-06-28,2023-10-23,,7,10.1,VEND229,0
WRK00559,Public Toilet Complex - Thrissur South,Public Toilet Complex,Kerala,Thrissur,Thrissur South,10.7049,77.075,12773092,11623513,94,91,2022-10-16,2024-01-16,,4,30.6,VEND382,0
WRK02782,Streetlight Installation - Thrissur Central,Streetlight Installation,Kerala,Thrissur,Thrissur Central,11.3864,76.775,1959780,803509,35,41,2024-02-14,2024-06-13,,12,24.4,VEND344,0
WRK00785,Anganwadi Centre - Guwahati South,Anganwadi Centre,Assam,Guwahati,Guwahati South,26.0329,93.3699,2098919,293848,11,14,2023-07-18,2024-10-22,,10,26.4,VEND274,0
WRK03600,Anganwadi Centre - Bhopal Central,Anganwadi Centre,Madhya Pradesh,Bhopal,Bhopal Central,24.5632,79.2492,1156537,254438,24,22,2023-11-21,2025-01-08,,8,18.4,VEND020,0
WRK00360,Anganwadi Centre - Lucknow South,Anganwadi Centre,Uttar Pradesh,Lucknow,Lucknow South,26.3588,80.9174,3583956,788470,28,22,2022-10-22,2023-08-30,,10,30.5,VEND028,0
WRK00858,Streetlight Installation - Amritsar East,Streetlight Installation,Punjab,Amritsar,Amritsar East,31.7198,74.8366,7635878,5955984,73,78,2022-05-02,2023-01-02,,8,17.2,VEND046,0
WRK02573,Health Sub-Centre - Dibrugarh West,Health Sub-Centre,Assam,Dibrugarh,Dibrugarh West,26.9377,93.2254,3579533,3543737,91,99,2023-11-15,2025-03-25,,6,33.2,VEND082,0
WRK01233,Community Hall - Cuttack Central,Community Hall,Odisha,Cuttack,Cuttack Central,21.2238,84.0972,1900542,1862531,91,98,2023-08-14,2024-05-04,,2,72.2,VEND164,1
WRK03487,Anganwadi Centre - Hyderabad Rural,Anganwadi Centre,Telangana,Hyderabad,Hyderabad Rural,17.4826,78.6205,421971,173008,46,41,2024-08-13,2025-11-04,,3,38.7,VEND137,0
WRK02027,Irrigation Canal - Nizamabad Urban,Irrigation Canal,Telangana,Nizamabad,Nizamabad Urban,17.747,80.6327,6654682,0,0,0,2024-01-02,2025-04-20,,5,27.7,VEND391,0
WRK00063,Health Sub-Centre - Mumbai West,Health Sub-Centre,Maharashtra,Mumbai,Mumbai West,19.8735,76.8528,2753338,908601,40,33,2024-01-07,2024-08-04,,3,25.8,VEND108,0
WRK03950,Drainage Project - Hubballi East,Drainage Project,Karnataka,Hubballi,Hubballi East,15.8949,75.8364,5111742,4753920,98,93,2022-10-24,2023-08-23,,4,41.6,VEND072,0
WRK03269,Public Toilet Complex - Warangal East,Public Toilet Complex,Telangana,Warangal,Warangal East,17.572,80.0525,4839739,1839100,37,38,2024-06-05,2025-06-11,,11,34.3,VEND283,0
WRK01090,Anganwadi Centre - Gwalior Urban,Anganwadi Centre,Madhya Pradesh,Gwalior,Gwalior Urban,22.3489,78.2143,2599263,1143675,51,44,2022-04-06,2023-08-29,,9,22.4,VEND072,0
WRK03009,Streetlight Installation - Thiruvananthapuram Rural,Streetlight Installation,Kerala,Thiruvananthapuram,Thiruvananthapuram Rural,10.9994,77.2461,933059,93305,18,10,2022-11-01,2023-12-27,,3,14.7,VEND271,0
WRK01864,Water Supply Scheme - Surat North,Water Supply Scheme,Gujarat,Surat,Surat North,22.3688,70.0286,505499,363959,34,72,2023-06-11,2024-06-16,,1,74.0,VEND334,1
WRK03267,Public Toilet Complex - Rourkela East,Public Toilet Complex,Odisha,Rourkela,Rourkela East,20.1157,83.9306,5586625,5139695,100,92,2024-07-17,2024-11-18,2024-12-10,10,40.3,VEND034,0
WRK02339,Public Toilet Complex - Cuttack South,Public Toilet Complex,Odisha,Cuttack,Cuttack South,20.1058,84.1027,4636509,3941032,81,85,2024-02-08,2024-12-06,,7,43.1,VEND374,0
WRK01611,Public Toilet Complex - Gurugram East,Public Toilet Complex,Haryana,Gurugram,Gurugram East,29.587,77.1146,5985251,5566283,87,93,2023-08-14,2024-10-17,,11,27.6,VEND292,0
WRK03486,Streetlight Installation - Rajkot Central,Streetlight Installation,Gujarat,Rajkot,Rajkot Central,21.7422,72.0258,17331554,16638291,88,96,2022-04-10,2023-01-26,,3,27.1,VEND034,0
WRK02250,Community Hall - Agra East,Community Hall,Uttar Pradesh,Agra,Agra East,27.4327,80.3198,11968063,8377644,70,70,2022-04-10,2022-11-09,,12,25.8,VEND361,0
WRK03881,School Building - Erode East,School Building,Tamil Nadu,Erode,Erode East,10.7965,77.5862,22806447,13683868,60,60,2022-06-07,2023-09-15,,10,38.1,VEND369,0
WRK02658,Water Supply Scheme - Rourkela Urban,Water Supply Scheme,Odisha,Rourkela,Rourkela Urban,20.4993,84.7599,27693228,26585498,91,96,2024-05-19,2025-04-21,,5,41.1,VEND132,1
WRK03055,Anganwadi Centre - Jabalpur Urban,Anganwadi Centre,Madhya Pradesh,Jabalpur,Jabalpur Urban,23.5574,77.586,9760025,4099210,34,42,2024-03-12,2024-09-27,,10,35.1,VEND078,0
WRK03467,Streetlight Installation - Jodhpur East,Streetlight Installation,Rajasthan,Jodhpur,Jodhpur East,26.4042,73.8996,5668511,4251383,82,75,2022-12-15,2023-09-24,,5,18.9,VEND397,0
WRK02669,Anganwadi Centre - Belagavi North,Anganwadi Centre,Karnataka,Belagavi,Belagavi North,15.3018,75.5943,11291000,7790789,74,69,2022-08-29,2023-12-11,,10,31.2,VEND200,0
WRK02722,Road Construction - Gaya Urban,Road Construction,Bihar,Gaya,Gaya Urban,25.8641,84.5151,6637309,530984,1,8,2023-12-09,2024-08-09,,12,24.0,VEND339,0
WRK00727,School Building - Udaipur North,School Building,Rajasthan,Udaipur,Udaipur North,26.6921,73.9419,4065235,3374145,87,83,2024-02-15,2024-06-20,,8,22.6,VEND186,0
WRK01596,Water Supply Scheme - Jaipur Central,Water Supply Scheme,Rajasthan,Jaipur,Jaipur Central,27.9872,74.3298,2590990,1528684,51,59,2024-05-25,2025-05-21,,4,33.3,VEND091,0
WRK03244,Anganwadi Centre - Nashik Rural,Anganwadi Centre,Maharashtra,Nashik,Nashik Rural,19.7126,75.0936,906491,353531,33,39,2024-05-23,2025-08-04,,6,10.9,VEND375,0
WRK01560,Health Sub-Centre - Nagpur Central,Health Sub-Centre,Maharashtra,Nagpur,Nagpur Central,20.3621,75.313,589061,506592,78,86,2024-08-14,2025-12-23,,11,32.0,VEND332,0
WRK02812,Health Sub-Centre - Solapur Urban,Health Sub-Centre,Maharashtra,Solapur,Solapur Urban,20.0853,75.9751,17399568,16181598,97,93,2023-08-18,2024-02-20,,11,32.0,VEND026,0
WRK02089,Drainage Project - Surat Rural,Drainage Project,Gujarat,Surat,Surat Rural,22.7327,72.1506,8078010,2584963,33,32,2023-08-17,2024-02-29,,8,29.5,VEND216,0
WRK02714,Community Hall - Agra North,Community Hall,Uttar Pradesh,Agra,Agra North,27.4045,80.0362,5188242,4461888,78,86,2022-06-18,2023-06-13,,8,19.4,VEND019,0
WRK00014,Community Hall - Jodhpur South,Community Hall,Rajasthan,Jodhpur,Jodhpur South,28.024,74.7455,15422663,14959983,94,97,2023-11-28,2024-09-05,,12,11.0,VEND359,0
WRK00499,Streetlight Installation - Mysuru South,Streetlight Installation,Karnataka,Mysuru,Mysuru South,15.111,76.0268,9571604,765728,2,8,2023-08-10,2024-08-05,,12,18.5,VEND151,0
WRK01938,Public Toilet Complex - Jabalpur Central,Public Toilet Complex,Madhya Pradesh,Jabalpur,Jabalpur Central,23.5015,77.7554,3096956,867147,20,28,2022-07-08,2023-10-04,,6,13.9,VEND282,0
WRK02017,Health Sub-Centre - Surat North,Health Sub-Centre,Gujarat,Surat,Surat North,21.9327,70.8984,502516,236182,48,47,2024-08-29,2025-07-12,,12,27.1,VEND096,0
WRK03224,Water Supply Scheme - Warangal North,Water Supply Scheme,Telangana,Warangal,Warangal North,18.7207,80.4766,1810858,796777,43,44,2023-03-06,2023-12-26,,9,28.2,VEND372,0
WRK01238,School Building - Kanpur North,School Building,Uttar Pradesh,Kanpur,Kanpur North,27.7082,81.986,10368885,10368885,15,100,2023-05-02,2024-02-10,,3,68.3,VEND254,1
WRK00322,Water Supply Scheme - Bhubaneswar Central,Water Supply Scheme,Odisha,Bhubaneswar,Bhubaneswar Central,21.368,85.8643,9305019,2326254,19,25,2023-11-27,2025-04-08,,8,38.3,VEND134,0
WRK03508,Anganwadi Centre - Siliguri West,Anganwadi Centre,West Bengal,Siliguri,Siliguri West,23.9725,87.3001,4258272,1490395,43,35,2022-07-15,2023-10-23,,7,27.9,VEND145,0
WRK02326,Water Supply Scheme - Gaya East,Water Supply Scheme,Bihar,Gaya,Gaya East,25.0794,84.1994,8541675,2306252,30,27,2023-06-24,2024-06-20,,6,35.2,VEND174,0
WRK01207,Road Construction - Guwahati Urban,Road Construction,Assam,Guwahati,Guwahati Urban,26.1376,92.783,20762930,207629,9,1,2023-10-30,2024-12-02,,10,42.8,VEND331,0
WRK00158,Water Supply Scheme - Madurai Urban,Water Supply Scheme,Tamil Nadu,Madurai,Madurai Urban,11.6292,77.5496,12798701,6271363,55,49,2023-07-27,2024-09-26,,4,19.2,VEND190,0
WRK00667,Anganwadi Centre - Rourkela Rural,Anganwadi Centre,Odisha,Rourkela,Rourkela Rural,21.4321,84.4517,463517,463517,100,100,2024-01-30,2025-04-22,2025-04-21,6,19.1,VEND149,0
WRK02040,Community Hall - Silchar West,Community Hall,Assam,Silchar,Silchar West,25.6493,93.6313,4422013,1813025,47,41,2022-10-05,2023-05-03,,10,39.5,VEND074,0
WRK01405,Road Construction - Salem East,Road Construction,Tamil Nadu,Salem,Salem East,11.9443,77.5262,21298543,15760921,80,74,2023-05-23,2024-07-17,,10,39.0,VEND214,0
WRK02815,Road Construction - Jodhpur Rural,Road Construction,Rajasthan,Jodhpur,Jodhpur Rural,28.002,74.3117,1851828,1055541,65,57,2023-03-06,2024-06-14,,5,42.0,VEND265,0
WRK01588,Community Hall - Jodhpur Central,Community Hall,Rajasthan,Jodhpur,Jodhpur Central,27.2662,73.003,5840080,5840080,3,100,2022-06-14,2023-02-10,,4,74.7,VEND036,1
WRK00495,Road Construction - Erode North,Road Construction,Tamil Nadu,Erode,Erode North,10.7022,79.2838,7071494,4737900,61,67,2022-09-23,2023-12-22,,9,40.4,VEND382,0
WRK02405,Irrigation Canal - Bhubaneswar South,Irrigation Canal,Odisha,Bhubaneswar,Bhubaneswar South,20.2575,85.0835,5193261,2336967,42,45,2024-07-28,2025-01-09,,7,32.5,VEND117,0
WRK01071,Streetlight Installation - Kozhikode West,Streetlight Installation,Kerala,Kozhikode,Kozhikode West,10.5665,76.614,8295364,6138569,67,74,2024-01-24,2024-08-17,,5,26.9,VEND195,0
WRK00956,Irrigation Canal - Siliguri West,Irrigation Canal,West Bengal,Siliguri,Siliguri West,22.7868,87.0764,17919914,9139156,44,51,2022-11-27,2024-02-16,,11,33.0,VEND093,0
WRK02400,Road Construction - Gwalior Central,Road Construction,Madhya Pradesh,Gwalior,Gwalior Central,24.1506,78.9955,1019657,836118,81,82,2022-08-24,2023-04-19,,7,22.5,VEND263,0
WRK01886,Irrigation Canal - Patna South,Irrigation Canal,Bihar,Patna,Patna South,25.4153,84.9141,18104206,0,6,0,2022-11-15,2023-12-30,,5,41.4,VEND183,0
WRK00387,Water Supply Scheme - Faridabad Urban,Water Supply Scheme,Haryana,Faridabad,Faridabad Urban,28.5375,76.7273,2064745,227121,19,11,2023-07-14,2024-04-22,,11,44.1,VEND170,0
WRK02171,Community Hall - Rourkela Central,Community Hall,Odisha,Rourkela,Rourkela Central,21.5378,84.0196,4036075,4036075,100,100,2022-08-04,2023-02-04,2023-02-06,4,15.7,VEND297,0
WRK03442,Irrigation Canal - Nizamabad East,Irrigation Canal,Telangana,Nizamabad,Nizamabad East,17.6313,79.48,9137331,2010212,14,22,2023-10-28,2024-04-11,,7,44.4,VEND222,0
WRK01988,Community Hall - Lucknow East,Community Hall,Uttar Pradesh,Lucknow,Lucknow East,26.2781,80.6073,21184253,12710551,68,60,2023-08-14,2024-08-29,,6,16.8,VEND272,0
WRK01563,School Building - Asansol Urban,School Building,West Bengal,Asansol,Asansol Urban,22.3763,87.2421,13406220,13138095,92,98,2023-12-20,2024-05-20,,10,31.4,VEND253,0
WRK03081,Anganwadi Centre - Ludhiana Urban,Anganwadi Centre,Punjab,Ludhiana,Ludhiana Urban,30.4718,76.1426,8827364,8827364,99,100,2024-03-16,2024-10-07,,11,26.8,VEND313,0
WRK02568,Public Toilet Complex - Ludhiana East,Public Toilet Complex,Punjab,Ludhiana,Ludhiana East,31.0045,76.269,5024063,4220212,39,84,2024-01-22,2024-09-09,,2,80.6,VEND026,1
WRK02025,Drainage Project - Jalandhar Rural,Drainage Project,Punjab,Jalandhar,Jalandhar Rural,31.19,74.2183,521805,344391,67,66,2023-07-09,2024-01-04,,12,21.1,VEND109,0
WRK02140,Public Toilet Complex - Varanasi South,Public Toilet Complex,Uttar Pradesh,Varanasi,Varanasi South,27.084,79.9714,495211,242653,53,49,2023-05-16,2024-05-13,,8,31.1,VEND112,0
WRK00637,Streetlight Installation - Amritsar East,Streetlight Installation,Punjab,Amritsar,Amritsar East,31.131,74.3248,3436257,1855578,50,54,2022-06-21,2023-04-21,,5,26.5,VEND217,0
WRK00041,Anganwadi Centre - Faridabad East,Anganwadi Centre,Haryana,Faridabad,Faridabad East,29.3175,76.3205,430143,344114,73,80,2024-01-31,2025-02-02,,3,16.0,VEND207,0
WRK01643,Anganwadi Centre - Jalandhar West,Anganwadi Centre,Punjab,Jalandhar,Jalandhar West,31.8136,74.7466,2469885,1877112,76,76,2024-03-21,2025-02-23,,10,11.0,VEND062,0
WRK03076,Anganwadi Centre - Nizamabad South,Anganwadi Centre,Telangana,Nizamabad,Nizamabad South,16.8744,80.3081,828325,82832,13,10,2024-07-03,2025-06-20,,9,41.1,VEND124,0
WRK00830,Drainage Project - Chennai West,Drainage Project,Tamil Nadu,Chennai,Chennai West,10.4085,78.1464,8230928,987711,4,12,2022-08-13,2023-07-05,,3,21.8,VEND009,0
WRK02555,Drainage Project - Amritsar North,Drainage Project,Punjab,Amritsar,Amritsar North,30.5006,75.7487,2615875,2171176,87,83,2023-07-08,2024-08-15,,6,16.8,VEND331,0
WRK00046,Public Toilet Complex - Gaya Urban,Public Toilet Complex,Bihar,Gaya,Gaya Urban,26.9193,86.0056,1782840,356568,22,20,2023-11-04,2024-03-17,,6,39.3,VEND128,0
WRK01317,Community Hall - Hubballi South,Community Hall,Karnataka,Hubballi,Hubballi South,14.1253,75.4458,14075153,10134110,69,72,2023-07-01,2024-09-30,,11,19.2,VEND035,0
WRK02770,Public Toilet Complex - Amritsar East,Public Toilet Complex,Punjab,Amritsar,Amritsar East,32.2262,74.5792,2369333,473866,17,20,2024-03-30,2025-01-15,,6,25.6,VEND236,0
WRK01580,Anganwadi Centre - Mysuru Urban,Anganwadi Centre,Karnataka,Mysuru,Mysuru Urban,15.4596,76.0589,821130,0,5,0,2023-07-03,2024-04-10,,12,19.3,VEND077,0
WRK03723,Irrigation Canal - Tiruchirappalli Rural,Irrigation Canal,Tamil Nadu,Tiruchirappalli,Tiruchirappalli Rural,12.1069,78.9689,8734251,8210195,86,94,2023-01-30,2023-10-03,,11,19.1,VEND137,0
WRK03564,Streetlight Installation - Gaya East,Streetlight Installation,Bihar,Gaya,Gaya East,26.9208,84.9724,6552995,2555668,43,39,2023-02-28,2023-12-14,,9,26.0,VEND072,0
WRK03158,Streetlight Installation - Rourkela Central,Streetlight Installation,Odisha,Rourkela,Rourkela Central,21.1097,84.2823,2727113,1799894,70,66,2024-06-17,2025-01-08,,3,24.0,VEND078,0
WRK02329,School Building - Varanasi West,School Building,Uttar Pradesh,Varanasi,Varanasi West,26.8961,80.8065,524777,330609,67,63,2023-12-11,2025-02-05,,12,10.3,VEND345,0
WRK03154,Community Hall - Amritsar Urban,Community Hall,Punjab,Amritsar,Amritsar Urban,31.5068,74.1412,8574960,6431220,81,75,2023-11-24,2025-04-03,,12,15.5,VEND194,0
WRK02464,Irrigation Canal - Gorakhpur South,Irrigation Canal,Uttar Pradesh,Gorakhpur,Gorakhpur South,27.2134,81.5777,597433,107537,17,18,2022-07-21,2023-07-11,,3,17.5,VEND294,0
WRK03080,Public Toilet Complex - Chennai East,Public Toilet Complex,Tamil Nadu,Chennai,Chennai East,11.7168,78.7053,8139340,976720,10,12,2023-08-25,2024-08-24,,8,34.6,VEND305,0
WRK00875,Streetlight Installation - Aurangabad Rural,Streetlight Installation,Maharashtra,Aurangabad,Aurangabad Rural,20.6401,76.538,8211778,6733657,86,82,2022-08-18,2023-04-09,,7,32.0,VEND369,0
WRK02687,Community Hall - Ahmedabad West,Community Hall,Gujarat,Ahmedabad,Ahmedabad West,22.0872,71.1309,13518912,5137186,46,38,2023-01-01,2024-02-12,,11,39.3,VEND165,0
WRK01673,Road Construction - Kochi Central,Road Construction,Kerala,Kochi,Kochi Central,10.1291,77.2207,2135452,790117,33,37,2023-06-21,2023-12-28,,10,15.3,VEND386,0
WRK03284,Health Sub-Centre - Darjeeling East,Health Sub-Centre,West Bengal,Darjeeling,Darjeeling East,23.6014,88.9074,440064,220032,45,50,2024-08-15,2025-09-29,,9,11.0,VEND119,0
WRK00182,Community Hall - Silchar Central,Community Hall,Assam,Silchar,Silchar Central,27.3161,91.9983,17945576,14356460,83,80,2023-11-12,2024-12-30,,7,22.4,VEND345,0
WRK01676,Anganwadi Centre - Kanpur West,Anganwadi Centre,Uttar Pradesh,Kanpur,Kanpur West,27.2713,81.3127,6862196,1509683,23,22,2022-04-01,2023-01-20,,3,42.1,VEND165,0
WRK00793,Irrigation Canal - Cuttack East,Irrigation Canal,Odisha,Cuttack,Cuttack East,21.947,85.1008,2366064,1632584,71,69,2023-05-04,2023-09-06,,4,35.3,VEND297,0
WRK00933,Community Hall - Bhubaneswar Rural,Community Hall,Odisha,Bhubaneswar,Bhubaneswar Rural,19.7961,84.4995,17547134,9650923,52,55,2023-06-30,2024-11-06,,4,22.3,VEND259,0
WRK03633,Road Construction - Gurugram South,Road Construction,Haryana,Gurugram,Gurugram South,30.0315,76.8818,8244584,6843004,82,83,2023-12-26,2025-01-08,,7,25.3,VEND258,0
WRK01374,Anganwadi Centre - Thiruvananthapuram South,Anganwadi Centre,Kerala,Thiruvananthapuram,Thiruvananthapuram South,10.252,75.249,5030334,4879423,91,97,2023-03-05,2024-06-05,,7,15.0,VEND391,0
WRK00969,School Building - Faridabad Urban,School Building,Haryana,Faridabad,Faridabad Urban,30.0357,76.7704,8074057,5571099,64,69,2022-06-18,2022-11-22,,3,10.5,VEND278,0
WRK03274,Water Supply Scheme - Silchar South,Water Supply Scheme,Assam,Silchar,Silchar South,26.4739,92.1952,16080366,14954740,11,93,2022-12-03,2023-12-30,,3,56.4,VEND225,1
WRK02191,Road Construction - Jabalpur South,Road Construction,Madhya Pradesh,Jabalpur,Jabalpur South,24.3165,78.5647,8316745,1580181,20,19,2022-07-02,2023-01-24,,7,13.1,VEND292,0
WRK00780,Irrigation Canal - Mumbai East,Irrigation Canal,Maharashtra,Mumbai,Mumbai East,19.8147,76.8495,21903079,1095153,11,5,2023-04-08,2024-02-02,,5,34.9,VEND236,0
WRK00606,Health Sub-Centre - Mangaluru North,Health Sub-Centre,Karnataka,Mangaluru,Mangaluru North,14.2617,75.4297,961559,221158,21,23,2023-09-13,2024-01-16,,9,23.7,VEND057,0
WRK02006,Streetlight Installation - Indore Central,Streetlight Installation,Madhya Pradesh,Indore,Indore Central,24.2125,78.5306,20546553,2054655,10,10,2024-08-02,2025-09-01,,8,30.2,VEND012,0
WRK00663,Streetlight Installation - Nashik North,Streetlight Installation,Maharashtra,Nashik,Nashik North,18.6723,76.1383,1085581,314818,30,29,2024-02-08,2025-03-10,,6,16.0,VEND338,0
WRK00701,Irrigation Canal - Jodhpur Rural,Irrigation Canal,Rajasthan,Jodhpur,Jodhpur Rural,27.1973,75.3765,11140758,6127416,58,55,2023-06-03,2024-09-26,,10,44.5,VEND240,0
WRK03848,Water Supply Scheme - Silchar West,Water Supply Scheme,Assam,Silchar,Silchar West,26.5705,92.87,5290883,3915253,70,74,2023-08-28,2025-02-14,,11,34.3,VEND242,0
WRK01220,Water Supply Scheme - Udaipur South,Water Supply Scheme,Rajasthan,Udaipur,Udaipur South,26.7403,74.9258,488836,53771,8,11,2022-11-05,2023-08-09,,12,41.8,VEND299,0
WRK00578,Health Sub-Centre - Silchar Central,Health Sub-Centre,Assam,Silchar,Silchar Central,26.5351,93.3234,2861413,1573777,53,55,2023-12-22,2024-09-20,,5,13.7,VEND022,0
WRK02226,Road Construction - Gwalior West,Road Construction,Madhya Pradesh,Gwalior,Gwalior West,22.7694,78.0303,5811947,4823916,81,83,2024-04-29,2025-02-04,,3,39.5,VEND327,0
WRK03279,School Building - Surat Central,School Building,Gujarat,Surat,Surat Central,21.6612,70.8161,2921981,2600563,91,89,2024-03-24,2024-12-28,,9,41.2,VEND038,0
WRK03523,Road Construction - Kozhikode Urban,Road Construction,Kerala,Kozhikode,Kozhikode Urban,11.8916,75.1833,1747157,1554969,95,89,2023-02-03,2024-07-18,,3,27.6,VEND389,0
WRK02477,School Building - Kota North,School Building,Rajasthan,Kota,Kota North,27.9606,74.2552,2025590,243070,14,12,2024-06-18,2025-06-26,,5,37.4,VEND051,0
WRK00662,Road Construction - Nizamabad Central,Road Construction,Telangana,Nizamabad,Nizamabad Central,18.7806,79.3895,3149740,377968,11,12,2022-08-09,2023-08-18,,11,44.6,VEND240,0
WRK01769,Road Construction - Nizamabad East,Road Construction,Telangana,Nizamabad,Nizamabad East,18.6228,79.2052,4139381,1904115,53,46,2022-04-11,2022-10-28,,4,21.2,VEND173,0
WRK01608,Irrigation Canal - Jodhpur Rural,Irrigation Canal,Rajasthan,Jodhpur,Jodhpur Rural,26.2679,74.9845,2007108,1485259,67,74,2023-07-24,2024-12-13,,4,17.5,VEND363,0
WRK01065,Drainage Project - Surat Urban,Drainage Project,Gujarat,Surat,Surat Urban,22.9567,72.0466,3078893,2894159,88,94,2023-03-17,2023-12-13,,8,37.6,VEND359,0
WRK02979,Community Hall - Indore Central,Community Hall,Madhya Pradesh,Indore,Indore Central,23.878,77.454,20989007,19099996,87,91,2023-02-08,2023-10-04,,12,10.7,VEND164,0
WRK01216,Anganwadi Centre - Kochi Rural,Anganwadi Centre,Kerala,Kochi,Kochi Rural,11.8291,76.0333,13846216,4015402,23,29,2023-09-12,2024-08-18,,3,34.3,VEND198,0
WRK03620,Anganwadi Centre - Cuttack Urban,Anganwadi Centre,Odisha,Cuttack,Cuttack Urban,21.0628,84.6386,1024370,880958,89,86,2023-12-29,2025-04-25,,5,33.2,VEND292,0
WRK03570,Anganwadi Centre - Jaipur Urban,Anganwadi Centre,Rajasthan,Jaipur,Jaipur Urban,26.0244,73.5061,5485706,713141,7,13,2023-03-05,2024-03-01,,12,20.4,VEND075,0
WRK00400,School Building - Amritsar North,School Building,Punjab,Amritsar,Amritsar North,30.1297,74.1567,2085675,1856250,24,89,2024-05-23,2025-02-08,,2,87.4,VEND290,1
WRK02734,Health Sub-Centre - Howrah East,Health Sub-Centre,West Bengal,Howrah,Howrah East,24.0805,86.6927,1182039,874708,81,74,2022-07-05,2023-10-18,,11,41.8,VEND092,0
WRK02475,Public Toilet Complex - Faridabad East,Public Toilet Complex,Haryana,Faridabad,Faridabad East,27.8242,75.4595,1950924,97546,7,5,2022-12-24,2023-07-11,,8,16.9,VEND218,0
WRK03877,Streetlight Installation - Bhubaneswar North,Streetlight Installation,Odisha,Bhubaneswar,Bhubaneswar North,21.5497,84.0648,4807271,1297963,21,27,2022-09-15,2023-08-27,,12,44.4,VEND125,0
WRK02011,Drainage Project - Aurangabad West,Drainage Project,Maharashtra,Aurangabad,Aurangabad West,19.4853,75.0552,23055226,9913747,40,43,2022-08-16,2023-11-09,,4,18.5,VEND219,0
WRK03156,Road Construction - Nashik North,Road Construction,Maharashtra,Nashik,Nashik North,18.5297,75.4585,5813948,1511626,18,26,2023-10-25,2024-04-26,,6,32.8,VEND228,0
WRK03168,Public Toilet Complex - Rourkela West,Public Toilet Complex,Odisha,Rourkela,Rourkela West,20.7361,84.4048,2460255,467448,25,19,2023-09-10,2024-01-13,,9,23.2,VEND242,0
WRK00111,Public Toilet Complex - Thiruvananthapuram Urban,Public Toilet Complex,Kerala,Thiruvananthapuram,Thiruvananthapuram Urban,11.295,75.1952,4466456,3260512,69,73,2022-09-11,2023-08-09,,4,22.2,VEND110,0
WRK00882,Anganwadi Centre - Rajkot Urban,Anganwadi Centre,Gujarat,Rajkot,Rajkot Urban,21.9099,70.7916,5266145,2211780,36,42,2022-08-30,2023-01-11,,4,29.7,VEND006,0
WRK01745,Health Sub-Centre - Coimbatore South,Health Sub-Centre,Tamil Nadu,Coimbatore,Coimbatore South,10.0313,78.6851,20780905,17040342,90,82,2023-08-22,2023-12-20,,3,12.2,VEND205,0
WRK03500,Road Construction - Amritsar Rural,Road Construction,Punjab,Amritsar,Amritsar Rural,31.031,76.2032,901768,514007,49,57,2024-05-16,2025-09-02,,5,38.3,VEND029,0
WRK01027,Drainage Project - Muzaffarpur North,Drainage Project,Bihar,Muzaffarpur,Muzaffarpur North,24.7832,84.8406,11211404,2690736,20,24,2023-06-06,2024-01-03,,11,39.2,VEND239,0
WRK02355,Public Toilet Complex - Kota Rural,Public Toilet Complex,Rajasthan,Kota,Kota Rural,27.2316,73.7636,2328635,1024599,41,44,2023-05-14,2024-02-23,,10,22.3,VEND089,0
WRK00315,Irrigation Canal - Vadodara North,Irrigation Canal,Gujarat,Vadodara,Vadodara North,23.0275,71.7265,2237438,134246,10,6,2023-08-07,2024-11-22,,11,44.4,VEND385,0
WRK01743,Road Construction - Thiruvananthapuram West,Road Construction,Kerala,Thiruvananthapuram,Thiruvananthapuram West,10.4009,75.7595,4199527,1511829,33,36,2024-07-09,2025-11-03,,7,42.1,VEND054,0
WRK00770,Health Sub-Centre - Belagavi Central,Health Sub-Centre,Karnataka,Belagavi,Belagavi Central,16.1416,76.8566,1609725,531209,36,33,2022-04-29,2022-12-27,,11,13.7,VEND109,0
WRK03383,Anganwadi Centre - Dibrugarh North,Anganwadi Centre,Assam,Dibrugarh,Dibrugarh North,26.2021,92.2561,2102466,1681972,86,80,2023-02-20,2024-02-26,,5,13.9,VEND284,0
WRK00954,Water Supply Scheme - Surat West,Water Supply Scheme,Gujarat,Surat,Surat West,21.8159,70.0895,417797,133695,36,32,2024-04-21,2025-04-30,,6,32.2,VEND046,0
WRK02274,Irrigation Canal - Amritsar West,Irrigation Canal,Punjab,Amritsar,Amritsar West,31.1068,74.2245,415018,16600,12,4,2023-02-18,2024-01-11,,3,27.4,VEND254,0
WRK01413,Health Sub-Centre - Prayagraj South,Health Sub-Centre,Uttar Pradesh,Prayagraj,Prayagraj South,25.9925,80.4299,7365760,2725331,36,37,2022-07-09,2023-12-02,,11,34.2,VEND328,0
WRK03794,Drainage Project - Bikaner West,Drainage Project,Rajasthan,Bikaner,Bikaner West,26.9573,74.1637,8416593,6649108,83,79,2022-06-09,2023-06-01,,8,43.1,VEND199,0
WRK00792,Community Hall - Udaipur South,Community Hall,Rajasthan,Udaipur,Udaipur South,27.4323,73.9796,477122,324442,61,68,2023-03-24,2024-02-21,,11,34.1,VEND083,0
WRK01535,Drainage Project - Patna Central,Drainage Project,Bihar,Patna,Patna Central,24.8733,85.5426,1106217,818600,80,74,2022-06-22,2023-03-19,,8,11.9,VEND209,0
WRK02444,Community Hall - Mysuru South,Community Hall,Karnataka,Mysuru,Mysuru South,16.1238,75.675,1148719,390564,32,34,2024-04-20,2025-06-20,,9,33.8,VEND171,0
WRK01783,Water Supply Scheme - Bhopal Rural,Water Supply Scheme,Madhya Pradesh,Bhopal,Bhopal Rural,22.5035,79.4221,570085,484572,89,85,2024-02-07,2025-03-26,,6,37.6,VEND158,0
WRK02753,Drainage Project - Mangaluru West,Drainage Project,Karnataka,Mangaluru,Mangaluru West,16.4444,76.2754,559057,497560,92,89,2022-12-24,2024-02-05,,6,19.9,VEND107,0
WRK02323,Water Supply Scheme - Hubballi South,Water Supply Scheme,Karnataka,Hubballi,Hubballi South,15.1391,74.6705,17578670,17227096,96,98,2022-04-27,2023-06-29,,3,48.7,VEND074,1
WRK03995,Community Hall - Jodhpur East,Community Hall,Rajasthan,Jodhpur,Jodhpur East,28.1609,74.2092,958625,105448,13,11,2024-02-12,2025-06-26,,5,34.9,VEND379,0
WRK02793,Health Sub-Centre - Nagpur Central,Health Sub-Centre,Maharashtra,Nagpur,Nagpur Central,19.7855,74.6445,1057205,581462,53,55,2022-10-18,2023-07-01,,11,38.5,VEND179,0
WRK02835,Irrigation Canal - Panipat Rural,Irrigation Canal,Haryana,Panipat,Panipat Rural,28.7159,76.2833,9759895,7222322,68,74,2023-08-14,2024-04-30,,7,13.0,VEND352,0
WRK02085,Water Supply Scheme - Kalaburagi Rural,Water Supply Scheme,Karnataka,Kalaburagi,Kalaburagi Rural,16.3106,75.2702,17932819,13808270,72,77,2022-10-23,2023-04-26,,4,22.3,VEND065,0
WRK00942,Irrigation Canal - Mysuru North,Irrigation Canal,Karnataka,Mysuru,Mysuru North,14.9064,75.6176,20866556,19197231,86,92,2023-11-29,2024-10-03,,9,21.2,VEND091,0
WRK02260,Water Supply Scheme - Panipat Rural,Water Supply Scheme,Haryana,Panipat,Panipat Rural,28.5019,76.7159,4098317,3114720,77,76,2023-11-24,2025-04-04,,6,21.2,VEND284,0
WRK00225,Road Construction - Patna Rural,Road Construction,Bihar,Patna,Patna Rural,26.2666,84.4716,1122125,112212,2,10,2023-01-17,2024-03-17,,5,44.8,VEND155,0
WRK01574,Anganwadi Centre - Hubballi Rural,Anganwadi Centre,Karnataka,Hubballi,Hubballi Rural,15.3294,75.6697,2394862,239486,3,10,2023-04-14,2024-02-15,,11,19.2,VEND198,0
WRK01703,Anganwadi Centre - Rourkela Rural,Anganwadi Centre,Odisha,Rourkela,Rourkela Rural,21.776,84.5695,14573513,1748821,6,12,2024-05-10,2025-06-06,,11,22.3,VEND326,0
WRK03391,Irrigation Canal - Bhubaneswar Rural,Irrigation Canal,Odisha,Bhubaneswar,Bhubaneswar Rural,20.1979,84.8392,13421567,3355391,32,25,2023-08-25,2024-02-13,,11,39.4,VEND140,0
WRK02426,Streetlight Installation - Panipat West,Streetlight Installation,Haryana,Panipat,Panipat West,28.672,76.0032,16262548,10895907,68,67,2022-08-23,2023-03-23,,12,10.0,VEND241,0
WRK03182,Road Construction - Agra East,Road Construction,Uttar Pradesh,Agra,Agra East,26.5618,80.1285,1029251,926325,87,90,2024-06-21,2025-11-25,,4,41.5,VEND097,0
WRK01521,Public Toilet Complex - Gwalior North,Public Toilet Complex,Madhya Pradesh,Gwalior,Gwalior North,22.2997,77.8963,16157211,11471619,68,71,2023-01-28,2023-08-10,,12,23.4,VEND292,0
WRK01392,Public Toilet Complex - Solapur Urban,Public Toilet Complex,Maharashtra,Solapur,Solapur Urban,18.5186,75.681,1768775,1344269,77,76,2022-07-08,2023-07-17,,7,11.1,VEND174,0
WRK00257,Health Sub-Centre - Silchar West,Health Sub-Centre,Assam,Silchar,Silchar West,26.3339,92.8357,8135783,4718754,54,58,2023-07-13,2024-03-15,,3,31.3,VEND195,0
WRK01407,Community Hall - Guwahati Urban,Community Hall,Assam,Guwahati,Guwahati Urban,26.0349,93.0663,1979547,712636,32,36,2024-02-14,2025-04-05,,7,10.1,VEND118,0
WRK02430,Streetlight Installation - Howrah West,Streetlight Installation,West Bengal,Howrah,Howrah West,22.8128,86.8125,815763,399723,54,49,2024-01-27,2025-01-03,,11,16.8,VEND358,0
WRK00987,Drainage Project - Asansol Central,Drainage Project,West Bengal,Asansol,Asansol Central,23.1862,87.3971,21718026,21718026,98,100,2023-04-12,2024-06-24,,7,29.6,VEND329,0
WRK00384,Public Toilet Complex - Indore Rural,Public Toilet Complex,Madhya Pradesh,Indore,Indore Rural,22.2182,78.9539,21237544,3822757,22,18,2023-01-18,2023-08-19,,5,18.3,VEND022,0
WRK01464,School Building - Patiala North,School Building,Punjab,Patiala,Patiala North,31.8639,74.9056,8418641,1767914,27,21,2024-05-22,2024-12-08,,5,24.5,VEND223,0
WRK02935,School Building - Vadodara South,School Building,Gujarat,Vadodara,Vadodara South,21.6704,72.1354,4266798,3754782,80,88,2022-07-29,2023-09-18,,3,19.0,VEND186,0
WRK01005,Irrigation Canal - Silchar North,Irrigation Canal,Assam,Silchar,Silchar North,27.2722,92.6605,9063713,725097,14,8,2023-07-19,2023-12-31,,5,35.5,VEND096,0
WRK01726,Health Sub-Centre - Panipat East,Health Sub-Centre,Haryana,Panipat,Panipat East,29.3343,76.8483,576441,438095,82,76,2024-01-26,2024-09-26,,12,27.9,VEND025,0
WRK02533,Anganwadi Centre - Muzaffarpur Rural,Anganwadi Centre,Bihar,Muzaffarpur,Muzaffarpur Rural,26.5102,85.0317,905584,371289,44,41,2023-03-15,2023-08-11,,10,32.7,VEND389,0
WRK02890,Health Sub-Centre - Meerut North,Health Sub-Centre,Uttar Pradesh,Meerut,Meerut North,26.3631,81.0292,816933,171555,26,21,2022-08-26,2023-01-22,,12,17.6,VEND370,0
WRK00757,Health Sub-Centre - Rajkot Central,Health Sub-Centre,Gujarat,Rajkot,Rajkot Central,21.3003,71.9411,18192572,18192572,12,100,2022-08-20,2024-02-01,,5,62.0,VEND276,1
WRK03901,Drainage Project - Jaipur Rural,Drainage Project,Rajasthan,Jaipur,Jaipur Rural,28.1274,73.4718,6444231,2126596,37,33,2022-10-26,2023-07-11,,4,12.7,VEND240,0
WRK01029,Streetlight Installation - Muzaffarpur North,Streetlight Installation,Bihar,Muzaffarpur,Muzaffarpur North,26.8497,84.6135,8444548,4728946,51,56,2024-01-30,2025-05-07,,3,20.6,VEND133,0
WRK00004,School Building - Rourkela South,School Building,Odisha,Rourkela,Rourkela South,20.2096,84.2364,5234963,628195,17,12,2023-07-18,2024-01-06,,3,12.2,VEND400,0
WRK03389,Road Construction - Bengaluru Urban South,Road Construction,Karnataka,Bengaluru Urban,Bengaluru Urban South,15.0885,76.2186,908187,417766,54,46,2024-08-10,2025-03-29,,11,14.3,VEND141,0
WRK00008,Water Supply Scheme - Nagpur South,Water Supply Scheme,Maharashtra,Nagpur,Nagpur South,18.9093,74.6561,3530642,1871240,57,53,2023-01-07,2023-09-27,,3,31.5,VEND316,0
WRK00930,Water Supply Scheme - Patna Rural,Water Supply Scheme,Bihar,Patna,Patna Rural,25.3318,83.9016,821405,632481,83,77,2023-04-26,2024-09-17,,4,43.6,VEND115,0
WRK02661,Road Construction - Salem East,Road Construction,Tamil Nadu,Salem,Salem East,11.3174,78.8644,22349739,19667770,92,88,2024-03-30,2025-01-12,,5,42.0,VEND361,0
WRK00404,School Building - Amritsar Urban,School Building,Punjab,Amritsar,Amritsar Urban,32.279,74.4081,2082575,478992,21,23,2023-12-05,2025-04-23,,8,38.9,VEND351,0
WRK03419,Streetlight Installation - Kochi Central,Streetlight Installation,Kerala,Kochi,Kochi Central,11.5777,76.3319,879033,342822,33,39,2022-09-10,2023-01-11,,9,26.5,VEND195,0
WRK02933,Water Supply Scheme - Faridabad East,Water Supply Scheme,Haryana,Faridabad,Faridabad East,29.3555,75.6743,1024382,71706,11,7,2023-12-05,2024-09-06,,11,22.0,VEND247,0
WRK02376,School Building - Siliguri South,School Building,West Bengal,Siliguri,Siliguri South,23.9769,88.7654,8964533,1434325,24,16,2024-08-17,2025-07-30,,9,24.1,VEND303,0
WRK03924,Streetlight Installation - Surat West,Streetlight Installation,Gujarat,Surat,Surat West,21.3895,69.9298,457796,279255,60,61,2023-06-19,2023-10-25,,4,11.4,VEND301,0
WRK03871,Road Construction - Surat Urban,Road Construction,Gujarat,Surat,Surat Urban,22.1639,71.0255,886673,53200,5,6,2022-09-22,2023-04-17,,4,26.9,VEND174,0
WRK02775,Anganwadi Centre - Bhubaneswar Urban,Anganwadi Centre,Odisha,Bhubaneswar,Bhubaneswar Urban,21.3201,86.1498,997297,528567,45,53,2023-04-17,2024-03-05,,5,18.5,VEND149,0
WRK01735,Anganwadi Centre - Kochi Central,Anganwadi Centre,Kerala,Kochi,Kochi Central,11.3683,76.0882,1035257,631506,66,61,2023-10-24,2024-12-01,,10,28.5,VEND350,0
WRK02688,Streetlight Installation - Mysuru South,Streetlight Installation,Karnataka,Mysuru,Mysuru South,16.039,74.9011,22242074,9119250,47,41,2022-04-07,2023-05-02,,4,40.9,VEND300,0
WRK03108,Public Toilet Complex - Bhubaneswar South,Public Toilet Complex,Odisha,Bhubaneswar,Bhubaneswar South,21.5309,85.2591,523101,324322,64,62,2022-05-20,2023-03-02,,10,32.7,VEND326,0
WRK03306,Irrigation Canal - Lucknow Urban,Irrigation Canal,Uttar Pradesh,Lucknow,Lucknow Urban,27.7271,80.3516,17451664,6108082,38,35,2023-07-13,2024-05-13,,7,40.6,VEND251,0
WRK01948,Streetlight Installation - Varanasi South,Streetlight Installation,Uttar Pradesh,Varanasi,Varanasi South,27.046,80.41,22724828,19770600,93,87,2024-04-24,2025-06-25,,11,26.7,VEND363,0
WRK02470,Irrigation Canal - Kolkata Urban,Irrigation Canal,West Bengal,Kolkata,Kolkata Urban,23.5784,87.6928,1910361,1681117,88,88,2023-10-11,2025-03-22,,4,35.5,VEND037,0
WRK01505,Drainage Project - Mumbai North,Drainage Project,Maharashtra,Mumbai,Mumbai North,18.627,76.1827,5253605,1208329,15,23,2023-12-10,2024-05-14,,12,20.0,VEND277,0
WRK03915,Community Hall - Coimbatore Rural,Community Hall,Tamil Nadu,Coimbatore,Coimbatore Rural,10.7547,79.713,1139211,0,5,0,2022-06-23,2023-05-21,,7,36.7,VEND096,0
WRK00373,Irrigation Canal - Bhagalpur West,Irrigation Canal,Bihar,Bhagalpur,Bhagalpur West,25.3928,84.1619,961656,413512,46,43,2022-05-12,2023-03-15,,11,34.7,VEND288,0
WRK02463,Irrigation Canal - Howrah Rural,Irrigation Canal,West Bengal,Howrah,Howrah Rural,22.9025,87.372,9505550,2376387,21,25,2024-07-30,2025-10-17,,7,22.1,VEND208,0
WRK01733,Public Toilet Complex - Bhopal East,Public Toilet Complex,Madhya Pradesh,Bhopal,Bhopal East,22.8343,78.0894,5740049,3444029,55,60,2024-05-18,2024-12-23,,11,17.1,VEND284,0
WRK01323,Anganwadi Centre - Gorakhpur East,Anganwadi Centre,Uttar Pradesh,Gorakhpur,Gorakhpur East,26.6807,80.3061,596930,286526,55,48,2022-06-01,2023-10-19,,8,37.3,VEND015,0
WRK00319,Irrigation Canal - Howrah North,Irrigation Canal,West Bengal,Howrah,Howrah North,22.086,88.1636,4537986,4220326,93,93,2024-05-07,2025-02-06,,3,32.0,VEND297,0
WRK02818,Road Construction - Rourkela East,Road Construction,Odisha,Rourkela,Rourkela East,21.8052,84.7486,11499908,229998,2,2,2024-04-05,2025-05-26,,4,32.2,VEND374,0
WRK01721,School Building - Bhopal South,School Building,Madhya Pradesh,Bhopal,Bhopal South,23.6306,77.6152,12538205,9654417,70,77,2024-01-22,2025-04-23,,3,23.7,VEND081,0
WRK01449,Public Toilet Complex - Hyderabad Urban,Public Toilet Complex,Telangana,Hyderabad,Hyderabad Urban,17.4886,79.7454,8886059,7197707,73,81,2024-08-24,2025-11-01,,5,32.0,VEND271,0
WRK02888,Health Sub-Centre - Jalandhar West,Health Sub-Centre,Punjab,Jalandhar,Jalandhar West,31.421,74.6335,10460506,2719731,23,26,2024-03-17,2024-11-01,,8,19.8,VEND040,0
WRK00428,Anganwadi Centre - Muzaffarpur East,Anganwadi Centre,Bihar,Muzaffarpur,Muzaffarpur East,26.674,84.2181,7403928,0,4,0,2023-06-28,2024-06-17,,5,29.5,VEND400,0
WRK01917,Community Hall - Gwalior Urban,Community Hall,Madhya Pradesh,Gwalior,Gwalior Urban,23.1535,78.2084,885090,805431,32,91,2022-10-17,2024-02-27,,3,79.0,VEND151,1
WRK02937,Road Construction - Nagpur East,Road Construction,Maharashtra,Nagpur,Nagpur East,20.8965,75.5394,2888569,1790912,54,62,2023-08-05,2024-09-13,,10,29.1,VEND015,0
WRK00824,Road Construction - Kozhikode West,Road Construction,Kerala,Kozhikode,Kozhikode West,10.3103,76.1021,8717013,4009825,41,46,2022-07-27,2023-02-24,,5,22.5,VEND038,0
WRK03991,Streetlight Installation - Thiruvananthapuram West,Streetlight Installation,Kerala,Thiruvananthapuram,Thiruvananthapuram West,11.3716,76.7626,10282211,102822,3,1,2024-06-23,2025-08-25,,9,24.8,VEND202,0
WRK03699,Road Construction - Nagpur West,Road Construction,Maharashtra,Nagpur,Nagpur West,20.4795,76.8862,2365198,236519,15,10,2023-01-15,2024-02-09,,6,12.1,VEND262,0
WRK03847,Irrigation Canal - Jaipur East,Irrigation Canal,Rajasthan,Jaipur,Jaipur East,26.0486,74.3032,460840,198161,49,43,2024-04-16,2025-08-29,,11,11.7,VEND194,0
WRK00263,School Building - Indore West,School Building,Madhya Pradesh,Indore,Indore West,22.9567,78.6948,7420008,6307006,88,85,2022-12-13,2023-09-24,,4,13.2,VEND362,0
WRK03716,Anganwadi Centre - Lucknow East,Anganwadi Centre,Uttar Pradesh,Lucknow,Lucknow East,26.1548,80.646,888329,0,6,0,2023-01-15,2024-07-01,,9,10.3,VEND291,0
WRK03624,School Building - Mumbai East,School Building,Maharashtra,Mumbai,Mumbai East,20.3471,75.2683,23044659,0,0,0,2024-04-27,2024-11-23,,5,20.2,VEND055,0
WRK02974,Water Supply Scheme - Nashik Urban,Water Supply Scheme,Maharashtra,Nashik,Nashik Urban,19.3693,75.0219,9285479,5385577,59,58,2024-04-29,2025-01-28,,9,21.4,VEND022,0
WRK00172,Water Supply Scheme - Vadodara West,Water Supply Scheme,Gujarat,Vadodara,Vadodara West,23.0772,71.861,498149,194278,35,39,2024-05-22,2025-06-07,,6,36.3,VEND066,0
WRK01922,Streetlight Installation - Varanasi South,Streetlight Installation,Uttar Pradesh,Varanasi,Varanasi South,26.1385,80.8852,12677148,4690544,40,37,2023-08-23,2024-08-19,,5,41.9,VEND291,0
WRK01750,Water Supply Scheme - Jaipur Central,Water Supply Scheme,Rajasthan,Jaipur,Jaipur Central,28.0444,73.872,1893310,132531,13,7,2024-08-12,2025-08-04,,8,16.5,VEND042,0
WRK03823,Health Sub-Centre - Thrissur Central,Health Sub-Centre,Kerala,Thrissur,Thrissur Central,10.5265,77.2238,2354802,141288,13,6,2024-02-14,2025-02-14,,12,42.1,VEND097,0
WRK03686,School Building - Cuttack Rural,School Building,Odisha,Cuttack,Cuttack Rural,21.528,84.0558,15633748,4846461,25,31,2024-05-26,2025-03-23,,11,33.0,VEND096,0
WRK02023,Community Hall - Jaipur North,Community Hall,Rajasthan,Jaipur,Jaipur North,26.9487,73.1072,13753818,8389828,69,61,2024-02-15,2025-03-27,,5,27.2,VEND110,0
WRK00914,Streetlight Installation - Dibrugarh West,Streetlight Installation,Assam,Dibrugarh,Dibrugarh West,25.6766,92.5731,8720019,2616005,26,30,2022-05-16,2023-01-05,,5,33.1,VEND273,0
WRK01519,Streetlight Installation - Gurugram Rural,Streetlight Installation,Haryana,Gurugram,Gurugram Rural,29.022,74.8592,14336338,3584084,21,25,2022-12-18,2024-02-09,,12,34.7,VEND320,0
WRK01144,Streetlight Installation - Bhagalpur North,Streetlight Installation,Bihar,Bhagalpur,Bhagalpur North,26.8363,85.4655,15291530,4281628,21,28,2023-06-11,2024-08-03,,7,17.9,VEND053,0
WRK03181,Water Supply Scheme - Jalandhar Rural,Water Supply Scheme,Punjab,Jalandhar,Jalandhar Rural,32.2502,75.6718,2870878,2698625,22,94,2022-05-28,2023-02-16,,2,54.0,VEND369,1
WRK00720,Community Hall - Rourkela South,Community Hall,Odisha,Rourkela,Rourkela South,21.2375,85.3998,3078102,430934,14,14,2023-01-13,2024-06-08,,6,33.3,VEND220,0
WRK02980,Irrigation Canal - Guwahati Rural,Irrigation Canal,Assam,Guwahati,Guwahati Rural,26.1561,92.6616,16926741,15403334,88,91,2022-10-05,2024-03-13,,5,28.0,VEND286,0
WRK01334,Streetlight Installation - Jodhpur West,Streetlight Installation,Rajasthan,Jodhpur,Jodhpur West,26.2336,75.2744,18609764,14887811,54,80,2024-04-04,2024-12-18,,1,77.6,VEND037,1
WRK02527,Health Sub-Centre - Rourkela Rural,Health Sub-Centre,Odisha,Rourkela,Rourkela Rural,20.4102,85.5209,16871170,7423314,48,44,2023-06-15,2023-12-02,,5,39.5,VEND193,0
WRK00395,School Building - Aurangabad Central,School Building,Maharashtra,Aurangabad,Aurangabad Central,18.9195,75.3659,16619668,7478850,38,45,2022-08-26,2023-04-09,,11,44.5,VEND034,0
WRK01418,Public Toilet Complex - Aurangabad Urban,Public Toilet Complex,Maharashtra,Aurangabad,Aurangabad Urban,18.7477,75.9041,1150851,1139342,96,99,2022-10-16,2023-10-16,,3,21.9,VEND200,0
WRK00542,Water Supply Scheme - Bengaluru Urban Central,Water Supply Scheme,Karnataka,Bengaluru Urban,Bengaluru Urban Central,15.8404,75.2752,9535303,2193119,23,23,2023-01-18,2023-07-30,,4,15.4,VEND209,0
WRK02133,Health Sub-Centre - Surat North,Health Sub-Centre,Gujarat,Surat,Surat North,21.3927,70.1998,8049702,402485,13,5,2022-06-06,2023-05-18,,10,17.1,VEND257,0
WRK00791,Community Hall - Rajkot Central,Community Hall,Gujarat,Rajkot,Rajkot Central,21.016,71.7535,3241367,518618,23,16,2024-02-15,2024-10-24,,4,41.3,VEND220,0
WRK00255,Anganwadi Centre - Vadodara South,Anganwadi Centre,Gujarat,Vadodara,Vadodara South,23.0381,70.4992,21173319,2964264,17,14,2023-08-17,2024-08-13,,6,17.9,VEND210,0
WRK00995,Health Sub-Centre - Dibrugarh Urban,Health Sub-Centre,Assam,Dibrugarh,Dibrugarh Urban,26.2058,93.4556,18504401,18504401,6,100,2024-04-15,2025-03-18,,5,55.0,VEND383,1
WRK01448,Anganwadi Centre - Kozhikode Rural,Anganwadi Centre,Kerala,Kozhikode,Kozhikode Rural,11.6606,77.3106,2811961,1884013,72,67,2022-04-21,2022-09-20,,6,41.5,VEND130,0
WRK03064,Water Supply Scheme - Nagpur East,Water Supply Scheme,Maharashtra,Nagpur,Nagpur East,19.0906,76.1301,20980750,1888267,7,9,2023-12-10,2025-03-06,,3,31.7,VEND089,0
WRK00127,Drainage Project - Amritsar North,Drainage Project,Punjab,Amritsar,Amritsar North,30.8869,75.5467,2258029,587087,24,26,2023-12-26,2024-05-29,,10,25.8,VEND316,0
WRK02947,Streetlight Installation - Muzaffarpur South,Streetlight Installation,Bihar,Muzaffarpur,Muzaffarpur South,25.6158,85.6761,1900518,1634445,94,86,2023-02-22,2024-05-19,,4,22.4,VEND208,0
WRK03572,Health Sub-Centre - Bhagalpur Rural,Health Sub-Centre,Bihar,Bhagalpur,Bhagalpur Rural,26.8569,86.2945,1669394,1085106,73,65,2024-04-26,2024-10-19,,5,35.2,VEND156,0
WRK03052,Streetlight Installation - Meerut North,Streetlight Installation,Uttar Pradesh,Meerut,Meerut North,26.1872,81.7214,7139009,71390,3,1,2024-06-03,2025-09-14,,6,22.6,VEND001,0
WRK03109,Drainage Project - Howrah East,Drainage Project,West Bengal,Howrah,Howrah East,21.9421,88.0097,1827162,1790618,97,98,2024-04-27,2024-09-23,,3,77.5,VEND383,1
WRK00894,Public Toilet Complex - Jodhpur Rural,Public Toilet Complex,Rajasthan,Jodhpur,Jodhpur Rural,28.0111,74.3997,12569450,4147918,26,33,2023-08-22,2024-03-26,,11,22.3,VEND317,0
WRK00589,Health Sub-Centre - Nagpur Rural,Health Sub-Centre,Maharashtra,Nagpur,Nagpur Rural,19.7758,76.6117,11496890,7817885,61,68,2023-09-21,2025-01-08,,10,19.4,VEND206,0
WRK01557,Streetlight Installation - Bikaner West,Streetlight Installation,Rajasthan,Bikaner,Bikaner West,26.5164,74.6137,2733734,136686,5,5,2024-05-13,2025-07-11,,6,25.0,VEND312,0
WRK02009,Road Construction - Bikaner Central,Road Construction,Rajasthan,Bikaner,Bikaner Central,26.0843,73.0327,18000659,16920619,20,94,2024-05-12,2025-09-13,,2,75.9,VEND345,1
WRK01115,Drainage Project - Guwahati West,Drainage Project,Assam,Guwahati,Guwahati West,26.2085,91.8635,1130372,158252,10,14,2022-11-21,2024-03-14,,10,10.6,VEND141,0
WRK00029,Drainage Project - Panipat Central,Drainage Project,Haryana,Panipat,Panipat Central,28.5095,75.0532,3471070,1284295,38,37,2024-02-06,2024-10-27,,4,11.7,VEND293,0
WRK00269,Public Toilet Complex - Bhopal South,Public Toilet Complex,Madhya Pradesh,Bhopal,Bhopal South,23.2026,78.4113,5464543,4262343,80,78,2023-01-10,2024-03-22,,3,16.5,VEND029,0
WRK02702,Anganwadi Centre - Nashik North,Anganwadi Centre,Maharashtra,Nashik,Nashik North,20.8933,75.7596,8288957,2320907,28,28,2023-03-04,2024-05-03,,4,11.5,VEND136,0
WRK03001,Streetlight Installation - Kochi West,Streetlight Installation,Kerala,Kochi,Kochi West,9.6451,77.3374,4385059,0,4,0,2022-09-28,2023-10-21,,10,43.2,VEND366,0
WRK03856,School Building - Amritsar Rural,School Building,Punjab,Amritsar,Amritsar Rural,29.9763,75.1828,8945304,0,0,0,2023-01-24,2024-06-20,,4,15.9,VEND024,0
WRK01172,School Building - Bikaner North,School Building,Rajasthan,Bikaner,Bikaner North,25.9181,73.5546,17101037,12312746,67,72,2023-12-20,2024-05-20,,5,35.6,VEND128,0
WRK02342,Irrigation Canal - Gwalior North,Irrigation Canal,Madhya Pradesh,Gwalior,Gwalior North,24.2495,77.8133,426413,179093,40,42,2024-04-27,2025-07-08,,3,40.3,VEND306,0
WRK01297,Community Hall - Amritsar Rural,Community Hall,Punjab,Amritsar,Amritsar Rural,31.8324,74.5459,18159212,17251251,97,95,2024-03-01,2025-06-27,,4,69.3,VEND192,1
WRK01123,Health Sub-Centre - Faridabad South,Health Sub-Centre,Haryana,Faridabad,Faridabad South,29.8515,77.0858,1906227,781553,46,41,2024-02-02,2025-03-04,,10,27.2,VEND293,0
WRK02122,Road Construction - Kanpur East,Road Construction,Uttar Pradesh,Kanpur,Kanpur East,26.0986,79.7487,20109630,13272355,66,66,2024-07-11,2025-10-06,,5,19.9,VEND109,0
WRK02458,School Building - Thiruvananthapuram West,School Building,Kerala,Thiruvananthapuram,Thiruvananthapuram West,11.3798,75.9275,2242373,2107830,86,94,2023-03-29,2023-11-18,,4,13.6,VEND264,0
WRK00599,Streetlight Installation - Warangal Rural,Streetlight Installation,Telangana,Warangal,Warangal Rural,18.3046,79.9288,1155215,138625,10,12,2023-03-15,2024-08-21,,6,25.0,VEND358,0
WRK01453,Community Hall - Kota Urban,Community Hall,Rajasthan,Kota,Kota Urban,26.3038,74.8934,8703561,5396207,63,62,2023-09-28,2024-07-14,,9,43.5,VEND009,0
WRK01124,Public Toilet Complex - Kanpur South,Public Toilet Complex,Uttar Pradesh,Kanpur,Kanpur South,27.614,80.0488,2408800,409496,18,17,2022-08-11,2024-01-25,,4,36.0,VEND368,0
WRK01876,Drainage Project - Gaya West,Drainage Project,Bihar,Gaya,Gaya West,24.835,84.0937,4468115,1831927,40,41,2022-11-27,2023-05-06,,11,31.7,VEND287,0
WRK01031,School Building - Bikaner East,School Building,Rajasthan,Bikaner,Bikaner East,27.1094,73.2534,4312633,2501327,54,58,2024-06-13,2025-01-10,,4,15.3,VEND173,0
WRK03305,Drainage Project - Belagavi West,Drainage Project,Karnataka,Belagavi,Belagavi West,16.1925,75.4485,2413159,2051185,91,85,2022-12-17,2023-10-28,,4,45.0,VEND259,0
WRK01282,Road Construction - Guwahati Central,Road Construction,Assam,Guwahati,Guwahati Central,26.0039,92.4426,12984850,12595304,90,97,2024-08-25,2024-12-28,,5,55.3,VEND291,1
WRK02984,Streetlight Installation - Kozhikode South,Streetlight Installation,Kerala,Kozhikode,Kozhikode South,10.6304,75.1305,599750,173927,30,29,2022-09-09,2023-02-04,,8,11.6,VEND038,0
WRK03452,School Building - Madurai North,School Building,Tamil Nadu,Madurai,Madurai North,11.2734,77.8611,12205993,1830898,13,15,2022-11-16,2024-01-22,,7,28.4,VEND001,0
WRK03513,Water Supply Scheme - Darjeeling Central,Water Supply Scheme,West Bengal,Darjeeling,Darjeeling Central,22.2076,87.9365,2777177,2360600,90,85,2023-04-14,2024-01-04,,5,17.6,VEND230,0
WRK02473,Water Supply Scheme - Gurugram North,Water Supply Scheme,Haryana,Gurugram,Gurugram North,29.0199,74.8575,23315522,13523002,53,58,2023-09-25,2024-11-05,,4,24.1,VEND279,0
WRK01476,Irrigation Canal - Jalandhar North,Irrigation Canal,Punjab,Jalandhar,Jalandhar North,30.4744,75.5979,2480741,545763,19,22,2022-04-27,2023-08-28,,8,23.3,VEND059,0
WRK00256,Anganwadi Centre - Hyderabad East,Anganwadi Centre,Telangana,Hyderabad,Hyderabad East,18.3636,78.4238,11997413,9957852,85,83,2022-11-14,2024-03-28,,6,12.3,VEND225,0
WRK03324,Water Supply Scheme - Kozhikode South,Water Supply Scheme,Kerala,Kozhikode,Kozhikode South,10.8078,77.2229,5964529,3459426,51,58,2023-01-04,2023-12-28,,8,14.3,VEND176,0
WRK01378,School Building - Panipat West,School Building,Haryana,Panipat,Panipat West,29.0333,76.7119,2685947,1611568,58,60,2022-06-21,2023-09-26,,12,35.5,VEND191,0
WRK01330,Health Sub-Centre - Indore East,Health Sub-Centre,Madhya Pradesh,Indore,Indore East,24.594,77.4779,7392982,1996105,24,27,2022-12-02,2024-01-15,,7,16.7,VEND172,0
WRK02545,Community Hall - Muzaffarpur Urban,Community Hall,Bihar,Muzaffarpur,Muzaffarpur Urban,25.2617,85.3114,553986,138496,18,25,2023-04-13,2023-09-12,,5,44.8,VEND162,0
WRK03264,Streetlight Installation - Bhubaneswar East,Streetlight Installation,Odisha,Bhubaneswar,Bhubaneswar East,21.4954,85.3994,8202717,2296760,24,28,2024-08-15,2024-12-28,,6,12.1,VEND205,0
WRK00108,Public Toilet Complex - Mysuru South,Public Toilet Complex,Karnataka,Mysuru,Mysuru South,14.2341,76.2689,1187460,118746,5,10,2022-08-01,2023-06-10,,7,29.5,VEND067,0
WRK03323,Drainage Project - Hyderabad West,Drainage Project,Telangana,Hyderabad,Hyderabad West,17.7226,80.0534,8950484,805543,5,9,2024-06-03,2025-10-25,,6,21.7,VEND222,0
WRK01081,Irrigation Canal - Nizamabad South,Irrigation Canal,Telangana,Nizamabad,Nizamabad South,17.3523,79.258,2769325,2326233,78,84,2024-07-04,2025-09-22,,3,18.8,VEND209,0
WRK03408,School Building - Kanpur South,School Building,Uttar Pradesh,Kanpur,Kanpur South,27.0779,81.2211,2612632,156757,10,6,2022-04-07,2023-06-10,,12,19.5,VEND133,0
WRK03883,School Building - Thrissur South,School Building,Kerala,Thrissur,Thrissur South,10.1939,76.4411,4666914,1166728,32,25,2022-09-15,2024-02-19,,10,35.8,VEND310,0
WRK03761,Irrigation Canal - Gaya West,Irrigation Canal,Bihar,Gaya,Gaya West,25.0787,84.8411,2245497,2065857,34,92,2022-08-21,2024-01-10,,3,58.8,VEND107,1
WRK02063,Public Toilet Complex - Asansol North,Public Toilet Complex,West Bengal,Asansol,Asansol North,21.7357,87.7547,564055,203059,28,36,2022-09-09,2023-03-08,,9,21.1,VEND222,0
WRK03690,Water Supply Scheme - Bhubaneswar West,Water Supply Scheme,Odisha,Bhubaneswar,Bhubaneswar West,20.2394,85.2713,2035841,20358,1,1,2024-02-25,2025-05-31,,3,36.9,VEND317,0
WRK03524,Community Hall - Bhubaneswar East,Community Hall,Odisha,Bhubaneswar,Bhubaneswar East,20.8151,83.8328,11750797,11163257,21,95,2022-06-21,2023-06-18,,5,62.4,VEND393,1
WRK03260,Community Hall - Hyderabad North,Community Hall,Telangana,Hyderabad,Hyderabad North,18.9229,80.2475,888513,319864,33,36,2023-01-04,2024-06-16,,9,11.0,VEND253,0
WRK01650,Water Supply Scheme - Ludhiana East,Water Supply Scheme,Punjab,Ludhiana,Ludhiana East,32.2987,75.5937,412720,354939,78,86,2022-05-14,2023-01-19,,3,38.3,VEND153,0
WRK01066,Irrigation Canal - Siliguri East,Irrigation Canal,West Bengal,Siliguri,Siliguri East,22.9347,86.8041,19072341,2479404,17,13,2022-05-07,2023-09-28,,11,20.1,VEND114,0
WRK00552,Streetlight Installation - Jalandhar Urban,Streetlight Installation,Punjab,Jalandhar,Jalandhar Urban,31.6743,74.3552,3328355,3195220,95,96,2023-01-05,2023-09-07,,5,78.4,VEND169,1
WRK03904,Drainage Project - Bengaluru Urban West,Drainage Project,Karnataka,Bengaluru Urban,Bengaluru Urban West,15.4864,75.5528,5784720,4569928,82,79,2024-05-10,2025-05-16,,7,33.1,VEND148,0
WRK02098,Drainage Project - Cuttack Urban,Drainage Project,Odisha,Cuttack,Cuttack Urban,21.3406,83.8068,587389,35243,11,6,2024-01-19,2025-07-11,,4,33.5,VEND314,0
WRK00910,School Building - Bikaner Central,School Building,Rajasthan,Bikaner,Bikaner Central,25.9986,74.1629,10826702,6387754,52,59,2022-05-26,2023-03-19,,7,12.7,VEND071,0
WRK00383,Drainage Project - Agra East,Drainage Project,Uttar Pradesh,Agra,Agra East,27.3235,81.9933,4391555,922226,18,21,2024-05-28,2024-10-19,,7,26.0,VEND086,0
WRK00076,Irrigation Canal - Madurai North,Irrigation Canal,Tamil Nadu,Madurai,Madurai North,10.418,78.8949,3410427,443355,19,13,2024-02-15,2025-02-21,,11,12.6,VEND371,0
WRK02224,Public Toilet Complex - Thrissur Central,Public Toilet Complex,Kerala,Thrissur,Thrissur Central,11.9109,76.4147,2898815,1014585,27,35,2023-06-16,2024-03-30,,8,33.7,VEND024,0
WRK03674,Water Supply Scheme - Vellore Urban,Water Supply Scheme,Tamil Nadu,Vellore,Vellore Urban,11.6296,78.4126,3235615,485342,16,15,2024-03-02,2025-06-13,,12,43.6,VEND217,0
WRK00750,Road Construction - Mumbai South,Road Construction,Maharashtra,Mumbai,Mumbai South,19.0292,76.33,8290041,3730518,49,45,2022-11-19,2023-10-23,,8,32.9,VEND116,0
WRK01214,Public Toilet Complex - Jalandhar West,Public Toilet Complex,Punjab,Jalandhar,Jalandhar West,31.2292,75.3312,8775335,4826434,52,55,2024-08-31,2026-01-24,,7,17.5,VEND073,0
WRK02862,Streetlight Installation - Jalandhar West,Streetlight Installation,Punjab,Jalandhar,Jalandhar West,31.5014,74.7802,21955317,21735763,98,99,2024-08-27,2025-04-21,,12,43.6,VEND124,0
WRK02876,Community Hall - Muzaffarpur West,Community Hall,Bihar,Muzaffarpur,Muzaffarpur West,26.8029,85.01,1615454,985426,54,61,2023-03-28,2023-11-04,,6,22.9,VEND345,0
WRK03230,Anganwadi Centre - Ahmedabad North,Anganwadi Centre,Gujarat,Ahmedabad,Ahmedabad North,22.4372,72.1459,9249351,7954441,86,86,2022-09-13,2023-05-13,,8,30.4,VEND304,0
WRK01585,Health Sub-Centre - Nashik Rural,Health Sub-Centre,Maharashtra,Nashik,Nashik Rural,18.8255,74.8495,4201883,3949770,94,94,2023-09-05,2024-06-23,,11,32.1,VEND376,0
WRK03755,Public Toilet Complex - Rajkot Central,Public Toilet Complex,Gujarat,Rajkot,Rajkot Central,21.4086,70.3863,3178466,1525663,46,48,2024-04-23,2025-08-12,,10,19.5,VEND039,0
WRK00189,Water Supply Scheme - Belagavi Central,Water Supply Scheme,Karnataka,Belagavi,Belagavi Central,15.153,75.886,579914,289957,49,50,2022-06-26,2023-09-24,,6,18.7,VEND146,0
WRK03852,Anganwadi Centre - Varanasi West,Anganwadi Centre,Uttar Pradesh,Varanasi,Varanasi West,27.2644,79.7214,2173581,326037,17,15,2023-11-21,2024-04-23,,10,43.8,VEND309,0
WRK00330,Public Toilet Complex - Jodhpur East,Public Toilet Complex,Rajasthan,Jodhpur,Jodhpur East,27.2275,74.4799,21672484,0,1,0,2022-04-11,2023-07-19,,3,24.4,VEND269,0
WRK01504,Road Construction - Kalaburagi West,Road Construction,Karnataka,Kalaburagi,Kalaburagi West,15.0975,75.1199,508247,157556,27,31,2023-12-27,2025-04-08,,8,31.3,VEND178,0
WRK00090,Drainage Project - Nizamabad Central,Drainage Project,Telangana,Nizamabad,Nizamabad Central,18.7556,79.8809,3139021,1004486,26,32,2023-09-03,2024-10-14,,8,22.7,VEND028,0
WRK01755,Drainage Project - Jodhpur Central,Drainage Project,Rajasthan,Jodhpur,Jodhpur Central,27.6751,73.0466,23276693,21647324,98,93,2023-01-11,2024-01-07,,9,39.3,VEND046,0
WRK01685,Irrigation Canal - Madurai North,Irrigation Canal,Tamil Nadu,Madurai,Madurai North,12.0902,79.4971,975058,711792,76,73,2022-08-17,2023-12-19,,3,39.6,VEND400,0
WRK00298,Health Sub-Centre - Panipat East,Health Sub-Centre,Haryana,Panipat,Panipat East,28.1083,75.48,10165066,0,3,0,2023-07-09,2024-07-12,,10,14.0,VEND246,0
WRK02745,Road Construction - Asansol Urban,Road Construction,West Bengal,Asansol,Asansol Urban,22.574,88.6457,10442052,6160810,54,59,2022-12-11,2024-01-26,,7,21.4,VEND166,0
WRK01579,Water Supply Scheme - Lucknow South,Water Supply Scheme,Uttar Pradesh,Lucknow,Lucknow South,26.2112,80.8735,17637755,5644081,27,32,2023-04-10,2024-06-20,,10,35.5,VEND269,0
WRK02733,Drainage Project - Jabalpur North,Drainage Project,Madhya Pradesh,Jabalpur,Jabalpur North,23.1305,77.9426,923426,166216,24,18,2023-08-20,2024-06-14,,6,26.4,VEND164,0
WRK00443,Anganwadi Centre - Nizamabad Urban,Anganwadi Centre,Telangana,Nizamabad,Nizamabad Urban,19.0132,78.8966,4038384,2948020,80,73,2023-11-01,2025-03-07,,11,17.0,VEND237,0
WRK00073,Irrigation Canal - Jalandhar Central,Irrigation Canal,Punjab,Jalandhar,Jalandhar Central,30.6876,74.4721,8290666,3979519,53,48,2024-03-18,2024-09-24,,11,35.2,VEND061,0
WRK02570,Drainage Project - Rajkot Central,Drainage Project,Gujarat,Rajkot,Rajkot Central,21.7601,70.5196,10332780,7232946,77,70,2022-05-07,2022-10-20,,5,41.1,VEND337,0
WRK01987,Drainage Project - Belagavi Central,Drainage Project,Karnataka,Belagavi,Belagavi Central,16.347,76.5801,10498802,8294053,73,79,2024-03-20,2025-09-03,,6,19.1,VEND309,0
WRK00458,School Building - Cuttack Urban,School Building,Odisha,Cuttack,Cuttack Urban,19.871,83.8291,5017158,4465270,89,89,2024-07-23,2025-02-10,,11,12.3,VEND216,0
WRK01388,Water Supply Scheme - Gurugram Urban,Water Supply Scheme,Haryana,Gurugram,Gurugram Urban,29.5935,74.915,5422320,3090722,60,57,2022-05-23,2022-09-21,,3,14.7,VEND188,0
WRK00574,Irrigation Canal - Coimbatore East,Irrigation Canal,Tamil Nadu,Coimbatore,Coimbatore East,11.8903,79.5095,405028,348324,83,86,2023-06-21,2024-07-07,,7,30.4,VEND278,0
WRK01272,Water Supply Scheme - Hyderabad South,Water Supply Scheme,Telangana,Hyderabad,Hyderabad South,16.85,79.2299,16493778,7422200,41,45,2023-08-26,2024-06-04,,9,10.7,VEND392,0
WRK01126,Water Supply Scheme - Jalandhar Urban,Water Supply Scheme,Punjab,Jalandhar,Jalandhar Urban,31.2389,76.4035,23340344,10036347,47,43,2023-03-02,2024-02-01,,12,35.8,VEND018,0
WRK01178,Irrigation Canal - Kolkata Urban,Irrigation Canal,West Bengal,Kolkata,Kolkata Urban,22.0137,88.2121,10528076,526403,8,5,2023-10-29,2024-09-04,,6,32.3,VEND256,0
WRK02870,Streetlight Installation - Ahmedabad East,Streetlight Installation,Gujarat,Ahmedabad,Ahmedabad East,21.1366,70.026,971767,592777,62,61,2024-02-15,2025-04-12,,7,14.4,VEND179,0
WRK03808,Community Hall - Salem Urban,Community Hall,Tamil Nadu,Salem,Salem Urban,9.9343,79.1581,563766,400273,79,71,2022-06-28,2022-11-07,,10,26.9,VEND343,0
WRK00084,Public Toilet Complex - Jalandhar North,Public Toilet Complex,Punjab,Jalandhar,Jalandhar North,30.907,74.6946,2206276,1588518,73,72,2024-05-25,2025-10-07,,8,28.2,VEND353,0
WRK02402,Road Construction - Cuttack East,Road Construction,Odisha,Cuttack,Cuttack East,21.221,84.4873,7873811,1810976,27,23,2022-06-07,2023-05-14,,12,21.2,VEND112,0
WRK02976,Drainage Project - Patna Urban,Drainage Project,Bihar,Patna,Patna Urban,25.3577,84.0565,10291974,6689783,57,65,2023-02-03,2023-08-16,,10,18.7,VEND378,0
WRK00302,Health Sub-Centre - Muzaffarpur Central,Health Sub-Centre,Bihar,Muzaffarpur,Muzaffarpur Central,25.5301,85.3902,1148614,310125,30,27,2023-10-10,2025-01-27,,4,35.9,VEND365,0
WRK03834,Anganwadi Centre - Agra West,Anganwadi Centre,Uttar Pradesh,Agra,Agra West,25.7016,81.0412,4721942,424974,8,9,2022-05-17,2023-01-31,,5,42.7,VEND158,0
WRK01014,School Building - Gurugram East,School Building,Haryana,Gurugram,Gurugram East,28.3555,76.8842,19357019,0,1,0,2024-01-05,2024-11-03,,9,26.6,VEND173,0
WRK01106,Community Hall - Gaya East,Community Hall,Bihar,Gaya,Gaya East,26.3284,84.6754,9302739,9302739,98,100,2023-11-20,2025-02-27,,11,26.0,VEND341,0
WRK03951,Health Sub-Centre - Gaya Central,Health Sub-Centre,Bihar,Gaya,Gaya Central,24.7498,84.1483,1721185,395872,30,23,2023-04-16,2023-11-27,,11,31.6,VEND385,0
WRK01625,Health Sub-Centre - Guwahati Central,Health Sub-Centre,Assam,Guwahati,Guwahati Central,25.1754,92.3568,15577551,11994714,76,77,2022-08-16,2023-02-28,,9,14.5,VEND303,0
WRK01779,Community Hall - Vadodara North,Community Hall,Gujarat,Vadodara,Vadodara North,21.3276,70.4488,897178,269153,34,30,2023-08-04,2024-08-14,,6,33.2,VEND292,0
WRK00398,Streetlight Installation - Silchar East,Streetlight Installation,Assam,Silchar,Silchar East,26.4973,92.7842,861193,499491,59,58,2023-10-25,2025-03-06,,3,37.7,VEND079,0
WRK02183,Drainage Project - Solapur North,Drainage Project,Maharashtra,Solapur,Solapur North,18.7278,75.436,20615738,14018701,61,68,2024-05-30,2025-07-01,,3,25.1,VEND325,0
WRK01670,Public Toilet Complex - Salem West,Public Toilet Complex,Tamil Nadu,Salem,Salem West,11.8021,77.8486,5997121,839596,8,14,2023-02-14,2023-08-30,,3,15.4,VEND174,0
WRK01400,Water Supply Scheme - Indore North,Water Supply Scheme,Madhya Pradesh,Indore,Indore North,22.9606,78.0403,22221823,3999928,11,18,2022-12-13,2023-11-10,,8,15.2,VEND072,0
WRK00837,School Building - Patiala Rural,School Building,Punjab,Patiala,Patiala Rural,30.395,75.0405,535779,198238,30,37,2023-09-17,2024-10-11,,10,44.2,VEND165,0
WRK01352,Road Construction - Kochi Urban,Road Construction,Kerala,Kochi,Kochi Urban,11.5693,75.0171,17433311,871665,6,5,2023-04-26,2024-02-26,,4,34.7,VEND082,0
WRK02164,Road Construction - Mumbai Central,Road Construction,Maharashtra,Mumbai,Mumbai Central,20.283,76.1454,13622299,1362229,13,10,2024-02-11,2025-06-11,,12,11.6,VEND096,0
WRK00782,Irrigation Canal - Muzaffarpur Urban,Irrigation Canal,Bihar,Muzaffarpur,Muzaffarpur Urban,25.3343,84.3928,21921290,12933561,56,59,2024-02-26,2024-08-30,,11,39.6,VEND161,0
WRK03577,Streetlight Installation - Mumbai Urban,Streetlight Installation,Maharashtra,Mumbai,Mumbai Urban,20.0682,76.1454,5040817,2016326,34,40,2022-04-11,2023-08-26,,3,13.9,VEND095,0
WRK00485,Water Supply Scheme - Bhagalpur Rural,Water Supply Scheme,Bihar,Bhagalpur,Bhagalpur Rural,26.7159,85.8984,23664587,15855273,62,67,2022-08-02,2023-05-01,,7,41.6,VEND309,0
WRK02897,Drainage Project - Surat North,Drainage Project,Gujarat,Surat,Surat North,21.3136,71.4358,15617452,10932216,66,70,2023-10-11,2024-11-02,,11,11.7,VEND154,0
WRK02513,Drainage Project - Patiala East,Drainage Project,Punjab,Patiala,Patiala East,29.9359,76.236,9434030,9434030,99,100,2023-02-03,2024-01-24,,5,21.3,VEND005,0
WRK01847,School Building - Mysuru West,School Building,Karnataka,Mysuru,Mysuru West,15.9759,74.7484,5429404,3746288,70,69,2023-03-29,2024-06-21,,11,33.7,VEND324,0
WRK00934,Streetlight Installation - Belagavi Rural,Streetlight Installation,Karnataka,Belagavi,Belagavi Rural,15.986,75.9159,4932598,3058210,57,62,2023-12-11,2024-08-04,,6,29.9,VEND065,0
WRK01197,Anganwadi Centre - Cuttack Rural,Anganwadi Centre,Odisha,Cuttack,Cuttack Rural,20.6643,85.1868,492179,182106,36,37,2023-01-17,2024-02-15,,12,19.2,VEND390,0
WRK02052,School Building - Nagpur South,School Building,Maharashtra,Nagpur,Nagpur South,19.914,75.5906,1924865,0,1,0,2024-01-24,2024-12-12,,8,16.3,VEND301,0
WRK02747,Irrigation Canal - Lucknow North,Irrigation Canal,Uttar Pradesh,Lucknow,Lucknow North,26.1394,80.1684,2453372,1054949,43,43,2024-06-26,2025-08-21,,5,29.3,VEND234,0
WRK02922,Drainage Project - Faridabad East,Drainage Project,Haryana,Faridabad,Faridabad East,29.4211,75.0109,10322077,5057817,44,49,2024-02-19,2025-07-03,,8,26.1,VEND263,0
WRK01525,Streetlight Installation - Rajkot North,Streetlight Installation,Gujarat,Rajkot,Rajkot North,21.2919,71.4194,947490,265297,27,28,2022-09-26,2024-02-11,,11,43.0,VEND371,0
WRK02375,Public Toilet Complex - Tirunelveli Rural,Public Toilet Complex,Tamil Nadu,Tirunelveli,Tirunelveli Rural,12.2257,78.5215,513014,405281,79,79,2023-04-21,2024-08-19,,5,26.1,VEND247,0
WRK02272,Anganwadi Centre - Patna Central,Anganwadi Centre,Bihar,Patna,Patna Central,25.4463,84.1392,2874576,1638508,61,57,2023-11-07,2024-08-23,,7,39.7,VEND004,0
WRK03878,Public Toilet Complex - Panipat South,Public Toilet Complex,Haryana,Panipat,Panipat South,28.5603,77.041,1084266,0,3,0,2022-10-09,2023-11-22,,11,41.8,VEND067,0
WRK01797,Health Sub-Centre - Nizamabad East,Health Sub-Centre,Telangana,Nizamabad,Nizamabad East,17.2476,80.076,1183836,935230,84,79,2023-02-13,2023-07-10,,11,14.8,VEND370,0
WRK03810,Health Sub-Centre - Agra West,Health Sub-Centre,Uttar Pradesh,Agra,Agra West,26.7856,79.9053,8301376,4980825,56,60,2023-03-18,2023-11-24,,4,25.3,VEND228,0
WRK00892,Water Supply Scheme - Kanpur Rural,Water Supply Scheme,Uttar Pradesh,Kanpur,Kanpur Rural,27.9062,80.9862,17721210,11518786,67,65,2023-06-19,2024-12-06,,4,30.4,VEND323,0
WRK03401,Irrigation Canal - Asansol Central,Irrigation Canal,West Bengal,Asansol,Asansol Central,22.9948,88.2582,8868959,8070752,86,91,2024-01-07,2025-06-12,,10,32.8,VEND064,0
WRK01773,Drainage Project - Chennai West,Drainage Project,Tamil Nadu,Chennai,Chennai West,12.0068,78.7186,19057898,5336211,27,28,2024-02-23,2025-05-06,,3,17.1,VEND297,0
WRK01376,Irrigation Canal - Pune West,Irrigation Canal,Maharashtra,Pune,Pune West,20.4613,74.5328,469391,112653,19,24,2022-10-16,2023-09-14,,11,29.9,VEND108,0
WRK03049,Anganwadi Centre - Ahmedabad Central,Anganwadi Centre,Gujarat,Ahmedabad,Ahmedabad Central,22.7532,70.446,12066168,482646,4,4,2024-07-31,2024-12-24,,12,10.8,VEND048,0
WRK00809,School Building - Jodhpur North,School Building,Rajasthan,Jodhpur,Jodhpur North,26.8904,74.5126,7768324,0,1,0,2022-04-27,2023-04-05,,3,31.6,VEND279,0
WRK01007,Community Hall - Varanasi Urban,Community Hall,Uttar Pradesh,Varanasi,Varanasi Urban,26.6344,80.4308,17449466,15704519,94,90,2024-05-05,2025-09-23,,7,11.9,VEND362,0
WRK01121,Public Toilet Complex - Nizamabad Rural,Public Toilet Complex,Telangana,Nizamabad,Nizamabad Rural,18.2008,78.3296,1747567,69902,12,4,2022-09-21,2023-04-09,,8,41.4,VEND048,0
WRK01837,Water Supply Scheme - Surat Rural,Water Supply Scheme,Gujarat,Surat,Surat Rural,21.9547,70.6793,2891473,722868,23,25,2022-06-07,2023-03-12,,10,33.2,VEND100,0
WRK03666,Road Construction - Nizamabad East,Road Construction,Telangana,Nizamabad,Nizamabad East,18.3569,80.5428,3453529,2175723,68,63,2022-04-28,2022-12-24,,11,38.0,VEND125,0
WRK03468,Streetlight Installation - Jodhpur West,Streetlight Installation,Rajasthan,Jodhpur,Jodhpur West,26.53,74.1256,821510,607917,82,74,2022-09-21,2023-11-22,,11,35.4,VEND348,0
WRK00206,Anganwadi Centre - Mysuru Rural,Anganwadi Centre,Karnataka,Mysuru,Mysuru Rural,16.1134,74.7992,18657171,3918005,21,21,2023-02-27,2023-07-04,,12,14.2,VEND125,0
WRK03333,School Building - Jabalpur Urban,School Building,Madhya Pradesh,Jabalpur,Jabalpur Urban,23.854,79.7533,17287496,13311371,73,77,2023-08-02,2024-07-02,,11,10.6,VEND335,0
WRK02773,Community Hall - Gwalior East,Community Hall,Madhya Pradesh,Gwalior,Gwalior East,23.1641,79.3178,458315,50414,9,11,2023-01-31,2023-07-15,,10,36.8,VEND334,0
WRK01974,Health Sub-Centre - Mumbai East,Health Sub-Centre,Maharashtra,Mumbai,Mumbai East,19.5492,75.1707,4289159,2659278,55,62,2023-12-17,2025-02-14,,5,21.0,VEND218,0
WRK01722,Water Supply Scheme - Panipat South,Water Supply Scheme,Haryana,Panipat,Panipat South,30.1077,76.7374,2404927,96197,6,4,2023-09-12,2024-09-29,,5,15.1,VEND023,0
WRK03892,Community Hall - Aurangabad Central,Community Hall,Maharashtra,Aurangabad,Aurangabad Central,18.6763,75.1814,9034398,8492334,92,94,2022-11-07,2024-01-22,,10,41.2,VEND322,0
WRK03672,Road Construction - Jaipur Urban,Road Construction,Rajasthan,Jaipur,Jaipur Urban,27.9563,73.4571,8572658,3514789,37,41,2024-07-03,2024-11-10,,3,12.3,VEND323,0
WRK03536,Public Toilet Complex - Nizamabad East,Public Toilet Complex,Telangana,Nizamabad,Nizamabad East,17.6503,78.9515,6794417,6522640,48,96,2022-07-05,2023-10-17,,2,78.2,VEND291,1
WRK03119,Water Supply Scheme - Hyderabad East,Water Supply Scheme,Telangana,Hyderabad,Hyderabad East,16.9539,78.967,8159962,7915163,99,97,2022-10-03,2023-03-31,,6,23.3,VEND268,0
WRK03747,Drainage Project - Guwahati Central,Drainage Project,Assam,Guwahati,Guwahati Central,25.4578,93.3656,8041474,2814515,43,35,2022-06-08,2023-06-01,,5,43.4,VEND376,0
WRK01248,Road Construction - Cuttack West,Road Construction,Odisha,Cuttack,Cuttack West,21.6823,85.4717,11281296,4963770,40,44,2022-08-21,2024-01-26,,5,24.0,VEND008,0
WRK00547,Irrigation Canal - Hyderabad East,Irrigation Canal,Telangana,Hyderabad,Hyderabad East,18.6719,79.4022,4508643,811555,10,18,2023-05-22,2024-05-04,,6,37.4,VEND073,0
WRK02640,Drainage Project - Muzaffarpur Urban,Drainage Project,Bihar,Muzaffarpur,Muzaffarpur Urban,26.6499,84.6217,3446958,896209,30,26,2023-09-13,2024-06-19,,3,40.1,VEND236,0
WRK02535,Irrigation Canal - Patna Urban,Irrigation Canal,Bihar,Patna,Patna Urban,26.0037,83.9491,522818,78422,16,15,2022-06-01,2022-12-17,,4,33.6,VEND201,0
WRK02293,Anganwadi Centre - Amritsar Urban,Anganwadi Centre,Punjab,Amritsar,Amritsar Urban,31.3315,74.76,2601877,2419745,20,93,2023-04-23,2023-10-11,,4,62.4,VEND176,1
WRK00721,School Building - Agra Rural,School Building,Uttar Pradesh,Agra,Agra Rural,27.4519,80.8973,22683262,13836789,64,61,2024-03-18,2025-07-24,,6,44.7,VEND303,0
WRK00292,Public Toilet Complex - Thiruvananthapuram South,Public Toilet Complex,Kerala,Thiruvananthapuram,Thiruvananthapuram South,10.4016,75.5729,10361573,9947110,94,96,2023-03-25,2024-04-29,,4,63.0,VEND088,1
WRK00541,Anganwadi Centre - Guwahati East,Anganwadi Centre,Assam,Guwahati,Guwahati East,26.2125,94.0211,8489735,933870,3,11,2022-10-02,2023-08-30,,8,23.4,VEND047,0
WRK01168,Streetlight Installation - Mumbai Central,Streetlight Installation,Maharashtra,Mumbai,Mumbai Central,20.1053,76.4168,2719197,271919,7,10,2023-10-25,2025-01-19,,10,40.4,VEND076,0
WRK03222,Health Sub-Centre - Varanasi Central,Health Sub-Centre,Uttar Pradesh,Varanasi,Varanasi Central,27.0267,80.5277,14327070,8309700,60,58,2024-03-23,2025-05-16,,3,43.0,VEND398,0
WRK00013,Community Hall - Mumbai South,Community Hall,Maharashtra,Mumbai,Mumbai South,20.827,76.3603,958060,833512,94,87,2022-12-29,2024-01-26,,6,30.1,VEND199,0
WRK03559,Health Sub-Centre - Patiala West,Health Sub-Centre,Punjab,Patiala,Patiala West,30.5117,76.0527,5440762,544076,5,10,2022-08-05,2023-03-26,,4,10.4,VEND385,0
WRK01814,Water Supply Scheme - Guwahati West,Water Supply Scheme,Assam,Guwahati,Guwahati West,25.2059,91.9182,3307205,396864,11,12,2023-06-19,2023-12-16,,5,19.0,VEND211,0
WRK01678,Water Supply Scheme - Warangal West,Water Supply Scheme,Telangana,Warangal,Warangal West,16.7204,80.1264,410587,390057,23,95,2022-12-25,2023-06-26,,2,74.9,VEND357,1
WRK00268,Streetlight Installation - Thiruvananthapuram Central,Streetlight Installation,Kerala,Thiruvananthapuram,Thiruvananthapuram Central,10.9938,75.652,22146187,18159873,75,82,2022-11-30,2023-07-19,,10,24.4,VEND041,0
WRK02690,Irrigation Canal - Gwalior South,Irrigation Canal,Madhya Pradesh,Gwalior,Gwalior South,23.9755,79.0942,15594712,7329514,43,47,2023-05-10,2024-03-01,,4,31.0,VEND233,0
WRK00061,Community Hall - Madurai West,Community Hall,Tamil Nadu,Madurai,Madurai West,11.7445,77.5046,5766988,5247959,87,91,2023-08-26,2024-02-23,,11,20.4,VEND028,0
WRK03183,Irrigation Canal - Agra Urban,Irrigation Canal,Uttar Pradesh,Agra,Agra Urban,27.4743,80.58,21607757,13180731,56,61,2024-05-25,2025-01-17,,9,36.0,VEND395,0
WRK00166,Health Sub-Centre - Surat Urban,Health Sub-Centre,Gujarat,Surat,Surat Urban,22.5502,71.2699,14989486,13940221,87,93,2024-06-03,2025-05-23,,12,40.2,VEND247,0
WRK00465,Road Construction - Aurangabad North,Road Construction,Maharashtra,Aurangabad,Aurangabad North,20.0454,75.7727,928886,566620,55,61,2024-04-05,2025-04-29,,10,14.1,VEND366,0
WRK01853,Streetlight Installation - Gorakhpur Rural,Streetlight Installation,Uttar Pradesh,Gorakhpur,Gorakhpur Rural,27.6851,81.2886,1127771,33833,8,3,2024-06-26,2025-02-26,,11,11.9,VEND204,0
WRK01689,Irrigation Canal - Chennai North,Irrigation Canal,Tamil Nadu,Chennai,Chennai North,10.182,78.0048,489270,362059,73,74,2024-02-01,2025-04-29,,5,20.5,VEND298,0
WRK03153,Streetlight Installation - Rajkot Central,Streetlight Installation,Gujarat,Rajkot,Rajkot Central,21.6576,71.1123,19382960,8722332,48,45,2022-09-15,2023-03-12,,4,29.3,VEND100,0
WRK00005,Anganwadi Centre - Kanpur South,Anganwadi Centre,Uttar Pradesh,Kanpur,Kanpur South,27.068,79.717,18329833,13564076,80,74,2023-04-17,2024-07-31,,12,30.5,VEND039,0
WRK02716,Health Sub-Centre - Darjeeling Central,Health Sub-Centre,West Bengal,Darjeeling,Darjeeling Central,23.9395,87.7942,8439131,4050782,43,48,2023-08-29,2024-04-20,,6,33.8,VEND301,0
WRK01957,Streetlight Installation - Vellore East,Streetlight Installation,Tamil Nadu,Vellore,Vellore East,10.5305,77.7953,502914,422447,79,84,2022-08-25,2024-01-18,,9,30.7,VEND156,0
WRK03320,Streetlight Installation - Jabalpur West,Streetlight Installation,Madhya Pradesh,Jabalpur,Jabalpur West,23.265,77.6894,16355361,0,0,0,2023-11-13,2024-09-07,,6,20.8,VEND392,0
WRK00536,Health Sub-Centre - Surat Urban,Health Sub-Centre,Gujarat,Surat,Surat Urban,22.0742,71.2388,926704,778431,79,84,2022-07-01,2023-12-12,,9,18.1,VEND203,0
WRK02521,Drainage Project - Mumbai West,Drainage Project,Maharashtra,Mumbai,Mumbai West,19.5268,74.974,16610687,2159389,17,13,2022-09-08,2023-11-09,,3,20.6,VEND209,0
WRK02079,Health Sub-Centre - Mumbai Central,Health Sub-Centre,Maharashtra,Mumbai,Mumbai Central,18.5006,74.8046,22938837,14451467,63,63,2023-08-26,2024-01-28,,8,41.7,VEND240,0
WRK00331,Health Sub-Centre - Kalaburagi West,Health Sub-Centre,Karnataka,Kalaburagi,Kalaburagi West,16.1903,76.2138,5812253,5579762,94,96,2022-11-11,2024-03-16,,2,40.9,VEND048,1
WRK00989,Anganwadi Centre - Aurangabad Central,Anganwadi Centre,Maharashtra,Aurangabad,Aurangabad Central,20.3566,74.6057,1661442,1628213,98,98,2023-03-05,2024-04-22,,12,33.4,VEND243,0
WRK03668,Drainage Project - Nagpur North,Drainage Project,Maharashtra,Nagpur,Nagpur North,19.8977,76.8686,482168,81968,11,17,2022-04-25,2023-05-28,,3,14.7,VEND135,0
WRK00582,Community Hall - Varanasi South,Community Hall,Uttar Pradesh,Varanasi,Varanasi South,27.0498,81.8777,1821451,437148,22,24,2022-12-25,2024-04-26,,11,18.6,VEND101,0
WRK02018,School Building - Udaipur Urban,School Building,Rajasthan,Udaipur,Udaipur Urban,27.1541,74.186,1768037,636493,37,36,2022-07-13,2023-05-23,,9,43.5,VEND315,0
WRK02228,Anganwadi Centre - Patna Central,Anganwadi Centre,Bihar,Patna,Patna Central,25.9146,85.6213,5485442,2633012,56,48,2024-02-29,2025-07-03,,9,23.7,VEND096,0
WRK03608,Community Hall - Mangaluru East,Community Hall,Karnataka,Mangaluru,Mangaluru East,16.0422,75.8241,11875606,10213021,85,86,2022-06-15,2022-12-16,,6,20.6,VEND164,0
WRK03870,School Building - Coimbatore East,School Building,Tamil Nadu,Coimbatore,Coimbatore East,11.0391,78.7395,6622357,4503202,64,68,2023-03-08,2023-10-10,,7,36.4,VEND222,0
WRK00173,Public Toilet Complex - Erode West,Public Toilet Complex,Tamil Nadu,Erode,Erode West,11.635,79.3701,1022705,490898,44,48,2022-05-04,2023-05-16,,5,26.0,VEND062,0
WRK03728,Water Supply Scheme - Kanpur Urban,Water Supply Scheme,Uttar Pradesh,Kanpur,Kanpur Urban,25.8777,80.6641,16328862,0,3,0,2024-02-29,2024-11-18,,6,31.0,VEND107,0
WRK03121,Irrigation Canal - Solapur Central,Irrigation Canal,Maharashtra,Solapur,Solapur Central,20.0339,76.4699,19470275,15186814,79,78,2023-09-11,2024-11-04,,3,34.0,VEND254,0
WRK01654,Health Sub-Centre - Guwahati Urban,Health Sub-Centre,Assam,Guwahati,Guwahati Urban,27.3566,93.3587,589639,200477,26,34,2023-06-22,2024-01-21,,12,30.8,VEND299,0
WRK00386,Health Sub-Centre - Udaipur South,Health Sub-Centre,Rajasthan,Udaipur,Udaipur South,26.1992,74.4816,4569745,959646,20,21,2023-07-04,2024-08-03,,4,42.2,VEND208,0
WRK01431,Road Construction - Bengaluru Urban Central,Road Construction,Karnataka,Bengaluru Urban,Bengaluru Urban Central,15.2127,76.3823,924661,110959,5,12,2022-07-19,2023-07-18,,8,24.2,VEND055,0
WRK00703,School Building - Warangal Urban,School Building,Telangana,Warangal,Warangal Urban,17.2409,78.77,20979309,1678344,9,8,2024-01-10,2024-06-18,,4,15.8,VEND030,0
WRK03186,Anganwadi Centre - Kozhikode Central,Anganwadi Centre,Kerala,Kozhikode,Kozhikode Central,9.7177,77.1277,18016789,1801678,10,10,2023-09-11,2024-09-25,,7,30.6,VEND018,0
WRK03541,Water Supply Scheme - Amritsar Urban,Water Supply Scheme,Punjab,Amritsar,Amritsar Urban,30.2422,74.5496,8029613,1365034,18,17,2023-11-12,2025-04-15,,5,19.3,VEND287,0
WRK02216,Health Sub-Centre - Silchar Urban,Health Sub-Centre,Assam,Silchar,Silchar Urban,27.3065,91.7314,9008892,5315246,53,59,2023-05-31,2024-02-06,,5,33.8,VEND199,0
WRK03937,Road Construction - Panipat Central,Road Construction,Haryana,Panipat,Panipat Central,29.9291,74.9182,20575562,7407202,28,36,2022-08-24,2023-01-21,,8,19.4,VEND225,0
WRK01196,School Building - Kalaburagi North,School Building,Karnataka,Kalaburagi,Kalaburagi North,14.5039,76.5075,5272094,2952372,62,56,2022-09-10,2024-02-17,,5,28.8,VEND086,0
WRK02608,Community Hall - Coimbatore Central,Community Hall,Tamil Nadu,Coimbatore,Coimbatore Central,11.6197,78.835,13832590,4011451,35,29,2023-03-10,2024-06-29,,8,29.0,VEND308,0
WRK02697,School Building - Jalandhar South,School Building,Punjab,Jalandhar,Jalandhar South,32.0729,75.0827,5730858,2578886,37,45,2023-04-19,2023-11-20,,6,13.9,VEND204,0
WRK01587,Anganwadi Centre - Bhopal North,Anganwadi Centre,Madhya Pradesh,Bhopal,Bhopal North,22.7843,79.4213,23640505,2127645,17,9,2023-03-07,2023-07-18,,3,11.5,VEND158,0
WRK01145,Irrigation Canal - Kalaburagi Central,Irrigation Canal,Karnataka,Kalaburagi,Kalaburagi Central,15.0666,75.7471,6589366,6062216,85,92,2023-04-07,2023-12-06,,9,24.8,VEND327,0
WRK01013,Water Supply Scheme - Amritsar West,Water Supply Scheme,Punjab,Amritsar,Amritsar West,31.8924,76.3758,8541838,3758408,41,44,2023-07-23,2024-09-15,,12,23.2,VEND302,0
WRK01996,Anganwadi Centre - Asansol Rural,Anganwadi Centre,West Bengal,Asansol,Asansol Rural,23.3342,87.0478,407564,0,6,0,2022-12-25,2023-10-15,,3,13.9,VEND273,0
WRK02265,Water Supply Scheme - Patiala West,Water Supply Scheme,Punjab,Patiala,Patiala West,30.0548,75.4783,19633822,16885086,92,86,2024-08-08,2025-10-17,,7,35.9,VEND339,0
WRK01761,Water Supply Scheme - Meerut East,Water Supply Scheme,Uttar Pradesh,Meerut,Meerut East,26.7655,81.39,5534466,5534466,12,100,2023-02-20,2024-08-02,,4,56.2,VEND071,1
WRK00326,Streetlight Installation - Muzaffarpur East,Streetlight Installation,Bihar,Muzaffarpur,Muzaffarpur East,25.9425,84.1109,564902,378484,68,67,2024-05-04,2025-09-21,,9,33.9,VEND200,0
WRK03129,Community Hall - Warangal East,Community Hall,Telangana,Warangal,Warangal East,17.0066,78.3119,509981,305988,57,60,2023-01-30,2024-06-26,,12,13.8,VEND201,0
WRK00855,Drainage Project - Mumbai North,Drainage Project,Maharashtra,Mumbai,Mumbai North,20.2814,74.9077,18775701,9012336,42,48,2024-07-02,2025-11-10,,10,35.7,VEND280,0
WRK02055,Streetlight Installation - Rajkot North,Streetlight Installation,Gujarat,Rajkot,Rajkot North,21.2623,71.8065,3813334,3622667,98,95,2023-12-09,2025-05-30,,3,50.8,VEND177,1
WRK01105,Anganwadi Centre - Cuttack North,Anganwadi Centre,Odisha,Cuttack,Cuttack North,21.6888,85.6803,4390394,175615,0,4,2023-11-10,2024-08-06,,3,10.3,VEND166,0
WRK02539,Water Supply Scheme - Belagavi Urban,Water Supply Scheme,Karnataka,Belagavi,Belagavi Urban,15.2347,76.1251,11295921,1807347,24,16,2023-12-12,2024-09-16,,3,11.0,VEND383,0
WRK02840,Water Supply Scheme - Bikaner Urban,Water Supply Scheme,Rajasthan,Bikaner,Bikaner Urban,26.4541,75.1,7529677,3614244,50,48,2022-06-02,2022-11-25,,3,13.0,VEND378,0
WRK00974,Health Sub-Centre - Hyderabad West,Health Sub-Centre,Telangana,Hyderabad,Hyderabad West,18.1807,80.3723,8690095,1216613,13,14,2023-08-02,2024-09-13,,8,15.0,VEND323,0
WRK03754,Irrigation Canal - Guwahati Urban,Irrigation Canal,Assam,Guwahati,Guwahati Urban,25.7925,92.9855,7695657,4463481,54,58,2023-01-19,2023-07-12,,10,19.0,VEND018,0
WRK01805,Streetlight Installation - Gorakhpur West,Streetlight Installation,Uttar Pradesh,Gorakhpur,Gorakhpur West,27.8317,80.8611,7883364,3547513,50,45,2023-07-15,2024-05-12,,12,28.8,VEND068,0
WRK03045,Drainage Project - Muzaffarpur Central,Drainage Project,Bihar,Muzaffarpur,Muzaffarpur Central,25.7658,84.0544,18695718,18695718,99,100,2023-10-27,2024-09-04,,12,19.5,VEND130,0
WRK02997,School Building - Warangal Rural,School Building,Telangana,Warangal,Warangal Rural,18.1266,78.4675,519802,473019,93,91,2024-08-17,2025-01-09,,12,15.2,VEND263,0
WRK03296,Anganwadi Centre - Jaipur Urban,Anganwadi Centre,Rajasthan,Jaipur,Jaipur Urban,26.1353,75.0475,14040653,9688050,70,69,2024-03-29,2024-11-12,,5,24.8,VEND375,0
WRK02285,Road Construction - Tiruchirappalli Urban,Road Construction,Tamil Nadu,Tiruchirappalli,Tiruchirappalli Urban,11.7139,79.7145,22908616,9392532,40,41,2024-04-04,2025-01-08,,4,28.9,VEND010,0
WRK02794,Public Toilet Complex - Meerut Central,Public Toilet Complex,Uttar Pradesh,Meerut,Meerut Central,26.7163,82.0303,804029,128644,21,16,2023-04-09,2024-06-28,,10,29.3,VEND168,0
WRK00788,Water Supply Scheme - Kochi West,Water Supply Scheme,Kerala,Kochi,Kochi West,11.064,75.751,2699429,890811,40,33,2024-01-16,2024-09-01,,12,37.1,VEND032,0
WRK02047,Irrigation Canal - Warangal South,Irrigation Canal,Telangana,Warangal,Warangal South,18.0643,79.1729,2708838,460502,24,17,2023-07-17,2023-12-29,,10,16.0,VEND048,0
WRK00740,Public Toilet Complex - Nagpur North,Public Toilet Complex,Maharashtra,Nagpur,Nagpur North,20.4461,76.506,3232341,3038400,99,94,2024-02-03,2025-07-05,,9,43.1,VEND132,0
WRK02150,Road Construction - Mangaluru South,Road Construction,Karnataka,Mangaluru,Mangaluru South,16.1419,75.5174,1003889,230894,20,23,2024-06-07,2025-03-04,,4,20.1,VEND283,0
WRK03370,Irrigation Canal - Belagavi Central,Irrigation Canal,Karnataka,Belagavi,Belagavi Central,14.299,74.7452,6798396,2039518,27,30,2022-11-13,2023-07-01,,5,39.6,VEND213,0
WRK03493,Public Toilet Complex - Darjeeling North,Public Toilet Complex,West Bengal,Darjeeling,Darjeeling North,23.0855,88.292,5348045,4011033,73,75,2023-10-28,2025-01-27,,12,17.5,VEND103,0
WRK02721,Community Hall - Udaipur North,Community Hall,Rajasthan,Udaipur,Udaipur North,27.6019,73.6373,483907,343573,71,71,2024-04-10,2025-09-07,,8,18.2,VEND161,0
WRK01273,Anganwadi Centre - Asansol North,Anganwadi Centre,West Bengal,Asansol,Asansol North,22.5568,88.1234,10997477,329924,5,3,2023-10-16,2024-03-18,,12,11.3,VEND118,0
WRK02498,Health Sub-Centre - Bhubaneswar South,Health Sub-Centre,Odisha,Bhubaneswar,Bhubaneswar South,20.6846,84.0557,4785571,4785571,99,100,2024-02-13,2024-06-27,,6,21.2,VEND400,0
WRK01806,Road Construction - Hyderabad Rural,Road Construction,Telangana,Hyderabad,Hyderabad Rural,18.8308,79.3923,480795,336556,76,70,2024-01-28,2024-08-17,,9,33.9,VEND352,0
WRK03809,Health Sub-Centre - Kochi South,Health Sub-Centre,Kerala,Kochi,Kochi South,10.0806,76.3901,23531404,23531404,4,100,2024-03-20,2025-07-06,,5,59.0,VEND330,1
WRK03321,Water Supply Scheme - Pune North,Water Supply Scheme,Maharashtra,Pune,Pune North,19.8673,75.781,4055259,1987076,50,49,2023-06-22,2024-01-19,,3,17.6,VEND381,0
WRK03817,Irrigation Canal - Bikaner South,Irrigation Canal,Rajasthan,Bikaner,Bikaner South,28.0627,73.6982,1042001,500160,46,48,2024-03-14,2025-08-19,,10,33.4,VEND045,0
WRK01543,Community Hall - Erode North,Community Hall,Tamil Nadu,Erode,Erode North,10.1177,78.0305,16815134,16815134,10,100,2024-05-08,2025-04-09,,3,58.7,VEND280,1
WRK01380,Irrigation Canal - Jalandhar Urban,Irrigation Canal,Punjab,Jalandhar,Jalandhar Urban,30.9692,76.4207,1061738,212347,28,20,2024-06-05,2025-02-05,,9,26.9,VEND169,0
WRK01387,School Building - Patna North,School Building,Bihar,Patna,Patna North,25.2528,84.1554,12833813,11037079,94,86,2022-06-24,2023-12-03,,5,28.9,VEND253,0
WRK03671,Community Hall - Patiala East,Community Hall,Punjab,Patiala,Patiala East,31.2883,76.4702,7975220,3190088,39,40,2024-04-11,2024-11-21,,5,13.7,VEND211,0
WRK01386,Community Hall - Guwahati East,Community Hall,Assam,Guwahati,Guwahati East,25.3855,92.1153,8478123,1949968,21,23,2023-12-17,2025-05-31,,5,30.9,VEND304,0
WRK00306,Community Hall - Gwalior South,Community Hall,Madhya Pradesh,Gwalior,Gwalior South,22.8567,79.7931,420438,163970,38,39,2024-02-27,2024-12-05,,9,35.1,VEND177,0
WRK01945,School Building - Hubballi East,School Building,Karnataka,Hubballi,Hubballi East,15.8636,75.231,1741345,1741345,96,100,2024-01-07,2025-02-07,,5,23.9,VEND054,0
WRK00440,Drainage Project - Hyderabad Rural,Drainage Project,Telangana,Hyderabad,Hyderabad Rural,18.2737,80.3352,852284,366482,38,43,2023-08-30,2025-02-11,,11,21.0,VEND213,0
WRK00714,Streetlight Installation - Warangal North,Streetlight Installation,Telangana,Warangal,Warangal North,18.2277,79.4958,16270336,2603253,20,16,2024-02-02,2025-01-11,,8,36.1,VEND003,0
WRK03636,Irrigation Canal - Darjeeling Rural,Irrigation Canal,West Bengal,Darjeeling,Darjeeling Rural,23.056,87.7237,514626,102925,24,20,2022-08-05,2023-05-12,,4,29.6,VEND014,0
WRK03355,Health Sub-Centre - Panipat Rural,Health Sub-Centre,Haryana,Panipat,Panipat Rural,30.1944,75.1939,17864333,893216,13,5,2024-01-14,2025-02-23,,7,22.3,VEND252,0
WRK02416,Anganwadi Centre - Gwalior West,Anganwadi Centre,Madhya Pradesh,Gwalior,Gwalior West,22.9649,78.4765,13698101,0,0,0,2023-06-20,2023-11-26,,8,36.1,VEND124,0
WRK03277,Water Supply Scheme - Vadodara East,Water Supply Scheme,Gujarat,Vadodara,Vadodara East,22.2506,72.2446,8933036,5806473,61,65,2023-11-10,2024-10-21,,3,14.3,VEND184,0
WRK03054,School Building - Prayagraj West,School Building,Uttar Pradesh,Prayagraj,Prayagraj West,27.656,81.1247,1075936,828470,49,77,2024-04-27,2025-07-05,,1,99.8,VEND111,1
WRK02170,Water Supply Scheme - Guwahati West,Water Supply Scheme,Assam,Guwahati,Guwahati West,25.265,92.7068,3264703,261176,16,8,2023-11-28,2024-10-31,,11,10.9,VEND289,0
WRK00944,Health Sub-Centre - Gwalior East,Health Sub-Centre,Madhya Pradesh,Gwalior,Gwalior East,22.6796,77.5333,8501945,7906808,96,93,2023-04-29,2024-02-06,,5,11.5,VEND377,0
WRK00059,Public Toilet Complex - Cuttack Rural,Public Toilet Complex,Odisha,Cuttack,Cuttack Rural,20.7425,84.6402,515380,458688,87,89,2024-05-21,2024-12-20,,4,17.8,VEND115,0
WRK01759,Water Supply Scheme - Gurugram East,Water Supply Scheme,Haryana,Gurugram,Gurugram East,29.0074,74.999,4672616,513987,7,11,2023-06-05,2024-06-30,,7,44.3,VEND223,0
WRK00665,Streetlight Installation - Cuttack Rural,Streetlight Installation,Odisha,Cuttack,Cuttack Rural,19.9879,86.0003,13628456,11039049,85,81,2024-02-16,2024-08-17,,11,32.2,VEND252,0
WRK01177,Health Sub-Centre - Thiruvananthapuram Rural,Health Sub-Centre,Kerala,Thiruvananthapuram,Thiruvananthapuram Rural,9.9633,75.3645,2872266,229781,0,8,2022-07-07,2023-01-29,,3,10.2,VEND197,0
WRK03345,Anganwadi Centre - Howrah Central,Anganwadi Centre,West Bengal,Howrah,Howrah Central,23.0901,86.7014,8984376,6917969,77,77,2022-11-20,2024-01-19,,12,21.8,VEND306,0
WRK00651,Water Supply Scheme - Cuttack South,Water Supply Scheme,Odisha,Cuttack,Cuttack South,21.642,85.9226,2090883,1798159,90,86,2023-04-19,2023-11-20,,6,27.0,VEND258,0
WRK03865,Road Construction - Mumbai West,Road Construction,Maharashtra,Mumbai,Mumbai West,19.3226,75.0423,1661068,1229190,76,74,2022-04-26,2023-03-03,,5,19.3,VEND039,0
WRK00463,Irrigation Canal - Muzaffarpur Urban,Irrigation Canal,Bihar,Muzaffarpur,Muzaffarpur Urban,26.5461,85.3992,1066940,10669,2,1,2022-11-16,2023-03-26,,4,44.1,VEND102,0
WRK00932,Irrigation Canal - Howrah Urban,Irrigation Canal,West Bengal,Howrah,Howrah Urban,22.5429,86.8251,17524437,7185019,42,41,2023-01-26,2023-09-27,,8,18.1,VEND162,0
WRK00051,Road Construction - Thiruvananthapuram Urban,Road Construction,Kerala,Thiruvananthapuram,Thiruvananthapuram Urban,11.1409,75.2019,16712043,13202513,82,79,2023-07-30,2024-02-02,,12,38.0,VEND115,0
WRK00773,Public Toilet Complex - Warangal West,Public Toilet Complex,Telangana,Warangal,Warangal West,17.7333,80.4072,4136706,4136706,96,100,2022-10-17,2023-07-25,,8,44.1,VEND360,0
WRK01143,Irrigation Canal - Guwahati Central,Irrigation Canal,Assam,Guwahati,Guwahati Central,26.93,93.7794,591439,65058,9,11,2023-07-10,2024-01-24,,7,43.2,VEND021,0
WRK02895,School Building - Patiala West,School Building,Punjab,Patiala,Patiala West,31.668,74.8136,17709481,17709481,99,100,2023-10-09,2024-06-06,,9,15.1,VEND310,0
WRK00307,Irrigation Canal - Hubballi North,Irrigation Canal,Karnataka,Hubballi,Hubballi North,16.1501,75.7649,3407936,579349,16,17,2023-09-05,2024-07-27,,3,22.9,VEND282,0
WRK01766,Road Construction - Patna Central,Road Construction,Bihar,Patna,Patna Central,26.6361,83.9088,968709,416544,37,43,2022-08-24,2023-06-08,,9,11.9,VEND360,0
WRK01250,Streetlight Installation - Jodhpur North,Streetlight Installation,Rajasthan,Jodhpur,Jodhpur North,26.1564,74.4315,3062323,1163682,38,38,2023-05-07,2023-11-24,,6,16.6,VEND311,0
WRK01274,Health Sub-Centre - Gwalior North,Health Sub-Centre,Madhya Pradesh,Gwalior,Gwalior North,23.5097,77.8898,9938758,7652843,74,77,2024-03-19,2024-08-27,,11,41.5,VEND085,0
WRK00066,Road Construction - Nizamabad South,Road Construction,Telangana,Nizamabad,Nizamabad South,16.9332,79.776,7547669,5962658,80,79,2024-02-22,2024-06-23,,6,34.3,VEND177,0
WRK02007,Irrigation Canal - Rourkela Rural,Irrigation Canal,Odisha,Rourkela,Rourkela Rural,20.7548,83.9614,1072095,203698,13,19,2024-01-06,2024-07-29,,10,30.2,VEND190,0
WRK01095,Health Sub-Centre - Udaipur Central,Health Sub-Centre,Rajasthan,Udaipur,Udaipur Central,27.5532,73.3249,430286,90360,14,21,2023-06-23,2024-03-14,,5,40.8,VEND038,0
WRK02318,Streetlight Installation - Warangal Rural,Streetlight Installation,Telangana,Warangal,Warangal Rural,17.339,79.5349,8512380,3915694,40,46,2023-11-19,2024-04-14,,4,30.0,VEND377,0
WRK02296,Drainage Project - Vellore West,Drainage Project,Tamil Nadu,Vellore,Vellore West,11.2282,77.4273,4879055,4781473,94,98,2023-04-08,2024-08-04,,2,74.5,VEND348,1
WRK03777,Road Construction - Gorakhpur South,Road Construction,Uttar Pradesh,Gorakhpur,Gorakhpur South,26.2597,81.3263,8218329,3451698,34,42,2023-01-22,2024-05-23,,7,42.3,VEND180,0
WRK00196,Drainage Project - Muzaffarpur South,Drainage Project,Bihar,Muzaffarpur,Muzaffarpur South,25.9876,84.8092,15623747,12342760,80,79,2022-06-21,2023-05-23,,11,36.8,VEND314,0
WRK03236,Streetlight Installation - Solapur Rural,Streetlight Installation,Maharashtra,Solapur,Solapur Rural,19.9383,74.6892,1992095,1414387,65,71,2023-08-16,2024-03-07,,4,44.9,VEND196,0
WRK03980,Irrigation Canal - Nagpur Urban,Irrigation Canal,Maharashtra,Nagpur,Nagpur Urban,19.0497,75.4414,2387532,1289267,54,54,2024-04-19,2024-09-26,,5,18.2,VEND062,0
WRK01174,Anganwadi Centre - Gwalior Urban,Anganwadi Centre,Madhya Pradesh,Gwalior,Gwalior Urban,23.8197,77.9738,12241733,6855370,60,56,2023-04-26,2024-08-14,,8,16.4,VEND160,0
WRK03006,Drainage Project - Asansol West,Drainage Project,West Bengal,Asansol,Asansol West,22.4452,88.9866,12987928,7662877,55,59,2023-10-30,2024-03-16,,11,28.0,VEND214,0
WRK01249,Irrigation Canal - Gaya South,Irrigation Canal,Bihar,Gaya,Gaya South,26.0485,85.5114,7539064,301562,12,4,2022-10-06,2023-05-25,,9,26.5,VEND139,0
WRK02700,Public Toilet Complex - Chennai East,Public Toilet Complex,Tamil Nadu,Chennai,Chennai East,10.1516,79.4599,847144,728543,87,86,2022-11-12,2023-11-16,,9,35.5,VEND354,0
WRK03117,Drainage Project - Lucknow Rural,Drainage Project,Uttar Pradesh,Lucknow,Lucknow Rural,26.4341,81.1754,21315003,13641601,59,64,2024-05-16,2025-03-01,,5,25.5,VEND129,0
WRK03120,Road Construction - Gwalior North,Road Construction,Madhya Pradesh,Gwalior,Gwalior North,23.1922,77.5744,2339061,935624,34,40,2023-09-09,2024-04-16,,9,33.8,VEND037,0
WRK02321,Road Construction - Rajkot Central,Road Construction,Gujarat,Rajkot,Rajkot Central,21.7939,71.7119,5250053,2730027,59,52,2023-04-19,2024-08-02,,5,44.0,VEND382,0
WRK01959,Public Toilet Complex - Asansol East,Public Toilet Complex,West Bengal,Asansol,Asansol East,21.7481,88.7371,16514455,13211564,79,80,2023-03-27,2024-07-10,,9,19.7,VEND261,0
WRK01632,Water Supply Scheme - Erode South,Water Supply Scheme,Tamil Nadu,Erode,Erode South,11.5259,78.6618,10965234,6798445,67,62,2022-08-08,2023-04-29,,8,21.2,VEND082,0
WRK01626,Health Sub-Centre - Prayagraj Urban,Health Sub-Centre,Uttar Pradesh,Prayagraj,Prayagraj Urban,27.3034,79.7177,8150114,3423047,48,42,2023-03-25,2024-07-26,,3,38.2,VEND110,0
WRK00985,Community Hall - Bengaluru Urban East,Community Hall,Karnataka,Bengaluru Urban,Bengaluru Urban East,14.2838,75.5098,813063,146351,12,18,2022-10-22,2024-02-09,,8,13.3,VEND320,0
WRK02973,Streetlight Installation - Panipat West,Streetlight Installation,Haryana,Panipat,Panipat West,29.8122,76.8532,5597929,2463088,45,44,2024-06-25,2024-12-04,,12,10.7,VEND087,0
WRK02704,Public Toilet Complex - Asansol North,Public Toilet Complex,West Bengal,Asansol,Asansol North,22.2397,87.2517,15916880,14006854,27,88,2022-10-15,2023-02-22,,5,67.9,VEND396,1
WRK00397,Water Supply Scheme - Rourkela Urban,Water Supply Scheme,Odisha,Rourkela,Rourkela Urban,21.6743,84.817,16764282,8214498,48,49,2022-10-22,2023-05-25,,11,27.2,VEND155,0
WRK02299,Water Supply Scheme - Warangal West,Water Supply Scheme,Telangana,Warangal,Warangal West,19.0465,78.559,4082455,1347210,31,33,2023-05-23,2023-12-21,,12,23.2,VEND002,0
WRK00873,Road Construction - Rajkot Urban,Road Construction,Gujarat,Rajkot,Rajkot Urban,23.2406,71.8232,2398102,695449,34,29,2022-06-26,2022-11-21,,8,30.8,VEND149,0
WRK01454,Irrigation Canal - Bhubaneswar North,Irrigation Canal,Odisha,Bhubaneswar,Bhubaneswar North,20.2649,84.9865,402929,181318,52,45,2022-08-19,2023-04-14,,6,26.3,VEND274,0
WRK03729,Anganwadi Centre - Gaya West,Anganwadi Centre,Bihar,Gaya,Gaya West,24.8487,85.0239,18778217,9764672,52,52,2022-07-14,2023-07-05,,3,36.8,VEND142,0
WRK02459,Streetlight Installation - Amritsar Rural,Streetlight Installation,Punjab,Amritsar,Amritsar Rural,30.9251,74.6605,2862564,658389,31,23,2022-06-30,2022-11-11,,10,38.2,VEND243,0
WRK01784,Road Construction - Jaipur North,Road Construction,Rajasthan,Jaipur,Jaipur North,26.7944,73.2697,8456409,0,4,0,2024-04-24,2025-09-29,,9,39.4,VEND024,0
WRK00587,Drainage Project - Jodhpur North,Drainage Project,Rajasthan,Jodhpur,Jodhpur North,27.1729,74.2304,9381611,7599104,74,81,2022-08-08,2023-08-23,,6,35.5,VEND241,0
WRK03142,Drainage Project - Mysuru West,Drainage Project,Karnataka,Mysuru,Mysuru West,15.9644,75.3914,433720,199511,46,46,2022-12-28,2024-06-05,,10,38.0,VEND057,0
WRK03256,Irrigation Canal - Kalaburagi Central,Irrigation Canal,Karnataka,Kalaburagi,Kalaburagi Central,14.22,75.9637,7412890,963675,19,13,2022-05-07,2023-05-24,,6,16.7,VEND201,0
WRK01190,School Building - Bhubaneswar South,School Building,Odisha,Bhubaneswar,Bhubaneswar South,20.1251,83.8123,2361909,708572,28,30,2023-07-13,2024-02-13,,4,35.0,VEND254,0
WRK02951,Streetlight Installation - Dibrugarh East,Streetlight Installation,Assam,Dibrugarh,Dibrugarh East,27.3132,92.1802,2543280,635820,29,25,2023-11-30,2024-06-15,,9,27.0,VEND138,0
WRK00474,Health Sub-Centre - Vadodara Rural,Health Sub-Centre,Gujarat,Vadodara,Vadodara Rural,21.4334,70.0293,8810199,2907365,33,33,2023-06-15,2024-03-05,,11,21.0,VEND085,0
WRK02587,Streetlight Installation - Kota Urban,Streetlight Installation,Rajasthan,Kota,Kota Urban,25.8365,75.067,17023980,17023980,96,100,2023-07-25,2024-01-09,,4,33.7,VEND299,0
WRK03978,Public Toilet Complex - Thrissur Central,Public Toilet Complex,Kerala,Thrissur,Thrissur Central,10.2961,77.3794,23917783,11958891,52,50,2024-01-03,2025-03-08,,4,30.0,VEND115,0
WRK01331,Drainage Project - Thrissur East,Drainage Project,Kerala,Thrissur,Thrissur East,10.5579,75.5814,9545430,7922706,85,83,2023-12-04,2024-11-05,,12,41.2,VEND072,0
WRK03947,Public Toilet Complex - Agra Central,Public Toilet Complex,Uttar Pradesh,Agra,Agra Central,27.2427,81.1948,499797,69971,20,14,2022-05-20,2023-09-26,,3,30.3,VEND213,0
WRK02452,Anganwadi Centre - Warangal Urban,Anganwadi Centre,Telangana,Warangal,Warangal Urban,18.8827,79.548,13025669,5080010,40,39,2023-06-19,2024-10-19,,8,17.3,VEND298,0
WRK02827,School Building - Meerut East,School Building,Uttar Pradesh,Meerut,Meerut East,26.5752,80.1004,1099778,637871,60,58,2024-04-23,2025-03-18,,3,38.7,VEND170,0
WRK01209,Water Supply Scheme - Patiala West,Water Supply Scheme,Punjab,Patiala,Patiala West,32.0481,76.1478,427472,192362,46,45,2023-07-10,2024-08-07,,5,20.0,VEND375,0
WRK01931,Irrigation Canal - Kolkata North,Irrigation Canal,West Bengal,Kolkata,Kolkata North,22.1004,86.712,18020688,7388482,41,41,2022-07-22,2023-08-17,,11,28.8,VEND200,0
WRK02324,Streetlight Installation - Rourkela Central,Streetlight Installation,Odisha,Rourkela,Rourkela Central,19.9876,84.8826,16689993,13852694,87,83,2022-11-04,2024-04-09,,6,29.8,VEND208,0
WRK01720,Public Toilet Complex - Gurugram Urban,Public Toilet Complex,Haryana,Gurugram,Gurugram Urban,29.9284,76.9333,7768541,6292518,75,81,2024-01-25,2024-09-16,,5,28.3,VEND122,0
WRK00408,Streetlight Installation - Mysuru North,Streetlight Installation,Karnataka,Mysuru,Mysuru North,15.707,74.6678,4542294,4133487,88,91,2023-03-23,2023-12-27,,5,38.6,VEND306,0
WRK00138,Public Toilet Complex - Tirunelveli North,Public Toilet Complex,Tamil Nadu,Tirunelveli,Tirunelveli North,11.0956,78.5429,4226871,4184602,99,99,2024-01-09,2024-09-25,,3,55.1,VEND194,1
WRK00798,Streetlight Installation - Cuttack Rural,Streetlight Installation,Odisha,Cuttack,Cuttack Rural,20.25,85.1125,17936176,8609364,45,48,2023-05-29,2024-04-23,,11,24.9,VEND392,0
WRK01061,Irrigation Canal - Thiruvananthapuram Rural,Irrigation Canal,Kerala,Thiruvananthapuram,Thiruvananthapuram Rural,11.5522,77.2182,9338872,7751263,91,83,2024-01-23,2025-02-19,,10,26.8,VEND372,0
WRK02421,Anganwadi Centre - Mangaluru East,Anganwadi Centre,Karnataka,Mangaluru,Mangaluru East,16.1047,75.2604,11398694,11170720,92,98,2023-04-05,2024-03-12,,2,44.4,VEND197,1
WRK03286,Irrigation Canal - Thrissur Urban,Irrigation Canal,Kerala,Thrissur,Thrissur Urban,11.6509,77.3976,6475207,5374421,87,83,2023-07-27,2024-04-08,,4,32.8,VEND373,0
WRK01232,Health Sub-Centre - Cuttack East,Health Sub-Centre,Odisha,Cuttack,Cuttack East,20.4551,85.4176,12734987,12734987,100,100,2024-07-01,2025-07-18,2025-07-29,8,14.6,VEND178,0
WRK02853,Irrigation Canal - Kalaburagi Urban,Irrigation Canal,Karnataka,Kalaburagi,Kalaburagi Urban,14.4889,76.2749,895837,179167,12,20,2024-03-14,2025-04-29,,4,26.0,VEND192,0
WRK01912,Health Sub-Centre - Tiruchirappalli Rural,Health Sub-Centre,Tamil Nadu,Tiruchirappalli,Tiruchirappalli Rural,10.5994,78.2068,20660551,9503853,53,46,2024-03-05,2025-04-12,,4,25.9,VEND026,0
WRK03632,Health Sub-Centre - Guwahati West,Health Sub-Centre,Assam,Guwahati,Guwahati West,26.3486,92.7401,1786426,214371,15,12,2022-09-05,2023-01-05,,3,13.8,VEND155,0
WRK02998,Irrigation Canal - Thiruvananthapuram Central,Irrigation Canal,Kerala,Thiruvananthapuram,Thiruvananthapuram Central,11.655,75.2819,963537,375779,35,39,2022-10-30,2023-03-18,,4,23.5,VEND125,0
WRK00835,Road Construction - Kolkata North,Road Construction,West Bengal,Kolkata,Kolkata North,22.978,86.8769,499140,174699,33,35,2023-02-06,2023-07-14,,12,37.7,VEND195,0
WRK00517,Water Supply Scheme - Udaipur West,Water Supply Scheme,Rajasthan,Udaipur,Udaipur West,27.1568,74.1134,23576287,10137803,50,43,2023-06-19,2023-11-17,,5,41.6,VEND030,0
WRK02909,Road Construction - Bhubaneswar East,Road Construction,Odisha,Bhubaneswar,Bhubaneswar East,20.1617,85.6059,2183210,2008553,14,92,2024-07-06,2025-11-29,,3,43.5,VEND170,1
WRK00966,Community Hall - Aurangabad West,Community Hall,Maharashtra,Aurangabad,Aurangabad West,20.1372,76.7798,3280659,754551,20,23,2023-01-23,2024-07-06,,8,24.5,VEND284,0
WRK01849,Community Hall - Warangal West,Community Hall,Telangana,Warangal,Warangal West,17.7528,79.5978,7216583,6927919,96,96,2023-02-27,2024-02-08,,5,15.1,VEND111,0
WRK00221,Water Supply Scheme - Meerut Rural,Water Supply Scheme,Uttar Pradesh,Meerut,Meerut Rural,27.6683,81.9707,2115199,1988287,26,94,2023-10-24,2025-03-10,,2,90.2,VEND360,1
WRK03084,School Building - Bikaner East,School Building,Rajasthan,Bikaner,Bikaner East,26.1839,73.6666,1009273,0,0,0,2023-10-01,2025-03-11,,12,21.2,VEND337,0
WRK03820,Drainage Project - Gurugram West,Drainage Project,Haryana,Gurugram,Gurugram West,29.1831,74.9576,10046033,2310587,26,23,2023-01-23,2023-09-28,,12,38.3,VEND215,0
WRK03635,Community Hall - Nizamabad North,Community Hall,Telangana,Nizamabad,Nizamabad North,18.2477,79.7793,544799,326879,58,60,2024-02-07,2024-12-20,,12,43.3,VEND214,0
WRK03079,School Building - Thrissur Central,School Building,Kerala,Thrissur,Thrissur Central,10.6749,75.7422,467735,177739,39,38,2022-07-28,2023-01-02,,6,11.6,VEND132,0
WRK02189,Water Supply Scheme - Gaya Central,Water Supply Scheme,Bihar,Gaya,Gaya Central,25.6735,85.5309,3326438,1197517,44,36,2022-09-24,2023-04-25,,4,28.7,VEND181,0
WRK03485,Irrigation Canal - Darjeeling Central,Irrigation Canal,West Bengal,Darjeeling,Darjeeling Central,22.0551,87.5076,1797479,1455957,86,81,2023-09-16,2024-06-14,,6,41.8,VEND128,0
WRK01228,Health Sub-Centre - Erode South,Health Sub-Centre,Tamil Nadu,Erode,Erode South,10.4788,77.9606,8748497,2799519,24,32,2024-08-19,2025-04-25,,7,44.4,VEND013,0
WRK03289,Health Sub-Centre - Bhopal West,Health Sub-Centre,Madhya Pradesh,Bhopal,Bhopal West,24.4052,78.3614,1966740,157339,14,8,2022-05-04,2023-06-06,,6,24.4,VEND355,0
WRK02423,Water Supply Scheme - Udaipur Central,Water Supply Scheme,Rajasthan,Udaipur,Udaipur Central,27.9126,73.6718,1832978,1246425,62,68,2024-01-15,2024-08-15,,9,39.8,VEND135,0
WRK00726,Drainage Project - Varanasi West,Drainage Project,Uttar Pradesh,Varanasi,Varanasi West,27.8069,82.0838,22088063,11485792,55,52,2023-12-13,2024-06-01,,7,43.2,VEND187,0
WRK03860,Anganwadi Centre - Bhubaneswar West,Anganwadi Centre,Odisha,Bhubaneswar,Bhubaneswar West,20.6014,85.0074,5228842,4862823,96,93,2023-03-17,2023-10-31,,7,39.7,VEND272,0
WRK01649,Irrigation Canal - Thiruvananthapuram Urban,Irrigation Canal,Kerala,Thiruvananthapuram,Thiruvananthapuram Urban,11.3348,75.078,8576012,7718410,90,90,2024-05-15,2025-09-05,,12,10.1,VEND128,0
WRK00283,Irrigation Canal - Thiruvananthapuram South,Irrigation Canal,Kerala,Thiruvananthapuram,Thiruvananthapuram South,11.6643,76.0978,13593600,5301504,45,39,2024-03-02,2024-12-16,,5,19.8,VEND016,0
WRK01339,Road Construction - Patiala South,Road Construction,Punjab,Patiala,Patiala South,31.3347,75.6954,6647945,0,7,0,2024-02-06,2025-03-22,,4,21.8,VEND320,0
WRK01927,Drainage Project - Belagavi Rural,Drainage Project,Karnataka,Belagavi,Belagavi Rural,15.126,75.1534,4238543,211927,3,5,2023-12-30,2025-01-16,,4,16.8,VEND371,0
WRK02054,Water Supply Scheme - Bhopal South,Water Supply Scheme,Madhya Pradesh,Bhopal,Bhopal South,22.3428,78.8662,1796505,1491099,80,83,2023-06-05,2024-08-26,,8,13.3,VEND067,0
WRK01752,Anganwadi Centre - Vellore North,Anganwadi Centre,Tamil Nadu,Vellore,Vellore North,11.3192,79.1261,834163,658988,87,79,2023-11-29,2024-09-04,,3,43.5,VEND132,0
WRK01411,Community Hall - Aurangabad Rural,Community Hall,Maharashtra,Aurangabad,Aurangabad Rural,18.7991,76.0659,903243,433556,54,48,2022-04-15,2023-07-29,,8,32.6,VEND246,0
WRK03660,Water Supply Scheme - Agra South,Water Supply Scheme,Uttar Pradesh,Agra,Agra South,27.4433,79.7303,9496684,2089270,17,22,2022-11-29,2023-08-09,,10,39.5,VEND239,0
WRK03812,Anganwadi Centre - Nashik West,Anganwadi Centre,Maharashtra,Nashik,Nashik West,18.6777,75.6562,1750537,1505461,87,86,2022-07-18,2023-05-07,,12,17.6,VEND396,0
WRK02584,Public Toilet Complex - Hyderabad North,Public Toilet Complex,Telangana,Hyderabad,Hyderabad North,16.7582,79.8,868677,312723,40,36,2023-01-25,2023-08-04,,10,32.8,VEND200,0
WRK00472,Irrigation Canal - Panipat North,Irrigation Canal,Haryana,Panipat,Panipat North,28.4202,76.1056,5510083,1597924,21,29,2022-10-01,2023-06-11,,10,42.6,VEND240,0
WRK01045,Health Sub-Centre - Tirunelveli East,Health Sub-Centre,Tamil Nadu,Tirunelveli,Tirunelveli East,11.7446,77.9431,13942917,3485729,19,25,2023-03-21,2024-03-02,,10,17.4,VEND358,0
WRK01508,Anganwadi Centre - Darjeeling East,Anganwadi Centre,West Bengal,Darjeeling,Darjeeling East,23.4249,88.007,15712481,3928120,32,25,2022-06-18,2022-12-02,,7,14.6,VEND275,0
WRK01180,Water Supply Scheme - Bhubaneswar Central,Water Supply Scheme,Odisha,Bhubaneswar,Bhubaneswar Central,21.2485,85.5885,1918624,920939,56,48,2024-07-12,2026-01-02,,12,11.4,VEND276,0
WRK01202,Health Sub-Centre - Dibrugarh South,Health Sub-Centre,Assam,Dibrugarh,Dibrugarh South,25.5971,93.9609,17058303,12793727,82,75,2023-07-18,2024-02-25,,9,23.3,VEND150,0
WRK00012,Drainage Project - Lucknow Urban,Drainage Project,Uttar Pradesh,Lucknow,Lucknow Urban,26.6204,80.1991,2621825,1782841,60,68,2022-05-30,2023-11-15,,8,36.8,VEND120,0
WRK03618,Road Construction - Vadodara West,Road Construction,Gujarat,Vadodara,Vadodara West,22.2506,70.5856,493434,261520,52,53,2024-01-19,2024-07-04,,5,23.5,VEND155,0
WRK00416,Health Sub-Centre - Silchar West,Health Sub-Centre,Assam,Silchar,Silchar West,27.382,93.9248,568406,164837,23,29,2024-03-15,2025-05-10,,4,16.3,VEND182,0
WRK03060,School Building - Indore North,School Building,Madhya Pradesh,Indore,Indore North,24.2278,78.1902,3245964,1136087,43,35,2023-05-03,2023-11-08,,9,34.4,VEND301,0
WRK03475,Community Hall - Bhagalpur Central,Community Hall,Bihar,Bhagalpur,Bhagalpur Central,25.2442,84.9941,3527781,2681113,33,76,2023-09-28,2024-09-13,,2,97.7,VEND240,1
WRK02546,Community Hall - Jodhpur Urban,Community Hall,Rajasthan,Jodhpur,Jodhpur Urban,27.858,73.0004,5431011,4887909,86,90,2023-08-14,2024-06-16,,8,42.6,VEND198,0
WRK03203,Drainage Project - Silchar East,Drainage Project,Assam,Silchar,Silchar East,26.301,93.5372,9224233,3320723,31,36,2023-08-04,2024-10-06,,8,24.2,VEND036,0
WRK01186,Anganwadi Centre - Asansol West,Anganwadi Centre,West Bengal,Asansol,Asansol West,23.0102,88.8229,11428923,6171618,62,54,2023-04-22,2023-10-01,,10,13.7,VEND288,0
WRK03071,Water Supply Scheme - Patna Central,Water Supply Scheme,Bihar,Patna,Patna Central,26.0185,84.0696,9255483,9255483,98,100,2022-08-08,2023-01-11,,11,14.8,VEND072,0
WRK00758,Public Toilet Complex - Thrissur Central,Public Toilet Complex,Kerala,Thrissur,Thrissur Central,11.537,75.4686,7473953,3213799,49,43,2024-07-20,2025-03-14,,12,35.0,VEND270,0
WRK02349,Public Toilet Complex - Agra Central,Public Toilet Complex,Uttar Pradesh,Agra,Agra Central,27.8413,81.6435,6698519,602866,7,9,2024-01-25,2025-01-26,,11,44.0,VEND149,0
WRK01552,School Building - Thrissur West,School Building,Kerala,Thrissur,Thrissur West,10.5684,75.7999,8232872,6750955,89,82,2023-07-09,2024-07-07,,9,40.1,VEND255,0
WRK02615,Water Supply Scheme - Kalaburagi East,Water Supply Scheme,Karnataka,Kalaburagi,Kalaburagi East,15.4095,76.1963,877495,666896,77,76,2024-02-13,2025-01-14,,10,45.0,VEND376,0
WRK00545,Public Toilet Complex - Agra Central,Public Toilet Complex,Uttar Pradesh,Agra,Agra Central,26.5097,82.0363,22552508,6089177,34,27,2023-04-30,2023-10-25,,8,26.3,VEND209,0
WRK00947,Drainage Project - Mysuru Rural,Drainage Project,Karnataka,Mysuru,Mysuru Rural,15.8986,75.5347,16651464,5661497,26,34,2022-08-23,2023-02-08,,5,11.0,VEND021,0
WRK02096,Anganwadi Centre - Panipat Urban,Anganwadi Centre,Haryana,Panipat,Panipat Urban,28.604,75.2975,470147,47014,14,10,2023-10-13,2024-04-28,,4,21.8,VEND327,0
WRK01141,Irrigation Canal - Nashik North,Irrigation Canal,Maharashtra,Nashik,Nashik North,19.4832,76.8477,8066703,8066703,14,100,2024-02-18,2024-09-02,,3,66.9,VEND390,1
WRK01404,Road Construction - Indore West,Road Construction,Madhya Pradesh,Indore,Indore West,24.1479,78.1054,17458462,13268431,75,76,2023-07-10,2024-11-09,,11,44.9,VEND234,0
WRK03626,School Building - Kozhikode East,School Building,Kerala,Kozhikode,Kozhikode East,11.217,75.9286,1655665,1390758,86,84,2022-10-14,2023-06-02,,9,23.7,VEND375,0
WRK02280,Irrigation Canal - Bhagalpur North,Irrigation Canal,Bihar,Bhagalpur,Bhagalpur North,24.9652,85.969,5305985,2812172,60,53,2022-06-13,2023-11-17,,11,39.9,VEND183,0
WRK02374,Water Supply Scheme - Hubballi West,Water Supply Scheme,Karnataka,Hubballi,Hubballi West,15.5663,76.4687,3354259,3253631,98,97,2022-12-07,2024-03-02,,5,44.0,VEND220,0
WRK03017,Water Supply Scheme - Howrah East,Water Supply Scheme,West Bengal,Howrah,Howrah East,23.3906,88.3093,5741620,4478463,79,78,2023-12-21,2024-09-23,,3,27.2,VEND366,0
WRK03275,Anganwadi Centre - Bikaner East,Anganwadi Centre,Rajasthan,Bikaner,Bikaner East,27.9535,73.3268,2421983,1041452,35,43,2023-06-06,2024-11-16,,9,35.8,VEND365,0
WRK00672,Road Construction - Solapur Rural,Road Construction,Maharashtra,Solapur,Solapur Rural,20.6405,75.5412,475462,223467,39,47,2023-12-05,2024-09-13,,4,19.6,VEND362,0
WRK00946,Streetlight Installation - Belagavi East,Streetlight Installation,Karnataka,Belagavi,Belagavi East,16.3299,75.4296,927219,927219,9,100,2023-06-24,2024-02-13,,4,79.6,VEND386,1
WRK00224,Public Toilet Complex - Indore Central,Public Toilet Complex,Madhya Pradesh,Indore,Indore Central,22.2473,77.6499,4357089,4269947,98,98,2022-11-06,2023-09-14,,8,43.7,VEND230,0
WRK00614,Health Sub-Centre - Nizamabad North,Health Sub-Centre,Telangana,Nizamabad,Nizamabad North,17.5174,78.4721,420251,88252,13,21,2022-06-18,2023-11-06,,8,24.4,VEND085,0
WRK02358,School Building - Udaipur East,School Building,Rajasthan,Udaipur,Udaipur East,27.05,74.0761,16962723,5597698,32,33,2022-09-05,2023-04-02,,7,12.4,VEND263,0
WRK01659,Public Toilet Complex - Ahmedabad Rural,Public Toilet Complex,Gujarat,Ahmedabad,Ahmedabad Rural,21.8635,70.8739,6759634,5137321,75,76,2023-08-29,2024-11-11,,11,11.1,VEND037,0
WRK01345,Water Supply Scheme - Muzaffarpur West,Water Supply Scheme,Bihar,Muzaffarpur,Muzaffarpur West,24.8997,85.9711,9707433,7960095,78,82,2024-04-26,2025-03-08,,3,28.9,VEND140,0
WRK01467,Health Sub-Centre - Dibrugarh East,Health Sub-Centre,Assam,Dibrugarh,Dibrugarh East,25.2083,92.2684,941625,178908,27,19,2022-12-23,2024-02-26,,6,24.2,VEND193,0
WRK02695,Anganwadi Centre - Warangal Rural,Anganwadi Centre,Telangana,Warangal,Warangal Rural,16.9168,79.6504,5639035,2368394,38,42,2022-06-10,2023-03-11,,9,16.2,VEND218,0
WRK01658,Public Toilet Complex - Rourkela Central,Public Toilet Complex,Odisha,Rourkela,Rourkela Central,20.9676,84.1045,2103897,2103897,99,100,2023-12-01,2024-12-13,,5,41.4,VEND043,0
WRK02335,Health Sub-Centre - Tiruchirappalli Central,Health Sub-Centre,Tamil Nadu,Tiruchirappalli,Tiruchirappalli Central,11.0551,78.8817,4062723,1665716,48,41,2022-05-24,2023-01-20,,8,31.5,VEND087,0
WRK00181,Public Toilet Complex - Darjeeling East,Public Toilet Complex,West Bengal,Darjeeling,Darjeeling East,23.6063,86.8561,5661238,1981433,32,35,2023-10-23,2025-04-09,,3,24.4,VEND180,0
WRK01838,Irrigation Canal - Mangaluru North,Irrigation Canal,Karnataka,Mangaluru,Mangaluru North,15.9722,76.3509,23377786,15896894,73,68,2023-02-03,2023-09-27,,6,36.7,VEND271,0
WRK01037,Public Toilet Complex - Indore Urban,Public Toilet Complex,Madhya Pradesh,Indore,Indore Urban,23.5542,79.4414,11737732,0,5,0,2023-11-04,2024-10-23,,8,23.0,VEND076,0
WRK00126,School Building - Belagavi Rural,School Building,Karnataka,Belagavi,Belagavi Rural,16.4669,76.1756,455952,145904,25,32,2022-12-13,2023-06-01,,8,22.5,VEND344,0
WRK01103,Streetlight Installation - Guwahati Central,Streetlight Installation,Assam,Guwahati,Guwahati Central,26.2568,92.4659,10009963,1801793,24,18,2023-12-16,2025-03-12,,9,38.6,VEND239,0
WRK00731,Public Toilet Complex - Pune West,Public Toilet Complex,Maharashtra,Pune,Pune West,19.7143,75.03,17829555,17829555,97,100,2024-03-29,2024-12-03,,8,25.7,VEND368,0
WRK00617,School Building - Rajkot North,School Building,Gujarat,Rajkot,Rajkot North,22.1654,69.9661,2371213,877348,31,37,2023-10-14,2025-01-12,,5,26.5,VEND143,0
WRK00813,Drainage Project - Bengaluru Urban South,Drainage Project,Karnataka,Bengaluru Urban,Bengaluru Urban South,14.6041,75.1745,1927736,96386,11,5,2022-12-25,2023-07-25,,10,39.6,VEND107,0
WRK01074,Road Construction - Varanasi Rural,Road Construction,Uttar Pradesh,Varanasi,Varanasi Rural,27.6949,80.8999,6696001,937440,12,14,2023-05-14,2024-07-27,,11,12.4,VEND284,0
WRK02388,Water Supply Scheme - Panipat North,Water Supply Scheme,Haryana,Panipat,Panipat North,29.4176,76.0996,19776933,15228238,69,77,2023-11-02,2025-01-26,,9,39.7,VEND391,0
WRK00112,Health Sub-Centre - Jalandhar East,Health Sub-Centre,Punjab,Jalandhar,Jalandhar East,31.2951,76.1715,9000958,9000958,96,100,2023-01-26,2023-09-14,,10,44.9,VEND386,0
WRK02099,Public Toilet Complex - Surat Central,Public Toilet Complex,Gujarat,Surat,Surat Central,21.9054,71.4938,425406,102097,18,24,2022-06-22,2023-07-18,,6,10.1,VEND343,0
WRK03720,Community Hall - Warangal Rural,Community Hall,Telangana,Warangal,Warangal Rural,18.6833,79.3851,2928431,0,5,0,2023-12-09,2024-11-15,,9,12.1,VEND315,0
WRK00134,Drainage Project - Panipat Rural,Drainage Project,Haryana,Panipat,Panipat Rural,30.1919,76.133,5452241,3925613,64,72,2022-08-16,2023-08-08,,4,23.9,VEND258,0
WRK01329,Public Toilet Complex - Vadodara Central,Public Toilet Complex,Gujarat,Vadodara,Vadodara Central,21.7972,71.5819,17541989,1403359,8,8,2023-12-23,2025-03-10,,7,42.7,VEND148,0
WRK03583,Drainage Project - Kozhikode Rural,Drainage Project,Kerala,Kozhikode,Kozhikode Rural,9.8467,75.186,7005912,3152660,44,45,2022-05-15,2023-03-28,,8,39.0,VEND379,0
WRK00528,Public Toilet Complex - Patiala Central,Public Toilet Complex,Punjab,Patiala,Patiala Central,30.3917,76.2068,6917183,3458591,50,50,2023-09-14,2025-02-13,,12,27.5,VEND217,0
WRK00439,Irrigation Canal - Rourkela North,Irrigation Canal,Odisha,Rourkela,Rourkela North,21.6535,85.2765,2608503,417360,8,16,2023-03-11,2023-11-25,,10,24.9,VEND178,0
WRK01820,Streetlight Installation - Udaipur East,Streetlight Installation,Rajasthan,Udaipur,Udaipur East,27.4522,73.3803,5816167,2849921,49,49,2024-06-06,2025-10-11,,10,21.6,VEND233,0
WRK00290,Irrigation Canal - Kozhikode North,Irrigation Canal,Kerala,Kozhikode,Kozhikode North,10.4347,76.6272,575725,454822,81,79,2024-05-16,2025-02-19,,8,17.0,VEND147,0
WRK01498,Streetlight Installation - Gwalior Central,Streetlight Installation,Madhya Pradesh,Gwalior,Gwalior Central,24.5034,79.4438,21314714,1705177,15,8,2024-04-08,2025-09-13,,12,44.1,VEND124,0
WRK02000,Streetlight Installation - Kozhikode Urban,Streetlight Installation,Kerala,Kozhikode,Kozhikode Urban,10.1518,76.2383,1176214,1093879,90,93,2023-03-03,2024-05-21,,11,14.4,VEND266,0
WRK01648,Drainage Project - Patiala North,Drainage Project,Punjab,Patiala,Patiala North,31.998,75.7991,6467318,6143952,95,95,2022-05-09,2022-09-16,,12,18.3,VEND394,0
WRK00976,Irrigation Canal - Dibrugarh Central,Irrigation Canal,Assam,Dibrugarh,Dibrugarh Central,26.9046,91.7763,4480141,627219,7,14,2024-05-18,2025-01-12,,7,24.4,VEND380,0
WRK00991,Water Supply Scheme - Jaipur North,Water Supply Scheme,Rajasthan,Jaipur,Jaipur North,26.8516,75.1582,842349,766537,47,91,2023-09-06,2025-02-20,,2,79.8,VEND257,1
WRK02692,Irrigation Canal - Nashik South,Irrigation Canal,Maharashtra,Nashik,Nashik South,20.3342,75.8981,5735114,516160,13,9,2023-03-29,2024-02-17,,9,36.8,VEND196,0
WRK00045,Public Toilet Complex - Cuttack Urban,Public Toilet Complex,Odisha,Cuttack,Cuttack Urban,21.9482,84.1301,16907788,15217009,26,90,2023-04-18,2024-10-09,,2,52.4,VEND260,1
WRK02501,School Building - Panipat North,School Building,Haryana,Panipat,Panipat North,28.4069,76.0418,815247,766332,29,94,2022-04-25,2023-01-23,,4,49.7,VEND040,1
WRK02488,Streetlight Installation - Jabalpur West,Streetlight Installation,Madhya Pradesh,Jabalpur,Jabalpur West,23.1489,79.2437,6505526,3187707,51,49,2023-03-23,2024-06-24,,8,22.7,VEND259,0
WRK01337,School Building - Patiala Central,School Building,Punjab,Patiala,Patiala Central,31.0383,74.5032,479996,244797,49,51,2023-08-01,2024-07-09,,4,14.9,VEND063,0
WRK00441,Public Toilet Complex - Bhagalpur Central,Public Toilet Complex,Bihar,Bhagalpur,Bhagalpur Central,26.8279,84.9795,1894207,1780554,97,94,2023-07-09,2024-10-14,,3,32.0,VEND265,0
WRK00042,Anganwadi Centre - Aurangabad Central,Anganwadi Centre,Maharashtra,Aurangabad,Aurangabad Central,19.7197,76.17,4092148,3887540,93,95,2022-05-10,2023-03-28,,5,76.8,VEND191,1
WRK02434,Public Toilet Complex - Gwalior Rural,Public Toilet Complex,Madhya Pradesh,Gwalior,Gwalior Rural,22.8831,78.2721,1195550,406487,38,34,2023-02-22,2024-01-24,,8,36.6,VEND028,0
WRK03270,Water Supply Scheme - Meerut Rural,Water Supply Scheme,Uttar Pradesh,Meerut,Meerut Rural,27.0719,81.528,17848139,6068367,42,34,2022-12-06,2023-11-30,,12,27.3,VEND073,0
WRK02590,Road Construction - Darjeeling North,Road Construction,West Bengal,Darjeeling,Darjeeling North,21.7347,86.8861,3214379,1350039,46,42,2023-12-21,2025-04-19,,5,42.8,VEND145,0
WRK02441,Water Supply Scheme - Gorakhpur Central,Water Supply Scheme,Uttar Pradesh,Gorakhpur,Gorakhpur Central,27.1487,81.6841,3005705,450855,22,15,2022-10-06,2024-01-09,,8,23.2,VEND336,0
WRK02823,Drainage Project - Thrissur North,Drainage Project,Kerala,Thrissur,Thrissur North,10.5977,76.748,6701343,2747550,35,41,2023-08-07,2024-10-01,,4,36.4,VEND316,0
WRK03027,Public Toilet Complex - Nagpur Rural,Public Toilet Complex,Maharashtra,Nagpur,Nagpur Rural,19.5472,76.3958,5611905,4040571,68,72,2022-08-31,2023-05-06,,6,35.3,VEND126,0
WRK03798,Irrigation Canal - Agra West,Irrigation Canal,Uttar Pradesh,Agra,Agra West,26.138,80.5619,2695645,0,6,0,2024-04-14,2025-06-18,,3,14.6,VEND254,0
WRK03567,School Building - Kota North,School Building,Rajasthan,Kota,Kota North,27.3608,73.5052,1192128,1156364,89,97,2022-09-30,2023-03-11,,4,39.7,VEND233,0
WRK00643,Anganwadi Centre - Gaya South,Anganwadi Centre,Bihar,Gaya,Gaya South,26.2365,84.6162,12374745,12250997,96,99,2022-12-18,2024-05-15,,11,34.8,VEND326,0
WRK03597,Health Sub-Centre - Bikaner Central,Health Sub-Centre,Rajasthan,Bikaner,Bikaner Central,26.2601,75.187,13592107,5029079,39,37,2024-01-31,2025-03-07,,11,18.2,VEND198,0
WRK01637,School Building - Thiruvananthapuram Urban,School Building,Kerala,Thiruvananthapuram,Thiruvananthapuram Urban,11.121,75.3372,14643618,8786170,65,60,2024-06-25,2025-11-28,,3,17.3,VEND378,0
WRK03545,Anganwadi Centre - Patiala Rural,Anganwadi Centre,Punjab,Patiala,Patiala Rural,30.8075,74.1613,8524058,7501171,85,88,2024-01-28,2025-07-20,,10,27.6,VEND288,0
WRK00593,Streetlight Installation - Bhagalpur Urban,Streetlight Installation,Bihar,Bhagalpur,Bhagalpur Urban,26.3191,84.6121,11816132,4726452,48,40,2023-02-19,2023-11-05,,5,25.5,VEND136,0
WRK03546,Health Sub-Centre - Ludhiana North,Health Sub-Centre,Punjab,Ludhiana,Ludhiana North,31.5776,75.195,1717100,1545390,94,90,2023-03-12,2023-08-13,,9,32.3,VEND246,0
WRK01142,School Building - Jaipur Rural,School Building,Rajasthan,Jaipur,Jaipur Rural,26.2675,74.9451,566522,566522,34,100,2023-09-16,2024-06-21,,3,66.4,VEND153,1
WRK03215,Water Supply Scheme - Amritsar Urban,Water Supply Scheme,Punjab,Amritsar,Amritsar Urban,31.443,76.1667,14506213,10879659,69,75,2024-07-13,2025-09-21,,4,37.7,VEND387,0
WRK00877,School Building - Gurugram Central,School Building,Haryana,Gurugram,Gurugram Central,27.8412,76.9998,552460,110492,13,20,2022-12-10,2023-07-22,,3,39.1,VEND228,0
WRK00336,Streetlight Installation - Gwalior South,Streetlight Installation,Madhya Pradesh,Gwalior,Gwalior South,23.0085,77.8371,9734621,8663812,33,89,2022-07-21,2023-01-30,,1,97.4,VEND367,1
WRK00368,Anganwadi Centre - Thiruvananthapuram Rural,Anganwadi Centre,Kerala,Thiruvananthapuram,Thiruvananthapuram Rural,11.5941,77.0751,406077,186795,45,46,2022-11-10,2023-05-16,,6,32.7,VEND047,0
WRK01684,Irrigation Canal - Panipat West,Irrigation Canal,Haryana,Panipat,Panipat West,28.6892,76.1654,21296894,20232049,20,95,2023-02-14,2024-05-31,,4,79.2,VEND338,1
WRK03731,School Building - Meerut North,School Building,Uttar Pradesh,Meerut,Meerut North,27.4512,80.6876,3239245,0,0,0,2022-04-17,2023-02-10,,5,28.6,VEND309,0
WRK02290,Community Hall - Cuttack South,Community Hall,Odisha,Cuttack,Cuttack South,21.1621,85.8476,21236529,17626319,77,83,2022-05-27,2022-12-30,,7,19.2,VEND011,0
WRK02752,Health Sub-Centre - Jaipur Rural,Health Sub-Centre,Rajasthan,Jaipur,Jaipur Rural,26.9967,73.1081,17607221,17607221,93,100,2022-06-18,2023-07-20,,9,43.0,VEND352,0
WRK03725,Anganwadi Centre - Jabalpur Central,Anganwadi Centre,Madhya Pradesh,Jabalpur,Jabalpur Central,23.6391,78.76,15390913,6772001,43,44,2024-04-13,2024-12-23,,12,34.5,VEND182,0
WRK02930,Community Hall - Gaya East,Community Hall,Bihar,Gaya,Gaya East,25.7654,85.0621,16232138,3733391,24,23,2022-09-15,2023-05-11,,3,37.6,VEND111,0
WRK02949,Public Toilet Complex - Udaipur Rural,Public Toilet Complex,Rajasthan,Udaipur,Udaipur Rural,27.5009,74.2174,1085016,184452,25,17,2024-07-03,2025-02-04,,12,43.9,VEND260,0
WRK02848,Irrigation Canal - Dibrugarh Central,Irrigation Canal,Assam,Dibrugarh,Dibrugarh Central,25.6916,92.4775,8202233,5905607,76,72,2022-06-04,2022-11-25,,11,38.7,VEND179,0
WRK01163,Water Supply Scheme - Indore West,Water Supply Scheme,Madhya Pradesh,Indore,Indore West,23.5731,77.8339,872468,767771,60,88,2024-08-16,2025-09-05,,2,92.4,VEND362,1
WRK02283,School Building - Thiruvananthapuram Rural,School Building,Kerala,Thiruvananthapuram,Thiruvananthapuram Rural,9.8575,75.4945,1057420,348948,33,33,2023-02-23,2024-02-09,,12,23.7,VEND188,0
WRK00341,Health Sub-Centre - Belagavi Central,Health Sub-Centre,Karnataka,Belagavi,Belagavi Central,15.8825,75.5212,3282420,3216771,97,98,2022-06-22,2023-06-12,,6,16.2,VEND021,0
WRK03399,Water Supply Scheme - Solapur West,Water Supply Scheme,Maharashtra,Solapur,Solapur West,20.8009,74.5515,930728,567744,57,61,2023-12-15,2025-05-30,,4,14.2,VEND200,0
WRK01567,Irrigation Canal - Warangal West,Irrigation Canal,Telangana,Warangal,Warangal West,18.3129,78.4249,4220147,2152274,58,51,2023-03-06,2024-06-19,,3,33.6,VEND086,0
WRK01760,Community Hall - Erode West,Community Hall,Tamil Nadu,Erode,Erode West,10.6887,78.0838,872254,244231,28,28,2023-11-24,2024-12-28,,7,42.6,VEND258,0
WRK00548,Community Hall - Bikaner South,Community Hall,Rajasthan,Bikaner,Bikaner South,27.7662,75.1116,4225886,3253932,71,77,2023-10-03,2024-09-03,,3,10.0,VEND238,0
WRK00748,Water Supply Scheme - Nizamabad West,Water Supply Scheme,Telangana,Nizamabad,Nizamabad West,17.7143,79.027,5425242,3092387,61,57,2023-02-09,2023-11-25,,6,12.0,VEND355,0
WRK01546,Drainage Project - Guwahati West,Drainage Project,Assam,Guwahati,Guwahati West,26.9254,92.6243,3112290,1120424,30,36,2023-01-17,2023-06-13,,6,33.9,VEND053,0
WRK03456,Public Toilet Complex - Kota South,Public Toilet Complex,Rajasthan,Kota,Kota South,27.4526,75.0918,2851060,2537443,49,89,2024-02-07,2024-06-19,,2,83.9,VEND119,1
WRK02316,Water Supply Scheme - Bhopal East,Water Supply Scheme,Madhya Pradesh,Bhopal,Bhopal East,24.4662,79.3484,14785990,4731516,38,32,2022-10-01,2023-06-08,,6,18.6,VEND168,0
WRK02919,School Building - Bhubaneswar Urban,School Building,Odisha,Bhubaneswar,Bhubaneswar Urban,21.7035,83.928,5259020,2524329,44,48,2023-10-07,2024-03-22,,3,40.0,VEND149,0
WRK03553,Anganwadi Centre - Dibrugarh West,Anganwadi Centre,Assam,Dibrugarh,Dibrugarh West,27.1774,92.3335,17706197,5311859,23,30,2024-03-28,2024-11-07,,12,34.2,VEND025,0
WRK03464,Drainage Project - Dibrugarh East,Drainage Project,Assam,Dibrugarh,Dibrugarh East,27.2618,93.3103,11445450,2861362,21,25,2023-08-22,2024-01-15,,6,15.3,VEND203,0
WRK02839,Public Toilet Complex - Gwalior West,Public Toilet Complex,Madhya Pradesh,Gwalior,Gwalior West,23.6125,77.4265,2391466,526122,30,22,2023-12-05,2024-11-07,,3,29.8,VEND106,0
WRK00435,Road Construction - Gwalior East,Road Construction,Madhya Pradesh,Gwalior,Gwalior East,22.7082,78.563,823112,551485,75,67,2024-03-13,2025-03-08,,8,23.2,VEND200,0
WRK00926,School Building - Ahmedabad Central,School Building,Gujarat,Ahmedabad,Ahmedabad Central,22.3839,71.241,22285144,9805463,41,44,2022-11-29,2023-07-11,,9,12.5,VEND219,0
WRK03550,School Building - Tiruchirappalli East,School Building,Tamil Nadu,Tiruchirappalli,Tiruchirappalli East,10.6131,78.1339,13523265,2569420,11,19,2024-01-07,2025-02-24,,8,33.5,VEND337,0
WRK01866,Irrigation Canal - Silchar South,Irrigation Canal,Assam,Silchar,Silchar South,26.3316,92.5184,12467963,4613146,39,37,2024-03-16,2025-07-03,,4,31.1,VEND323,0
WRK01397,Public Toilet Complex - Muzaffarpur North,Public Toilet Complex,Bihar,Muzaffarpur,Muzaffarpur North,25.3507,85.7248,17739623,6386264,38,36,2024-04-16,2025-06-10,,10,33.0,VEND187,0
WRK02774,Irrigation Canal - Hyderabad North,Irrigation Canal,Telangana,Hyderabad,Hyderabad North,17.0092,80.3528,10707998,9958438,100,93,2023-11-24,2024-04-21,2024-05-17,3,30.0,VEND143,0
WRK02598,Irrigation Canal - Mumbai East,Irrigation Canal,Maharashtra,Mumbai,Mumbai East,20.6971,74.8015,2885527,1904447,72,66,2023-05-18,2024-05-13,,7,23.5,VEND364,0
WRK02624,Public Toilet Complex - Panipat East,Public Toilet Complex,Haryana,Panipat,Panipat East,29.4357,76.4323,542691,510129,12,94,2022-04-26,2023-02-02,,2,70.9,VEND056,1
WRK01036,Water Supply Scheme - Mysuru Rural,Water Supply Scheme,Karnataka,Mysuru,Mysuru Rural,15.1425,75.5715,932113,512662,55,55,2024-01-09,2025-01-15,,8,44.0,VEND353,0
WRK02872,School Building - Cuttack North,School Building,Odisha,Cuttack,Cuttack North,20.8846,85.4717,9694343,2714416,24,28,2023-07-17,2023-11-27,,4,10.7,VEND236,0
WRK03987,Drainage Project - Solapur West,Drainage Project,Maharashtra,Solapur,Solapur West,18.6505,75.3373,579350,162218,26,28,2024-03-12,2025-01-21,,5,33.9,VEND118,0
WRK00152,Public Toilet Complex - Bhubaneswar Central,Public Toilet Complex,Odisha,Bhubaneswar,Bhubaneswar Central,20.1248,84.0129,506884,20275,0,4,2022-07-30,2023-08-20,,6,34.1,VEND162,0
WRK01033,Streetlight Installation - Madurai Urban,Streetlight Installation,Tamil Nadu,Madurai,Madurai Urban,10.095,79.7822,8469120,762220,6,9,2023-07-16,2024-05-18,,7,24.9,VEND346,0
WRK00461,Water Supply Scheme - Nizamabad Urban,Water Supply Scheme,Telangana,Nizamabad,Nizamabad Urban,16.9361,79.8847,13590278,12503055,87,92,2024-08-15,2025-10-13,,8,25.8,VEND377,0
WRK00347,School Building - Faridabad Urban,School Building,Haryana,Faridabad,Faridabad Urban,29.2445,76.3181,872390,130858,21,15,2023-07-12,2024-09-16,,4,14.0,VEND305,0
WRK01545,Water Supply Scheme - Bhopal Rural,Water Supply Scheme,Madhya Pradesh,Bhopal,Bhopal Rural,22.4319,78.058,22105200,442104,6,2,2023-11-14,2024-08-25,,9,20.3,VEND023,0
WRK00583,Drainage Project - Coimbatore Urban,Drainage Project,Tamil Nadu,Coimbatore,Coimbatore Urban,12.2317,78.1952,524503,430092,86,82,2022-07-13,2022-11-20,,9,32.9,VEND057,0
WRK03678,Irrigation Canal - Thiruvananthapuram Central,Irrigation Canal,Kerala,Thiruvananthapuram,Thiruvananthapuram Central,11.6558,75.1815,18063766,9935071,58,55,2022-11-15,2024-01-23,,3,19.7,VEND244,0
WRK03381,Public Toilet Complex - Cuttack East,Public Toilet Complex,Odisha,Cuttack,Cuttack East,22.0192,84.1674,1748721,804411,51,46,2022-04-08,2023-02-20,,4,34.2,VEND093,0
WRK02869,Road Construction - Jalandhar West,Road Construction,Punjab,Jalandhar,Jalandhar West,29.9922,74.7601,9175560,4954802,59,54,2023-02-02,2023-06-11,,7,24.0,VEND304,0
WRK01237,School Building - Bhubaneswar South,School Building,Odisha,Bhubaneswar,Bhubaneswar South,21.8317,84.2781,10014833,8512608,91,85,2022-10-08,2023-03-23,,3,25.2,VEND352,0
WRK01011,Drainage Project - Bhagalpur Rural,Drainage Project,Bihar,Bhagalpur,Bhagalpur Rural,25.5173,85.8319,21293749,20654936,89,97,2022-10-30,2023-08-21,,11,39.0,VEND138,0
WRK01018,Public Toilet Complex - Patna South,Public Toilet Complex,Bihar,Patna,Patna South,26.0061,84.5606,17425459,17425459,4,100,2022-09-18,2023-06-18,,3,66.5,VEND028,1
WRK00840,Streetlight Installation - Dibrugarh South,Streetlight Installation,Assam,Dibrugarh,Dibrugarh South,26.5082,93.3527,21850532,7429180,26,34,2022-07-17,2023-05-07,,11,40.0,VEND390,0
WRK02561,School Building - Rourkela Rural,School Building,Odisha,Rourkela,Rourkela Rural,21.1198,83.829,18232681,7293072,48,40,2024-03-15,2024-10-26,,8,32.4,VEND130,0
WRK00193,Drainage Project - Bhagalpur South,Drainage Project,Bihar,Bhagalpur,Bhagalpur South,26.8453,85.7926,8807689,5460767,66,62,2022-04-11,2022-08-09,,8,20.0,VEND274,0
WRK02417,Road Construction - Howrah Urban,Road Construction,West Bengal,Howrah,Howrah Urban,22.7511,87.452,22601543,2712185,16,12,2022-08-16,2024-01-24,,6,19.4,VEND302,0
WRK01423,Water Supply Scheme - Bhopal Central,Water Supply Scheme,Madhya Pradesh,Bhopal,Bhopal Central,24.5268,78.4894,2188736,1575889,70,72,2023-07-29,2024-08-05,,4,31.9,VEND017,0
WRK03152,School Building - Madurai East,School Building,Tamil Nadu,Madurai,Madurai East,11.3148,78.2268,9313315,8475116,16,91,2022-09-24,2023-02-10,,4,52.4,VEND017,1
WRK03240,Public Toilet Complex - Udaipur North,Public Toilet Complex,Rajasthan,Udaipur,Udaipur North,26.1801,73.1249,4331240,1775808,44,41,2022-11-16,2024-01-29,,8,14.6,VEND340,0
WRK00522,Water Supply Scheme - Kozhikode Urban,Water Supply Scheme,Kerala,Kozhikode,Kozhikode Urban,9.7961,76.0999,485726,335150,69,69,2022-04-24,2022-09-05,,6,39.1,VEND156,0
WRK03432,Community Hall - Bhopal South,Community Hall,Madhya Pradesh,Bhopal,Bhopal South,22.31,77.4174,3224253,580365,21,18,2022-07-30,2023-02-17,,6,40.5,VEND165,0
WRK02529,Streetlight Installation - Kolkata Rural,Streetlight Installation,West Bengal,Kolkata,Kolkata Rural,23.7693,88.3826,18984056,3227289,18,17,2023-11-15,2025-01-26,,3,20.0,VEND400,0
WRK01164,Drainage Project - Warangal Urban,Drainage Project,Telangana,Warangal,Warangal Urban,18.5977,79.2234,39075029,37902778,93,97,2023-06-16,2024-04-20,,4,43.1,VEND355,1
WRK00601,Health Sub-Centre - Kolkata West,Health Sub-Centre,West Bengal,Kolkata,Kolkata West,23.1702,88.6969,3165452,1835962,53,58,2023-03-14,2023-11-04,,9,36.7,VEND354,0
WRK00088,Community Hall - Patiala West,Community Hall,Punjab,Patiala,Patiala West,31.0152,75.6595,8432299,5228025,56,62,2022-06-20,2023-06-10,,4,40.0,VEND229,0
WRK03510,Health Sub-Centre - Kolkata South,Health Sub-Centre,West Bengal,Kolkata,Kolkata South,23.0951,88.4179,1023936,1013696,58,99,2022-04-28,2023-04-10,,2,80.4,VEND181,1
WRK03420,Road Construction - Faridabad Rural,Road Construction,Haryana,Faridabad,Faridabad Rural,28.8337,76.0041,904334,687293,69,76,2023-09-28,2024-03-31,,7,21.2,VEND357,0
WRK02352,Anganwadi Centre - Vadodara Central,Anganwadi Centre,Gujarat,Vadodara,Vadodara Central,23.2388,70.0826,1080327,734622,69,68,2022-10-15,2024-01-25,,3,40.0,VEND228,0
WRK03687,Health Sub-Centre - Tirunelveli East,Health Sub-Centre,Tamil Nadu,Tirunelveli,Tirunelveli East,12.2604,77.9821,485963,461664,96,95,2024-04-06,2025-01-23,,8,19.3,VEND389,0
WRK00011,Irrigation Canal - Rajkot East,Irrigation Canal,Gujarat,Rajkot,Rajkot East,23.1824,70.5211,16532168,8100762,49,49,2023-08-28,2024-06-07,,5,10.9,VEND306,0
WRK03250,School Building - Hubballi Central,School Building,Karnataka,Hubballi,Hubballi Central,15.0539,75.005,584279,157755,26,27,2024-06-09,2024-12-04,,6,19.2,VEND258,0
WRK02298,Health Sub-Centre - Hubballi Central,Health Sub-Centre,Karnataka,Hubballi,Hubballi Central,15.441,75.9999,4330740,3161440,73,73,2024-04-16,2024-12-16,,9,40.7,VEND249,0
WRK02202,School Building - Howrah South,School Building,West Bengal,Howrah,Howrah South,22.5871,87.3903,5986327,2155077,35,36,2023-05-04,2024-02-26,,4,42.0,VEND101,0
WRK02410,Streetlight Installation - Mangaluru North,Streetlight Installation,Karnataka,Mangaluru,Mangaluru North,14.1728,76.8966,5688419,0,1,0,2022-04-04,2023-01-21,,5,12.7,VEND341,0
WRK00959,School Building - Prayagraj West,School Building,Uttar Pradesh,Prayagraj,Prayagraj West,27.1886,81.5028,15467346,5413571,40,35,2022-09-28,2023-09-20,,8,34.4,VEND361,0
WRK03830,Irrigation Canal - Dibrugarh West,Irrigation Canal,Assam,Dibrugarh,Dibrugarh West,25.9321,92.9077,14411114,6917334,45,48,2024-02-20,2025-01-02,,12,24.3,VEND211,0
WRK00249,Health Sub-Centre - Bhagalpur Central,Health Sub-Centre,Bihar,Bhagalpur,Bhagalpur Central,25.8382,84.7265,16369132,2291678,16,14,2023-07-04,2024-08-04,,5,30.3,VEND351,0
WRK03592,Health Sub-Centre - Surat Rural,Health Sub-Centre,Gujarat,Surat,Surat Rural,22.1123,71.3536,1990948,876017,49,44,2023-11-30,2024-09-30,,12,38.6,VEND077,0
WRK00624,Community Hall - Muzaffarpur North,Community Hall,Bihar,Muzaffarpur,Muzaffarpur North,25.5169,85.1994,4955756,2329205,45,47,2022-11-05,2023-04-28,,5,10.5,VEND335,0
WRK02257,Drainage Project - Nagpur Central,Drainage Project,Maharashtra,Nagpur,Nagpur Central,20.0607,75.2896,9094178,5365565,62,59,2023-11-02,2025-04-23,,5,36.2,VEND132,0
WRK00570,Anganwadi Centre - Patna Central,Anganwadi Centre,Bihar,Patna,Patna Central,25.1448,84.0895,457058,420493,100,92,2022-11-25,2024-01-25,2024-02-08,9,26.2,VEND220,0
WRK01675,Community Hall - Guwahati Central,Community Hall,Assam,Guwahati,Guwahati Central,27.3293,93.0415,11917053,11082859,96,93,2023-04-02,2024-07-03,,6,35.0,VEND056,0
WRK01538,Anganwadi Centre - Vellore South,Anganwadi Centre,Tamil Nadu,Vellore,Vellore South,11.4433,79.2301,1050733,851093,85,81,2024-05-21,2025-04-16,,12,14.8,VEND010,0
WRK03418,Health Sub-Centre - Aurangabad North,Health Sub-Centre,Maharashtra,Aurangabad,Aurangabad North,18.6064,75.2402,17905052,6087717,32,34,2022-05-18,2023-01-20,,8,18.1,VEND377,0
WRK03770,Drainage Project - Rourkela West,Drainage Project,Odisha,Rourkela,Rourkela West,22.014,85.1759,20331475,11182311,49,55,2023-01-16,2023-08-24,,4,33.1,VEND327,0
WRK02646,Health Sub-Centre - Udaipur Rural,Health Sub-Centre,Rajasthan,Udaipur,Udaipur Rural,26.9702,74.388,9138697,7219570,87,79,2024-02-12,2025-04-28,,6,29.7,VEND015,0
WRK00229,Irrigation Canal - Nashik Urban,Irrigation Canal,Maharashtra,Nashik,Nashik Urban,18.7947,76.6035,1157068,890942,76,77,2024-07-18,2025-01-02,,3,35.6,VEND296,0
WRK02415,Water Supply Scheme - Gwalior Rural,Water Supply Scheme,Madhya Pradesh,Gwalior,Gwalior Rural,22.2343,78.8432,929277,269490,24,29,2022-07-29,2023-09-07,,9,25.8,VEND064,0
WRK00449,Water Supply Scheme - Ludhiana West,Water Supply Scheme,Punjab,Ludhiana,Ludhiana West,30.4843,75.6641,1900710,1539575,73,81,2022-11-28,2023-05-24,,4,28.3,VEND298,0
WRK00803,Health Sub-Centre - Dibrugarh North,Health Sub-Centre,Assam,Dibrugarh,Dibrugarh North,25.1948,93.9836,1122036,628340,52,56,2024-06-21,2025-06-13,,3,42.9,VEND115,0
WRK02107,Drainage Project - Chennai South,Drainage Project,Tamil Nadu,Chennai,Chennai South,11.8025,78.9099,802125,104276,14,13,2023-07-31,2025-01-17,,4,36.3,VEND255,0
WRK03469,Irrigation Canal - Silchar Central,Irrigation Canal,Assam,Silchar,Silchar Central,27.2185,93.2881,3099062,898727,29,29,2023-05-13,2024-02-18,,8,40.7,VEND122,0
WRK02386,Road Construction - Gaya Central,Road Construction,Bihar,Gaya,Gaya Central,26.4195,84.8276,5444194,489977,2,9,2024-08-29,2025-03-16,,9,12.8,VEND122,0
WRK01808,Road Construction - Lucknow Urban,Road Construction,Uttar Pradesh,Lucknow,Lucknow Urban,26.4108,80.6314,861937,810220,94,94,2022-12-26,2023-08-29,,4,31.7,VEND201,0
WRK02156,Anganwadi Centre - Nagpur East,Anganwadi Centre,Maharashtra,Nagpur,Nagpur East,20.5916,74.5729,8280650,1656130,14,20,2023-11-13,2024-07-04,,5,29.7,VEND228,0
WRK01541,School Building - Agra South,School Building,Uttar Pradesh,Agra,Agra South,25.9179,81.0126,904270,379793,45,42,2022-08-14,2023-05-21,,6,22.1,VEND206,0
WRK01146,Drainage Project - Belagavi Urban,Drainage Project,Karnataka,Belagavi,Belagavi Urban,15.6187,76.3454,12952420,8678121,65,67,2022-12-14,2024-03-05,,9,33.3,VEND129,0
WRK03984,Community Hall - Kota West,Community Hall,Rajasthan,Kota,Kota West,25.9165,74.7863,1897090,986486,45,52,2024-01-17,2025-05-28,,10,23.1,VEND318,0
WRK01040,Road Construction - Indore Rural,Road Construction,Madhya Pradesh,Indore,Indore Rural,24.5807,78.1058,5530726,3207821,60,58,2023-04-19,2024-06-05,,9,19.6,VEND353,0
WRK02731,Health Sub-Centre - Gorakhpur Urban,Health Sub-Centre,Uttar Pradesh,Gorakhpur,Gorakhpur Urban,27.8817,81.1347,23634767,18198770,76,77,2022-04-08,2023-07-29,,10,24.4,VEND360,0
WRK03661,Community Hall - Guwahati Rural,Community Hall,Assam,Guwahati,Guwahati Rural,25.4382,91.875,400896,80179,22,20,2024-07-24,2025-11-03,,11,13.9,VEND265,0
WRK03893,Drainage Project - Coimbatore Rural,Drainage Project,Tamil Nadu,Coimbatore,Coimbatore Rural,11.784,79.5398,17477152,17477152,12,100,2022-05-01,2023-10-20,,5,47.8,VEND311,1
WRK02710,Water Supply Scheme - Dibrugarh West,Water Supply Scheme,Assam,Dibrugarh,Dibrugarh West,25.8033,92.1413,2509279,1204453,53,48,2024-05-02,2025-09-19,,9,30.9,VEND312,0
WRK03805,Drainage Project - Nizamabad Urban,Drainage Project,Telangana,Nizamabad,Nizamabad Urban,18.3219,79.2953,2210671,707414,35,32,2022-06-07,2023-09-14,,3,14.9,VEND145,0
WRK00596,Drainage Project - Silchar Urban,Drainage Project,Assam,Silchar,Silchar Urban,25.2748,92.6212,2842863,2075289,77,73,2022-10-13,2024-02-06,,11,41.9,VEND005,0
WRK03958,Health Sub-Centre - Prayagraj Urban,Health Sub-Centre,Uttar Pradesh,Prayagraj,Prayagraj Urban,25.655,81.7695,8310882,2659482,26,32,2023-09-02,2024-11-12,,10,36.9,VEND083,0
WRK02689,Drainage Project - Hyderabad Central,Drainage Project,Telangana,Hyderabad,Hyderabad Central,17.4923,79.0735,20353600,8344975,38,41,2024-06-26,2025-09-18,,7,42.7,VEND216,0
WRK03087,School Building - Ludhiana North,School Building,Punjab,Ludhiana,Ludhiana North,30.4098,74.6,2117444,656407,27,31,2023-08-04,2024-11-11,,10,10.4,VEND364,0
WRK03492,Anganwadi Centre - Prayagraj North,Anganwadi Centre,Uttar Pradesh,Prayagraj,Prayagraj North,25.6527,81.9466,15259668,10376574,66,68,2023-08-18,2024-12-31,,12,27.6,VEND137,0
WRK00899,Streetlight Installation - Gurugram Central,Streetlight Installation,Haryana,Gurugram,Gurugram Central,27.8721,76.9537,10475966,0,3,0,2022-12-26,2024-03-24,,8,24.7,VEND103,0
WRK01534,Community Hall - Mangaluru Central,Community Hall,Karnataka,Mangaluru,Mangaluru Central,14.1319,75.8008,2998761,2998761,10,100,2022-06-16,2022-11-24,,2,41.9,VEND034,1
WRK01101,Anganwadi Centre - Jaipur Central,Anganwadi Centre,Rajasthan,Jaipur,Jaipur Central,25.9903,74.358,19170501,9201840,41,48,2022-05-03,2023-05-16,,7,30.1,VEND325,0
WRK02711,Public Toilet Complex - Gaya West,Public Toilet Complex,Bihar,Gaya,Gaya West,25.8374,84.3649,1179538,106158,11,9,2023-09-02,2024-02-05,,11,39.9,VEND364,0
WRK02029,Health Sub-Centre - Gorakhpur Urban,Health Sub-Centre,Uttar Pradesh,Gorakhpur,Gorakhpur Urban,27.1085,79.9281,3386161,1828526,58,54,2023-10-03,2025-02-17,,10,14.3,VEND137,0
WRK03745,Irrigation Canal - Nizamabad Urban,Irrigation Canal,Telangana,Nizamabad,Nizamabad Urban,17.9387,79.0986,16361342,10144032,59,62,2023-09-11,2025-01-12,,4,26.1,VEND229,0
WRK01627,Irrigation Canal - Rourkela Central,Irrigation Canal,Odisha,Rourkela,Rourkela Central,21.0662,86.0099,17730137,17730137,99,100,2023-03-20,2023-09-21,,3,37.2,VEND118,0
WRK01239,Drainage Project - Indore West,Drainage Project,Madhya Pradesh,Indore,Indore West,23.8822,77.8663,500669,340454,75,68,2024-04-19,2025-07-29,,10,16.5,VEND004,0
WRK02843,Road Construction - Salem West,Road Construction,Tamil Nadu,Salem,Salem West,10.9407,78.7668,17569300,15636677,81,89,2022-06-24,2023-12-07,,3,19.6,VEND105,0
WRK02778,School Building - Silchar Rural,School Building,Assam,Silchar,Silchar Rural,26.4547,93.9789,423203,393578,94,93,2022-06-11,2022-11-08,,7,30.5,VEND386,0
WRK02134,Anganwadi Centre - Ahmedabad East,Anganwadi Centre,Gujarat,Ahmedabad,Ahmedabad East,23.1115,70.0082,6505041,6505041,96,100,2024-07-03,2025-03-14,,11,44.8,VEND386,0
WRK00584,Streetlight Installation - Jodhpur East,Streetlight Installation,Rajasthan,Jodhpur,Jodhpur East,26.9274,74.0739,2648391,1165292,47,44,2022-12-02,2023-10-07,,11,44.2,VEND320,0
WRK00423,Anganwadi Centre - Mysuru Urban,Anganwadi Centre,Karnataka,Mysuru,Mysuru Urban,16.4812,76.5434,423273,148145,35,35,2024-04-12,2025-04-22,,9,22.5,VEND342,0
WRK02030,Anganwadi Centre - Gurugram North,Anganwadi Centre,Haryana,Gurugram,Gurugram North,29.6462,76.2321,12224117,8067917,71,66,2024-07-04,2025-08-11,,4,36.5,VEND139,0
WRK02579,Water Supply Scheme - Guwahati North,Water Supply Scheme,Assam,Guwahati,Guwahati North,27.3171,92.699,460518,188812,43,41,2024-06-16,2025-07-04,,5,41.5,VEND237,0
WRK02578,Drainage Project - Bikaner Urban,Drainage Project,Rajasthan,Bikaner,Bikaner Urban,27.3606,73.75,23828627,18348042,70,77,2023-06-10,2024-05-14,,12,40.4,VEND003,0
WRK03310,Water Supply Scheme - Ludhiana Central,Water Supply Scheme,Punjab,Ludhiana,Ludhiana Central,30.8021,75.3772,8020675,4651991,51,58,2024-05-13,2024-12-03,,12,44.0,VEND031,0
WRK03262,Streetlight Installation - Bhubaneswar East,Streetlight Installation,Odisha,Bhubaneswar,Bhubaneswar East,21.2084,84.2144,2344674,304807,9,13,2022-09-03,2023-04-26,,6,14.1,VEND014,0
WRK03056,Public Toilet Complex - Gurugram Urban,Public Toilet Complex,Haryana,Gurugram,Gurugram Urban,28.7103,76.652,7288690,5174969,67,71,2024-07-21,2025-05-15,,8,43.9,VEND125,0
WRK03243,Drainage Project - Vadodara Rural,Drainage Project,Gujarat,Vadodara,Vadodara Rural,21.6976,70.4606,2339373,116968,7,5,2023-02-22,2023-09-06,,3,37.6,VEND341,0
WRK02363,School Building - Dibrugarh Rural,School Building,Assam,Dibrugarh,Dibrugarh Rural,26.0751,92.1533,4398761,3387045,85,77,2022-11-04,2023-07-19,,12,37.0,VEND327,0
WRK00228,Drainage Project - Kanpur East,Drainage Project,Uttar Pradesh,Kanpur,Kanpur East,25.6312,79.9052,11392512,5582330,51,49,2022-07-04,2023-08-20,,4,35.3,VEND248,0
WRK02857,Anganwadi Centre - Rajkot East,Anganwadi Centre,Gujarat,Rajkot,Rajkot East,22.166,70.1063,543601,364212,74,67,2024-06-07,2025-03-17,,10,10.7,VEND167,0
WRK01932,Water Supply Scheme - Darjeeling Urban,Water Supply Scheme,West Bengal,Darjeeling,Darjeeling Urban,23.6911,88.2894,2058146,0,0,0,2024-08-05,2025-11-12,,9,16.2,VEND258,0
WRK01553,Water Supply Scheme - Agra Central,Water Supply Scheme,Uttar Pradesh,Agra,Agra Central,26.172,81.6055,5055524,4297195,21,85,2024-08-28,2026-02-04,,5,61.6,VEND044,1
WRK00274,School Building - Meerut North,School Building,Uttar Pradesh,Meerut,Meerut North,25.8146,80.7022,17305193,15228569,80,88,2023-11-07,2025-03-14,,4,26.9,VEND353,0
WRK02147,Public Toilet Complex - Gorakhpur Urban,Public Toilet Complex,Uttar Pradesh,Gorakhpur,Gorakhpur Urban,27.4916,81.3899,7545002,2263500,23,30,2022-12-22,2023-07-05,,6,40.1,VEND384,0
WRK03078,Drainage Project - Bhagalpur East,Drainage Project,Bihar,Bhagalpur,Bhagalpur East,25.7548,84.0451,1026069,348863,35,34,2024-03-01,2025-03-22,,9,36.8,VEND374,0
WRK00102,Public Toilet Complex - Cuttack Rural,Public Toilet Complex,Odisha,Cuttack,Cuttack Rural,21.8661,85.0126,18560396,1670435,1,9,2023-01-18,2023-12-20,,4,10.9,VEND075,0
WRK03075,Irrigation Canal - Pune Urban,Irrigation Canal,Maharashtra,Pune,Pune Urban,19.0394,76.598,524858,472372,91,90,2024-02-12,2024-07-15,,5,44.2,VEND072,0
WRK01046,Drainage Project - Solapur West,Drainage Project,Maharashtra,Solapur,Solapur West,20.0867,76.0654,5300850,4134663,84,78,2023-05-18,2023-10-01,,10,29.6,VEND177,0
WRK03704,School Building - Kolkata Rural,School Building,West Bengal,Kolkata,Kolkata Rural,23.2022,88.8136,8853516,0,3,0,2022-07-26,2023-09-22,,3,23.3,VEND251,0
WRK01834,Irrigation Canal - Rajkot South,Irrigation Canal,Gujarat,Rajkot,Rajkot South,22.0998,70.5298,17429771,15512496,87,89,2023-06-15,2024-05-04,,9,16.6,VEND240,0
WRK00826,Streetlight Installation - Cuttack South,Streetlight Installation,Odisha,Cuttack,Cuttack South,21.4775,85.8711,5464802,2185920,41,40,2023-11-03,2025-04-13,,11,12.3,VEND146,0
WRK03278,Public Toilet Complex - Kozhikode North,Public Toilet Complex,Kerala,Kozhikode,Kozhikode North,11.893,75.9927,2199992,2089992,95,95,2022-07-15,2023-01-07,,7,38.0,VEND190,0
WRK01343,Irrigation Canal - Kanpur West,Irrigation Canal,Uttar Pradesh,Kanpur,Kanpur West,26.997,81.6147,3526652,987462,28,28,2022-09-17,2023-04-13,,4,10.1,VEND344,0
WRK00433,Community Hall - Bhagalpur North,Community Hall,Bihar,Bhagalpur,Bhagalpur North,24.9536,85.438,1060080,879866,82,83,2022-12-10,2023-08-07,,12,13.0,VEND353,0
WRK01439,Water Supply Scheme - Kalaburagi West,Water Supply Scheme,Karnataka,Kalaburagi,Kalaburagi West,14.9014,75.1102,9025624,541537,14,6,2022-11-10,2023-07-29,,6,35.1,VEND357,0
WRK02965,Road Construction - Dibrugarh North,Road Construction,Assam,Dibrugarh,Dibrugarh North,25.2615,92.3018,9421839,6877942,72,73,2024-04-08,2024-08-31,,3,31.0,VEND215,0
WRK03849,Drainage Project - Indore East,Drainage Project,Madhya Pradesh,Indore,Indore East,24.4741,77.499,3219530,32195,2,1,2023-12-10,2024-08-16,,12,22.6,VEND267,0
WRK00817,Irrigation Canal - Gurugram South,Irrigation Canal,Haryana,Gurugram,Gurugram South,28.494,75.5435,15320281,1532028,2,10,2022-05-01,2023-05-30,,11,36.6,VEND111,0
WRK02373,Irrigation Canal - Kochi Urban,Irrigation Canal,Kerala,Kochi,Kochi Urban,11.3316,75.2115,21858406,19672565,82,90,2023-02-22,2024-07-28,,9,34.4,VEND142,0
WRK02337,Road Construction - Faridabad East,Road Construction,Haryana,Faridabad,Faridabad East,28.7772,75.7821,1113802,690557,55,62,2024-02-21,2025-05-17,,8,27.7,VEND220,0
WRK01350,Anganwadi Centre - Bhagalpur East,Anganwadi Centre,Bihar,Bhagalpur,Bhagalpur East,25.9317,85.6169,1977301,1206153,55,61,2022-04-21,2023-04-27,,9,13.1,VEND131,0
WRK03712,Water Supply Scheme - Jalandhar Rural,Water Supply Scheme,Punjab,Jalandhar,Jalandhar Rural,30.9687,74.9304,9322811,466140,3,5,2023-09-03,2024-09-22,,3,42.4,VEND254,0
WRK00147,Public Toilet Complex - Bengaluru Urban South,Public Toilet Complex,Karnataka,Bengaluru Urban,Bengaluru Urban South,15.2823,75.289,2029810,1806530,29,89,2024-08-28,2025-09-10,,1,75.3,VEND315,1
WRK01929,School Building - Bhubaneswar North,School Building,Odisha,Bhubaneswar,Bhubaneswar North,20.5423,84.7712,18339320,1650538,12,9,2022-09-29,2023-04-14,,4,23.0,VEND152,0
WRK03480,Public Toilet Complex - Rajkot South,Public Toilet Complex,Gujarat,Rajkot,Rajkot South,21.9726,72.0734,11635556,814488,2,7,2022-10-19,2023-06-16,,4,19.2,VEND111,0
WRK03859,Road Construction - Panipat Rural,Road Construction,Haryana,Panipat,Panipat Rural,27.8697,76.2826,473043,0,0,0,2022-04-08,2023-07-29,,12,32.4,VEND385,0
WRK03342,Streetlight Installation - Asansol West,Streetlight Installation,West Bengal,Asansol,Asansol West,23.0039,88.942,13246104,9802116,35,74,2022-07-05,2023-04-03,,2,91.7,VEND046,1
WRK02619,Anganwadi Centre - Gaya West,Anganwadi Centre,Bihar,Gaya,Gaya West,25.2136,85.0413,3271418,556141,20,17,2022-09-24,2023-11-21,,9,25.1,VEND228,0
WRK01469,Streetlight Installation - Thiruvananthapuram Central,Streetlight Installation,Kerala,Thiruvananthapuram,Thiruvananthapuram Central,9.7313,75.0424,6951031,4865721,74,70,2023-05-10,2024-08-04,,3,28.1,VEND276,0
WRK00471,Drainage Project - Bhopal North,Drainage Project,Madhya Pradesh,Bhopal,Bhopal North,23.7499,78.0862,11517074,5643366,48,49,2023-08-30,2024-11-09,,9,33.5,VEND068,0
WRK03521,Drainage Project - Bikaner South,Drainage Project,Rajasthan,Bikaner,Bikaner South,27.4282,74.7522,1030912,835038,79,81,2023-03-28,2024-01-24,,8,42.3,VEND096,0
WRK02751,Streetlight Installation - Nizamabad East,Streetlight Installation,Telangana,Nizamabad,Nizamabad East,17.0698,79.8517,4566622,2602974,50,57,2022-07-15,2023-05-03,,8,24.7,VEND373,0
WRK00205,Streetlight Installation - Thiruvananthapuram East,Streetlight Installation,Kerala,Thiruvananthapuram,Thiruvananthapuram East,11.7856,75.2947,5969682,1671510,25,28,2024-01-14,2024-10-12,,3,40.2,VEND112,0
WRK00775,Water Supply Scheme - Ahmedabad East,Water Supply Scheme,Gujarat,Ahmedabad,Ahmedabad East,21.7979,70.0358,11777794,6242230,59,53,2022-09-03,2023-12-16,,4,43.3,VEND119,0
WRK01218,Streetlight Installation - Nashik East,Streetlight Installation,Maharashtra,Nashik,Nashik East,18.7654,74.5854,6745692,1551509,16,23,2022-12-08,2024-04-19,,8,31.4,VEND391,0
WRK01042,Road Construction - Erode South,Road Construction,Tamil Nadu,Erode,Erode South,12.25,79.0172,1859463,1487570,84,80,2024-06-09,2025-05-07,,7,19.3,VEND307,0
WRK01292,Anganwadi Centre - Gaya Central,Anganwadi Centre,Bihar,Gaya,Gaya Central,24.8375,84.319,951894,428352,44,45,2023-04-17,2024-04-10,,5,38.5,VEND385,0
WRK02606,Road Construction - Hyderabad North,Road Construction,Telangana,Hyderabad,Hyderabad North,16.7446,80.4327,5858561,0,4,0,2022-05-29,2023-09-30,,11,38.7,VEND302,0
WRK00603,Community Hall - Gwalior West,Community Hall,Madhya Pradesh,Gwalior,Gwalior West,22.5411,77.4281,1959082,1410539,68,72,2023-05-06,2023-10-05,,6,26.6,VEND169,0
WRK01738,Health Sub-Centre - Nashik Rural,Health Sub-Centre,Maharashtra,Nashik,Nashik Rural,20.4322,76.5414,964117,607393,66,63,2023-07-10,2024-09-25,,9,10.5,VEND041,0
WRK03717,Drainage Project - Kochi West,Drainage Project,Kerala,Kochi,Kochi West,9.9695,77.1835,2415057,531312,16,22,2023-10-12,2024-09-18,,8,38.2,VEND107,0
WRK00305,Road Construction - Panipat Urban,Road Construction,Haryana,Panipat,Panipat Urban,28.9727,76.649,9783610,7826888,84,80,2024-05-15,2024-11-26,,10,28.6,VEND200,0
WRK03145,Community Hall - Guwahati Central,Community Hall,Assam,Guwahati,Guwahati Central,25.1873,93.8233,10405884,7492236,80,72,2024-02-01,2025-05-29,,8,23.5,VEND146,0
WRK02620,Community Hall - Thiruvananthapuram Central,Community Hall,Kerala,Thiruvananthapuram,Thiruvananthapuram Central,10.8238,75.3114,4198457,1847321,50,44,2023-07-03,2024-09-24,,9,44.6,VEND167,0
WRK01300,Anganwadi Centre - Cuttack South,Anganwadi Centre,Odisha,Cuttack,Cuttack South,21.77,84.5584,8163735,5224790,69,64,2023-02-05,2023-09-20,,6,10.8,VEND016,0
WRK00980,Streetlight Installation - Mysuru South,Streetlight Installation,Karnataka,Mysuru,Mysuru South,14.2835,76.6501,12949823,7899392,54,61,2022-07-26,2022-12-12,,5,31.9,VEND269,0
WRK00550,Public Toilet Complex - Jodhpur Central,Public Toilet Complex,Rajasthan,Jodhpur,Jodhpur Central,26.6351,74.0808,19484043,2727766,20,14,2023-01-14,2023-06-06,,7,13.1,VEND358,0
WRK02652,Anganwadi Centre - Thrissur Urban,Anganwadi Centre,Kerala,Thrissur,Thrissur Urban,11.7707,76.2077,2073207,1824422,85,88,2022-10-05,2024-03-20,,4,34.2,VEND269,0
WRK01536,Public Toilet Complex - Hyderabad Urban,Public Toilet Complex,Telangana,Hyderabad,Hyderabad Urban,17.2045,79.0763,2118605,1292349,56,61,2022-10-18,2023-12-10,,5,11.8,VEND189,0
WRK00219,Road Construction - Dibrugarh Urban,Road Construction,Assam,Dibrugarh,Dibrugarh Urban,26.7137,92.9664,7810440,3280384,34,42,2024-07-22,2025-09-30,,3,35.7,VEND156,0
WRK02425,School Building - Warangal East,School Building,Telangana,Warangal,Warangal East,16.8976,78.3065,2519671,655114,26,26,2024-04-16,2025-08-18,,7,42.4,VEND131,0
WRK01851,Irrigation Canal - Bikaner Rural,Irrigation Canal,Rajasthan,Bikaner,Bikaner Rural,26.8161,73.0223,8184276,6711106,85,82,2022-09-05,2024-01-05,,5,35.7,VEND182,0
WRK02294,Water Supply Scheme - Nashik South,Water Supply Scheme,Maharashtra,Nashik,Nashik South,20.1652,76.049,9490109,1708219,14,18,2024-02-03,2024-08-02,,3,20.3,VEND233,0
WRK00577,School Building - Amritsar Urban,School Building,Punjab,Amritsar,Amritsar Urban,31.357,75.6151,3346562,3078837,85,92,2023-03-16,2023-10-18,,10,31.0,VEND170,0
WRK02732,Public Toilet Complex - Gurugram North,Public Toilet Complex,Haryana,Gurugram,Gurugram North,28.3936,76.556,420802,42080,8,10,2023-06-11,2024-09-09,,9,44.6,VEND005,0
WRK01052,Anganwadi Centre - Gaya Urban,Anganwadi Centre,Bihar,Gaya,Gaya Urban,26.2202,85.8333,820166,492099,59,60,2023-08-20,2025-01-08,,10,15.5,VEND091,0
WRK00446,Drainage Project - Lucknow South,Drainage Project,Uttar Pradesh,Lucknow,Lucknow South,26.0773,79.8551,2845690,2162724,71,76,2023-07-20,2024-07-22,,9,32.6,VEND019,0
WRK01816,Streetlight Installation - Ludhiana Central,Streetlight Installation,Punjab,Ludhiana,Ludhiana Central,30.0048,74.6679,593547,439224,79,74,2023-11-30,2025-03-15,,12,42.6,VEND076,0
WRK00628,Streetlight Installation - Nizamabad East,Streetlight Installation,Telangana,Nizamabad,Nizamabad East,18.0385,79.1335,17998282,1439862,2,8,2022-06-09,2023-03-27,,9,27.9,VEND380,0
WRK00348,School Building - Nizamabad South,School Building,Telangana,Nizamabad,Nizamabad South,18.7505,79.4815,9186399,5144383,54,56,2024-07-02,2025-02-10,,9,21.3,VEND351,0
WRK00342,Anganwadi Centre - Gaya East,Anganwadi Centre,Bihar,Gaya,Gaya East,26.5425,85.1116,2184760,2075522,97,95,2022-07-19,2023-10-04,,5,69.4,VEND072,1
WRK02928,Streetlight Installation - Nashik South,Streetlight Installation,Maharashtra,Nashik,Nashik South,19.69,76.733,3480870,1009452,23,29,2023-07-24,2024-09-17,,4,33.5,VEND044,0
WRK00778,Community Hall - Patiala South,Community Hall,Punjab,Patiala,Patiala South,30.6806,76.3591,23842949,1192147,9,5,2023-12-17,2025-02-19,,12,32.0,VEND255,0
WRK00437,Irrigation Canal - Jalandhar South,Irrigation Canal,Punjab,Jalandhar,Jalandhar South,30.0791,75.9785,1742213,923372,55,53,2023-02-01,2023-12-04,,10,32.2,VEND039,0
WRK01615,Irrigation Canal - Gorakhpur Rural,Irrigation Canal,Uttar Pradesh,Gorakhpur,Gorakhpur Rural,26.5029,80.5816,577728,577728,5,100,2022-07-05,2022-11-13,,4,66.6,VEND048,1
WRK00500,Health Sub-Centre - Gwalior North,Health Sub-Centre,Madhya Pradesh,Gwalior,Gwalior North,23.9933,79.176,4368952,3713609,80,85,2022-04-09,2022-09-28,,9,39.7,VEND378,0
WRK00304,Irrigation Canal - Hubballi North,Irrigation Canal,Karnataka,Hubballi,Hubballi North,15.5266,75.4207,464722,395013,40,85,2024-05-29,2025-11-19,,1,72.7,VEND072,1
WRK00927,Road Construction - Faridabad South,Road Construction,Haryana,Faridabad,Faridabad South,28.4067,77.0533,545892,545892,100,100,2023-03-01,2024-05-04,2024-05-10,9,41.4,VEND192,0
WRK03806,Health Sub-Centre - Kozhikode South,Health Sub-Centre,Kerala,Kozhikode,Kozhikode South,9.6531,76.2637,16914576,6427538,35,38,2022-05-21,2023-05-25,,3,36.6,VEND382,0
WRK00676,School Building - Warangal West,School Building,Telangana,Warangal,Warangal West,17.1387,78.9683,535221,198031,36,37,2023-09-23,2025-01-27,,6,34.5,VEND281,0
WRK03387,Public Toilet Complex - Bikaner West,Public Toilet Complex,Rajasthan,Bikaner,Bikaner West,26.6649,74.0246,12711440,7499749,64,59,2024-02-03,2025-05-20,,3,40.9,VEND361,0
WRK00261,Public Toilet Complex - Bhopal Rural,Public Toilet Complex,Madhya Pradesh,Bhopal,Bhopal Rural,23.0753,78.7456,1153999,1015519,82,88,2022-08-24,2023-08-16,,4,35.3,VEND058,0
WRK00928,Road Construction - Vadodara Central,Road Construction,Gujarat,Vadodara,Vadodara Central,22.3757,70.7104,3207317,192439,5,6,2022-09-12,2023-07-17,,5,41.9,VEND014,0
WRK00585,School Building - Faridabad Rural,School Building,Haryana,Faridabad,Faridabad Rural,29.0398,74.8132,443813,62133,16,14,2022-07-31,2023-02-09,,6,28.6,VEND356,0
WRK01790,Road Construction - Asansol West,Road Construction,West Bengal,Asansol,Asansol West,21.9001,88.8284,961796,76943,16,8,2024-03-12,2025-05-11,,10,14.0,VEND177,0
WRK02039,Irrigation Canal - Thrissur North,Irrigation Canal,Kerala,Thrissur,Thrissur North,9.969,77.2121,4036743,3148659,71,78,2024-04-17,2025-08-26,,5,36.1,VEND131,0
WRK01566,Community Hall - Solapur Rural,Community Hall,Maharashtra,Solapur,Solapur Rural,19.6845,75.5886,13590283,12095351,89,89,2023-04-13,2023-09-06,,3,33.2,VEND185,0
WRK02953,Anganwadi Centre - Bhubaneswar Central,Anganwadi Centre,Odisha,Bhubaneswar,Bhubaneswar Central,21.875,85.0153,3292307,1876614,61,57,2023-08-22,2024-10-26,,3,31.6,VEND180,0
WRK03385,Community Hall - Silchar South,Community Hall,Assam,Silchar,Silchar South,25.4086,92.1554,7956320,3500780,41,44,2022-05-31,2022-12-30,,12,40.6,VEND261,0
WRK00242,Water Supply Scheme - Thiruvananthapuram East,Water Supply Scheme,Kerala,Thiruvananthapuram,Thiruvananthapuram East,10.5195,76.2454,866513,216628,25,25,2022-06-01,2023-02-21,,3,26.3,VEND005,0
WRK01198,Community Hall - Mangaluru Urban,Community Hall,Karnataka,Mangaluru,Mangaluru Urban,16.0889,76.491,3520639,2147589,63,61,2022-06-28,2023-08-06,,5,28.1,VEND019,0
WRK01989,School Building - Agra North,School Building,Uttar Pradesh,Agra,Agra North,26.413,80.8279,7196619,2734715,30,38,2024-03-05,2024-10-13,,12,44.3,VEND219,0
WRK02471,Irrigation Canal - Dibrugarh West,Irrigation Canal,Assam,Dibrugarh,Dibrugarh West,25.3838,92.6556,12844670,1156020,9,9,2022-11-08,2023-03-27,,11,13.2,VEND206,0
WRK02883,Water Supply Scheme - Guwahati Central,Water Supply Scheme,Assam,Guwahati,Guwahati Central,26.052,93.4442,8832198,2473015,23,28,2024-08-18,2025-06-09,,6,41.4,VEND242,0
WRK02915,Anganwadi Centre - Guwahati North,Anganwadi Centre,Assam,Guwahati,Guwahati North,25.752,93.1355,804385,329797,39,41,2023-01-12,2023-09-03,,12,38.0,VEND233,0
WRK03522,Community Hall - Mangaluru Central,Community Hall,Karnataka,Mangaluru,Mangaluru Central,15.7233,76.3324,858343,781092,84,91,2022-10-26,2023-09-01,,9,24.5,VEND028,0
WRK02879,Irrigation Canal - Howrah North,Irrigation Canal,West Bengal,Howrah,Howrah North,22.5666,88.6453,594195,166374,21,28,2023-07-24,2024-04-27,,7,44.1,VEND117,0
WRK00897,Drainage Project - Tiruchirappalli Urban,Drainage Project,Tamil Nadu,Tiruchirappalli,Tiruchirappalli Urban,11.4817,77.907,13179921,9489543,42,72,2024-07-27,2025-04-01,,1,99.0,VEND039,1
WRK03061,Drainage Project - Kochi East,Drainage Project,Kerala,Kochi,Kochi East,10.4643,75.1091,5694314,2790213,51,49,2023-05-08,2024-02-06,,12,28.7,VEND306,0
WRK01788,Irrigation Canal - Mysuru Central,Irrigation Canal,Karnataka,Mysuru,Mysuru Central,16.2058,74.5967,12944229,4659922,39,36,2024-05-29,2025-04-30,,9,11.6,VEND124,0
WRK02708,Irrigation Canal - Thiruvananthapuram Central,Irrigation Canal,Kerala,Thiruvananthapuram,Thiruvananthapuram Central,11.7068,76.1565,3151015,157550,13,5,2023-09-30,2025-01-01,,9,12.7,VEND109,0
WRK01934,Anganwadi Centre - Patiala East,Anganwadi Centre,Punjab,Patiala,Patiala East,30.979,74.5527,3034301,2973614,29,98,2024-05-06,2025-02-09,,3,48.7,VEND338,1
WRK01549,Irrigation Canal - Thrissur South,Irrigation Canal,Kerala,Thrissur,Thrissur South,11.8468,76.2324,471745,471745,94,100,2023-10-12,2024-08-01,,12,25.3,VEND389,0
WRK02889,Public Toilet Complex - Hubballi North,Public Toilet Complex,Karnataka,Hubballi,Hubballi North,14.2138,75.9705,2070135,1883822,89,91,2024-02-11,2025-07-06,,4,17.5,VEND231,0
WRK03533,Drainage Project - Thiruvananthapuram South,Drainage Project,Kerala,Thiruvananthapuram,Thiruvananthapuram South,11.4292,77.1036,905003,905003,98,100,2022-10-08,2024-02-20,,9,20.2,VEND143,0
WRK02041,Drainage Project - Nagpur North,Drainage Project,Maharashtra,Nagpur,Nagpur North,20.1519,75.0273,2979372,2383497,82,80,2024-07-31,2025-11-18,,5,24.7,VEND056,0
WRK00082,Anganwadi Centre - Guwahati North,Anganwadi Centre,Assam,Guwahati,Guwahati North,25.2253,92.1389,5276541,4115701,72,78,2023-11-26,2024-11-27,,5,31.4,VEND399,0
WRK02276,Road Construction - Nizamabad South,Road Construction,Telangana,Nizamabad,Nizamabad South,18.1561,79.8043,12669493,4561017,42,36,2022-08-29,2023-12-17,,12,16.9,VEND248,0
WRK02810,Anganwadi Centre - Gaya Rural,Anganwadi Centre,Bihar,Gaya,Gaya Rural,25.4205,84.8606,17436584,13251803,72,76,2024-08-03,2025-10-13,,5,11.1,VEND100,0
WRK01336,Drainage Project - Panipat Central,Drainage Project,Haryana,Panipat,Panipat Central,28.3821,75.5001,2759915,1407556,53,51,2023-09-06,2024-10-20,,7,11.8,VEND219,0
WRK01428,School Building - Warangal East,School Building,Telangana,Warangal,Warangal East,18.2511,79.8536,2031352,426583,27,21,2022-10-05,2023-11-24,,6,11.7,VEND160,0
WRK01427,School Building - Jodhpur Rural,School Building,Rajasthan,Jodhpur,Jodhpur Rural,28.1387,75.3414,3386207,2438069,77,72,2022-08-19,2023-09-11,,8,14.0,VEND136,0
WRK00055,Drainage Project - Jalandhar Urban,Drainage Project,Punjab,Jalandhar,Jalandhar Urban,30.4694,74.881,2839762,2612581,91,92,2022-12-24,2024-03-23,,6,15.2,VEND392,0
WRK03538,Health Sub-Centre - Nizamabad Central,Health Sub-Centre,Telangana,Nizamabad,Nizamabad Central,18.1137,78.9102,2986005,1283982,41,43,2022-12-12,2023-05-28,,9,24.1,VEND335,0
WRK00139,School Building - Bikaner Rural,School Building,Rajasthan,Bikaner,Bikaner Rural,27.1246,74.3463,20719647,17818896,34,86,2023-09-12,2024-05-17,,2,80.6,VEND177,1
WRK02168,Health Sub-Centre - Varanasi East,Health Sub-Centre,Uttar Pradesh,Varanasi,Varanasi East,27.6958,81.3918,8480295,6784236,87,80,2024-06-24,2025-10-24,,6,39.9,VEND298,0
WRK01651,Irrigation Canal - Patiala West,Irrigation Canal,Punjab,Patiala,Patiala West,31.2241,76.1186,8378723,8378723,2,100,2023-09-24,2024-09-30,,3,58.5,VEND225,1
WRK01669,Irrigation Canal - Jalandhar Urban,Irrigation Canal,Punjab,Jalandhar,Jalandhar Urban,31.189,75.8693,2654157,1804826,69,68,2023-04-21,2024-03-02,,7,42.7,VEND220,0
WRK03649,Road Construction - Thrissur Central,Road Construction,Kerala,Thrissur,Thrissur Central,10.8317,76.021,2284502,114225,5,5,2023-08-03,2024-12-12,,5,32.8,VEND119,0
WRK02865,Health Sub-Centre - Kozhikode Rural,Health Sub-Centre,Kerala,Kozhikode,Kozhikode Rural,11.4807,75.7244,890859,721595,79,81,2023-07-23,2024-03-08,,5,18.3,VEND075,0
WRK03327,Public Toilet Complex - Howrah South,Public Toilet Complex,West Bengal,Howrah,Howrah South,21.9238,88.8101,16613379,7974421,51,48,2023-03-30,2024-07-18,,11,18.1,VEND072,0
WRK01893,Anganwadi Centre - Rajkot Central,Anganwadi Centre,Gujarat,Rajkot,Rajkot Central,21.7233,71.4024,9876160,6024457,69,61,2024-06-09,2025-12-01,,3,29.3,VEND334,0
WRK02169,Community Hall - Kozhikode Rural,Community Hall,Kerala,Kozhikode,Kozhikode Rural,11.1688,77.2949,7968013,7569612,96,95,2023-12-30,2024-08-05,,6,40.6,VEND151,0
WRK03026,Irrigation Canal - Nashik West,Irrigation Canal,Maharashtra,Nashik,Nashik West,19.8691,74.7218,3188067,1179584,36,37,2023-02-25,2024-04-02,,7,15.4,VEND075,0
WRK00682,Streetlight Installation - Bhagalpur Rural,Streetlight Installation,Bihar,Bhagalpur,Bhagalpur Rural,25.2088,85.4776,9216501,921650,15,10,2023-04-12,2023-08-15,,4,14.3,VEND329,0
WRK02235,Anganwadi Centre - Muzaffarpur North,Anganwadi Centre,Bihar,Muzaffarpur,Muzaffarpur North,25.3901,84.2848,1093629,109362,8,10,2023-12-05,2024-07-03,,11,25.4,VEND002,0
WRK00251,Water Supply Scheme - Solapur Central,Water Supply Scheme,Maharashtra,Solapur,Solapur Central,20.4658,76.4186,1817716,1199692,71,66,2023-02-20,2023-07-24,,5,21.1,VEND075,0
WRK02910,Irrigation Canal - Bikaner Rural,Irrigation Canal,Rajasthan,Bikaner,Bikaner Rural,26.8072,75.3553,4278118,2737995,72,64,2024-03-24,2025-03-25,,6,21.9,VEND389,0
WRK03490,Road Construction - Jalandhar Rural,Road Construction,Punjab,Jalandhar,Jalandhar Rural,30.9894,75.079,12242632,9181974,79,75,2023-01-24,2023-10-05,,10,16.5,VEND030,0
WRK03091,Community Hall - Aurangabad West,Community Hall,Maharashtra,Aurangabad,Aurangabad West,20.6008,74.9545,976498,68354,14,7,2024-08-06,2025-03-01,,10,33.9,VEND268,0
WRK03973,Irrigation Canal - Kozhikode North,Irrigation Canal,Kerala,Kozhikode,Kozhikode North,11.7345,75.5636,7565978,7112019,95,94,2022-12-02,2023-11-02,,9,18.8,VEND328,0
WRK03380,School Building - Guwahati West,School Building,Assam,Guwahati,Guwahati West,26.3652,93.0408,18532056,10007310,46,54,2023-07-27,2024-08-03,,11,22.2,VEND080,0
WRK00537,Streetlight Installation - Bikaner North,Streetlight Installation,Rajasthan,Bikaner,Bikaner North,27.8572,75.1747,867541,659331,82,76,2024-04-23,2025-01-10,,5,34.8,VEND293,0
WRK01852,Water Supply Scheme - Patna West,Water Supply Scheme,Bihar,Patna,Patna West,26.0053,84.7125,20905362,8571198,43,41,2024-07-19,2025-09-28,,8,33.0,VEND200,0
WRK03360,Health Sub-Centre - Gorakhpur East,Health Sub-Centre,Uttar Pradesh,Gorakhpur,Gorakhpur East,27.3489,81.0606,3185773,1879606,51,59,2022-05-15,2023-07-19,,8,31.7,VEND258,0
WRK01526,Community Hall - Meerut Central,Community Hall,Uttar Pradesh,Meerut,Meerut Central,27.4474,81.6462,5688371,4948882,84,87,2023-02-28,2024-06-05,,6,41.4,VEND267,0
WRK03844,Water Supply Scheme - Guwahati South,Water Supply Scheme,Assam,Guwahati,Guwahati South,25.4114,94.0625,2438557,2219086,94,91,2023-03-02,2024-02-14,,10,18.6,VEND156,0
WRK01078,Irrigation Canal - Kanpur South,Irrigation Canal,Uttar Pradesh,Kanpur,Kanpur South,27.0054,80.9993,3182281,2132128,61,67,2024-05-19,2025-07-10,,4,28.8,VEND027,0
WRK00867,Irrigation Canal - Faridabad East,Irrigation Canal,Haryana,Faridabad,Faridabad East,28.1615,75.3214,4519152,3479747,72,77,2023-02-13,2023-09-09,,8,38.2,VEND072,0
WRK02852,Public Toilet Complex - Muzaffarpur Rural,Public Toilet Complex,Bihar,Muzaffarpur,Muzaffarpur Rural,25.5322,85.9698,11249184,9449314,20,84,2022-12-30,2023-09-23,,1,94.9,VEND176,1
WRK00752,Health Sub-Centre - Jaipur Central,Health Sub-Centre,Rajasthan,Jaipur,Jaipur Central,27.2011,75.2853,7249043,217471,10,3,2022-07-31,2023-05-31,,12,15.3,VEND220,0
WRK03804,Road Construction - Ludhiana East,Road Construction,Punjab,Ludhiana,Ludhiana East,30.2627,74.7953,1634269,1454499,82,89,2022-11-27,2023-04-23,,8,21.0,VEND305,0
WRK03555,School Building - Nizamabad Central,School Building,Telangana,Nizamabad,Nizamabad Central,18.4075,78.6543,402688,0,5,0,2024-04-24,2025-04-30,,8,15.3,VEND309,0
WRK03255,Anganwadi Centre - Bhubaneswar Central,Anganwadi Centre,Odisha,Bhubaneswar,Bhubaneswar Central,20.1848,85.7007,990530,406117,38,41,2024-02-23,2025-01-19,,5,16.6,VEND294,0
WRK00784,Public Toilet Complex - Bhubaneswar Rural,Public Toilet Complex,Odisha,Bhubaneswar,Bhubaneswar Rural,21.1487,83.9848,6618669,926613,13,14,2022-04-09,2022-10-25,,9,15.5,VEND205,0
WRK03605,Water Supply Scheme - Surat Central,Water Supply Scheme,Gujarat,Surat,Surat Central,21.7823,71.2512,15771813,2523490,17,16,2024-06-28,2024-12-30,,4,25.4,VEND236,0
WRK02422,Water Supply Scheme - Agra Urban,Water Supply Scheme,Uttar Pradesh,Agra,Agra Urban,26.0968,81.9037,5957712,655348,8,11,2023-04-24,2023-12-11,,9,41.3,VEND325,0
WRK03439,Community Hall - Bhubaneswar Central,Community Hall,Odisha,Bhubaneswar,Bhubaneswar Central,20.6215,85.6502,881991,361616,38,41,2022-10-20,2023-02-22,,12,44.9,VEND221,0
WRK01920,Irrigation Canal - Kozhikode North,Irrigation Canal,Kerala,Kozhikode,Kozhikode North,10.263,76.9017,482999,144899,24,30,2024-05-24,2025-02-28,,10,19.0,VEND360,0
WRK00048,Road Construction - Gurugram Rural,Road Construction,Haryana,Gurugram,Gurugram Rural,28.3804,75.0234,5800836,3944568,62,68,2022-12-04,2023-10-10,,5,43.6,VEND243,0
WRK03614,Irrigation Canal - Dibrugarh Urban,Irrigation Canal,Assam,Dibrugarh,Dibrugarh Urban,25.1063,93.4994,6500910,5005700,79,77,2023-07-30,2024-04-08,,8,19.7,VEND300,0
WRK03273,Streetlight Installation - Hyderabad West,Streetlight Installation,Telangana,Hyderabad,Hyderabad West,17.8228,79.3065,8744383,8744383,15,100,2023-10-08,2024-11-18,,3,55.9,VEND289,1
WRK03426,Irrigation Canal - Lucknow Central,Irrigation Canal,Uttar Pradesh,Lucknow,Lucknow Central,26.9341,81.757,23194715,1623630,12,7,2024-08-18,2025-08-18,,8,17.9,VEND125,0
WRK01904,Road Construction - Nizamabad Urban,Road Construction,Telangana,Nizamabad,Nizamabad Urban,18.8884,80.1608,426840,375619,91,88,2022-07-03,2023-06-20,,5,33.2,VEND068,0
WRK02102,Road Construction - Bhagalpur Urban,Road Construction,Bihar,Bhagalpur,Bhagalpur Urban,24.9547,85.5527,5466803,273340,12,5,2023-03-22,2023-09-08,,5,13.2,VEND190,0
WRK01823,Health Sub-Centre - Mumbai South,Health Sub-Centre,Maharashtra,Mumbai,Mumbai South,18.6978,76.3376,7290059,0,2,0,2023-01-18,2023-11-23,,12,21.6,VEND317,0
WRK00510,Road Construction - Bhopal Rural,Road Construction,Madhya Pradesh,Bhopal,Bhopal Rural,23.0909,78.4293,22213684,11773252,58,53,2023-06-23,2024-12-03,,4,37.4,VEND313,0
WRK01638,Community Hall - Warangal Central,Community Hall,Telangana,Warangal,Warangal Central,18.7567,79.9421,1149344,586165,51,51,2022-07-12,2023-06-27,,4,27.1,VEND217,0
WRK03363,Drainage Project - Hyderabad East,Drainage Project,Telangana,Hyderabad,Hyderabad East,17.1098,80.3803,16220045,12651635,76,78,2023-09-24,2024-08-16,,5,44.9,VEND096,0
WRK02108,Streetlight Installation - Bhubaneswar Central,Streetlight Installation,Odisha,Bhubaneswar,Bhubaneswar Central,20.4874,85.3849,964699,733171,71,76,2024-05-20,2025-08-16,,3,37.3,VEND054,0
WRK02302,Anganwadi Centre - Gaya North,Anganwadi Centre,Bihar,Gaya,Gaya North,26.0909,84.588,416779,195886,55,47,2023-05-11,2024-01-08,,8,11.5,VEND375,0
WRK01946,Drainage Project - Agra Central,Drainage Project,Uttar Pradesh,Agra,Agra Central,26.9925,81.8697,1136253,0,0,0,2024-06-04,2024-11-26,,6,15.4,VEND259,0
WRK03434,Community Hall - Panipat Central,Community Hall,Haryana,Panipat,Panipat Central,29.9187,75.2419,590295,454527,71,77,2024-06-25,2025-05-13,,7,26.1,VEND371,0
WRK01133,School Building - Rajkot Central,School Building,Gujarat,Rajkot,Rajkot Central,21.7948,71.7383,19323544,11207655,50,58,2023-08-30,2024-03-30,,6,15.0,VEND349,0
WRK01221,Health Sub-Centre - Faridabad West,Health Sub-Centre,Haryana,Faridabad,Faridabad West,29.4214,76.0213,1146414,435637,37,38,2024-03-21,2024-10-16,,4,38.1,VEND082,0
WRK02842,Drainage Project - Nizamabad South,Drainage Project,Telangana,Nizamabad,Nizamabad South,16.7579,80.4546,406079,296437,76,73,2024-05-30,2025-09-01,,10,23.4,VEND284,0
WRK01195,Anganwadi Centre - Siliguri North,Anganwadi Centre,West Bengal,Siliguri,Siliguri North,24.0027,87.1225,9533588,9533588,98,100,2022-05-13,2023-09-01,,5,33.2,VEND115,0
WRK00580,Anganwadi Centre - Dibrugarh Urban,Anganwadi Centre,Assam,Dibrugarh,Dibrugarh Urban,26.135,94.0612,15804624,2370693,23,15,2022-10-28,2023-09-17,,8,10.3,VEND184,0
WRK03953,Health Sub-Centre - Siliguri East,Health Sub-Centre,West Bengal,Siliguri,Siliguri East,23.5988,88.1033,11740176,1056615,3,9,2024-05-04,2025-10-08,,3,15.0,VEND129,0
WRK03734,Community Hall - Cuttack South,Community Hall,Odisha,Cuttack,Cuttack South,19.8019,84.9101,1196160,669849,58,56,2024-07-18,2025-10-08,,5,35.0,VEND267,0
WRK02698,Anganwadi Centre - Thrissur South,Anganwadi Centre,Kerala,Thrissur,Thrissur South,10.3116,75.3823,2961582,88847,3,3,2022-12-25,2023-12-25,,9,21.0,VEND276,0
WRK03970,Water Supply Scheme - Guwahati Urban,Water Supply Scheme,Assam,Guwahati,Guwahati Urban,26.2917,93.9063,1998869,1998869,96,100,2024-05-18,2025-06-29,,10,34.1,VEND258,0
WRK00429,Anganwadi Centre - Howrah West,Anganwadi Centre,West Bengal,Howrah,Howrah West,23.1553,86.9341,9053863,8510631,51,94,2022-08-16,2023-05-22,,1,87.1,VEND252,1
WRK00035,Public Toilet Complex - Silchar West,Public Toilet Complex,Assam,Silchar,Silchar West,25.1557,92.3094,9988994,7192075,73,72,2024-03-04,2025-03-02,,10,20.5,VEND203,0
WRK00708,Water Supply Scheme - Muzaffarpur West,Water Supply Scheme,Bihar,Muzaffarpur,Muzaffarpur West,25.8935,84.4526,12805649,5378372,43,42,2023-04-18,2023-10-12,,11,39.8,VEND061,0
WRK01104,Health Sub-Centre - Surat Rural,Health Sub-Centre,Gujarat,Surat,Surat Rural,21.4819,70.656,1052037,883711,82,84,2022-06-14,2023-01-13,,10,28.5,VEND355,0
WRK01403,Community Hall - Silchar South,Community Hall,Assam,Silchar,Silchar South,26.8665,92.242,7373102,7004446,87,95,2022-08-30,2023-06-16,,7,28.6,VEND271,0
WRK00371,Road Construction - Bhagalpur Central,Road Construction,Bihar,Bhagalpur,Bhagalpur Central,25.5366,84.2823,7417956,7121237,96,96,2023-01-29,2024-01-02,,12,29.0,VEND107,0
WRK00486,School Building - Nagpur Rural,School Building,Maharashtra,Nagpur,Nagpur Rural,19.3831,75.2846,2273576,1432352,65,63,2024-07-31,2025-06-04,,10,25.6,VEND199,0
WRK02636,Streetlight Installation - Jabalpur West,Streetlight Installation,Madhya Pradesh,Jabalpur,Jabalpur West,24.4882,77.5285,17641870,16936195,92,96,2022-12-18,2023-05-12,,11,41.6,VEND107,0
WRK01679,Irrigation Canal - Darjeeling North,Irrigation Canal,West Bengal,Darjeeling,Darjeeling North,23.5118,88.8924,5187297,778094,8,15,2023-06-01,2024-04-21,,10,41.4,VEND383,0
WRK00521,Water Supply Scheme - Kota Rural,Water Supply Scheme,Rajasthan,Kota,Kota Rural,27.1021,74.9001,508707,172960,36,34,2023-09-15,2024-10-15,,4,27.9,VEND160,0
WRK00572,Road Construction - Lucknow North,Road Construction,Uttar Pradesh,Lucknow,Lucknow North,27.1812,80.3055,5197957,311877,8,6,2023-12-01,2025-03-30,,12,14.4,VEND261,0
WRK00600,Streetlight Installation - Gaya West,Streetlight Installation,Bihar,Gaya,Gaya West,26.1369,85.1052,2330629,139837,3,6,2024-08-21,2025-09-30,,5,30.2,VEND066,0
WRK03409,School Building - Panipat South,School Building,Haryana,Panipat,Panipat South,28.9142,74.8481,4611518,1337340,35,29,2024-06-20,2025-12-08,,7,40.2,VEND276,0
WRK00234,School Building - Pune East,School Building,Maharashtra,Pune,Pune East,19.5205,74.5539,20333073,19723080,27,97,2023-08-01,2024-09-16,,4,43.4,VEND257,1
WRK02167,Health Sub-Centre - Coimbatore Urban,Health Sub-Centre,Tamil Nadu,Coimbatore,Coimbatore Urban,9.9541,77.5338,2605322,1172394,42,45,2024-01-28,2025-07-13,,3,14.0,VEND374,0
WRK03290,Road Construction - Warangal Urban,Road Construction,Telangana,Warangal,Warangal Urban,17.9551,78.8755,1964008,1315885,67,67,2022-12-03,2023-08-20,,11,19.5,VEND382,0
WRK01072,Community Hall - Madurai East,Community Hall,Tamil Nadu,Madurai,Madurai East,11.5672,78.2752,2133293,511990,28,24,2023-02-11,2023-09-24,,7,31.3,VEND374,0
WRK02749,Road Construction - Vadodara West,Road Construction,Gujarat,Vadodara,Vadodara West,23.1052,71.9826,20123979,3823556,13,19,2023-05-24,2024-09-13,,3,40.5,VEND222,0
WRK02906,Irrigation Canal - Coimbatore Urban,Irrigation Canal,Tamil Nadu,Coimbatore,Coimbatore Urban,9.9105,78.0573,2122908,2122908,98,100,2022-11-24,2023-07-03,,11,18.1,VEND258,0
WRK01083,Health Sub-Centre - Siliguri South,Health Sub-Centre,West Bengal,Siliguri,Siliguri South,22.0257,88.7447,10563862,8345450,71,79,2023-01-07,2024-04-18,,7,31.9,VEND058,0
WRK03997,Health Sub-Centre - Tiruchirappalli North,Health Sub-Centre,Tamil Nadu,Tiruchirappalli,Tiruchirappalli North,11.6001,78.9849,970166,494784,58,51,2023-05-18,2024-05-28,,10,37.6,VEND065,0
WRK02350,Road Construction - Mangaluru Central,Road Construction,Karnataka,Mangaluru,Mangaluru Central,15.8731,76.8038,2004468,140312,9,7,2023-04-29,2024-08-18,,7,30.1,VEND190,0
WRK01926,Anganwadi Centre - Amritsar Rural,Anganwadi Centre,Punjab,Amritsar,Amritsar Rural,31.3704,75.5049,17075791,15880485,92,93,2022-09-24,2023-12-06,,5,11.5,VEND194,0
WRK00608,Irrigation Canal - Muzaffarpur South,Irrigation Canal,Bihar,Muzaffarpur,Muzaffarpur South,25.7714,85.8161,1960098,1430871,75,73,2023-11-10,2024-08-14,,11,35.1,VEND235,0
WRK00636,Community Hall - Vadodara South,Community Hall,Gujarat,Vadodara,Vadodara South,23.105,72.1657,589822,123862,22,21,2022-12-07,2023-11-09,,7,20.0,VEND230,0
WRK02740,Community Hall - Amritsar Central,Community Hall,Punjab,Amritsar,Amritsar Central,30.5893,76.3564,1159153,255013,24,22,2023-01-02,2023-11-27,,7,33.6,VEND276,0
WRK03190,Drainage Project - Jaipur Central,Drainage Project,Rajasthan,Jaipur,Jaipur Central,25.9021,74.0074,3452230,2140382,54,62,2023-05-26,2024-09-03,,12,29.4,VEND373,0
WRK03829,Streetlight Installation - Mangaluru East,Streetlight Installation,Karnataka,Mangaluru,Mangaluru East,14.8982,74.8184,8346588,7511929,96,90,2022-10-26,2023-08-02,,11,22.8,VEND374,0
WRK02625,Streetlight Installation - Faridabad East,Streetlight Installation,Haryana,Faridabad,Faridabad East,30.0229,75.0123,4795906,863263,24,18,2023-10-17,2024-12-08,,5,30.7,VEND181,0
WRK03566,Health Sub-Centre - Bengaluru Urban North,Health Sub-Centre,Karnataka,Bengaluru Urban,Bengaluru Urban North,14.1934,74.5864,6476923,4015692,55,62,2024-05-06,2025-08-19,,3,24.9,VEND002,0
WRK00534,Road Construction - Jaipur Urban,Road Construction,Rajasthan,Jaipur,Jaipur Urban,27.7029,74.3862,4624698,3422276,73,74,2023-06-02,2024-06-02,,12,25.8,VEND173,0
WRK00644,Road Construction - Cuttack Rural,Road Construction,Odisha,Cuttack,Cuttack Rural,21.8203,84.876,8076464,4280525,54,53,2024-01-27,2024-12-09,,6,26.7,VEND186,0
WRK02044,Irrigation Canal - Hyderabad North,Irrigation Canal,Telangana,Hyderabad,Hyderabad North,17.4556,78.5803,1050958,1050958,12,100,2023-03-10,2024-08-10,,5,68.9,VEND036,1
WRK03378,School Building - Vellore Rural,School Building,Tamil Nadu,Vellore,Vellore Rural,10.4655,79.6444,9556758,573405,10,6,2023-12-06,2024-11-06,,12,17.7,VEND072,0
WRK03470,Public Toilet Complex - Vadodara East,Public Toilet Complex,Gujarat,Vadodara,Vadodara East,22.3271,71.9625,1878460,1296137,61,69,2022-05-04,2023-10-01,,3,23.1,VEND273,0
WRK00121,Drainage Project - Siliguri North,Drainage Project,West Bengal,Siliguri,Siliguri North,24.0263,87.8554,17734472,9221925,48,52,2024-05-23,2025-05-02,,3,26.6,VEND274,0
WRK00621,Community Hall - Erode Urban,Community Hall,Tamil Nadu,Erode,Erode Urban,10.789,78.2995,2310722,647002,30,28,2022-12-12,2023-10-19,,4,10.6,VEND015,0
WRK03629,Drainage Project - Solapur Urban,Drainage Project,Maharashtra,Solapur,Solapur Urban,20.7041,76.3666,23458142,3518721,21,15,2023-11-28,2024-06-26,,12,40.2,VEND330,0
WRK03000,Road Construction - Kota Central,Road Construction,Rajasthan,Kota,Kota Central,27.0447,74.8434,1647941,131835,4,8,2023-03-25,2024-06-08,,8,44.8,VEND389,0
WRK01597,Streetlight Installation - Hyderabad East,Streetlight Installation,Telangana,Hyderabad,Hyderabad East,17.55,79.3068,11575892,4167321,33,36,2023-07-20,2024-04-29,,11,32.0,VEND248,0
WRK01942,Irrigation Canal - Faridabad Urban,Irrigation Canal,Haryana,Faridabad,Faridabad Urban,29.7791,76.26,9420786,8667123,99,92,2022-09-23,2023-12-24,,3,25.8,VEND274,0
WRK00129,Community Hall - Tirunelveli South,Community Hall,Tamil Nadu,Tirunelveli,Tirunelveli South,12.1385,79.4786,4052733,3525877,82,87,2024-03-30,2025-08-10,,7,39.4,VEND069,0
WRK03982,Irrigation Canal - Hubballi North,Irrigation Canal,Karnataka,Hubballi,Hubballi North,14.593,74.9994,3055979,2567022,35,84,2024-07-24,2025-08-05,,1,95.1,VEND186,1
WRK03669,Public Toilet Complex - Patna West,Public Toilet Complex,Bihar,Patna,Patna West,25.5918,84.6124,852913,469102,57,55,2023-07-26,2024-08-21,,5,36.6,VEND145,0
WRK01458,Road Construction - Kochi Rural,Road Construction,Kerala,Kochi,Kochi Rural,10.3427,76.0751,1732336,554347,27,32,2024-08-10,2025-08-15,,8,13.5,VEND258,0
WRK01503,Anganwadi Centre - Gurugram South,Anganwadi Centre,Haryana,Gurugram,Gurugram South,28.6441,75.8564,5659879,4980693,81,88,2023-03-08,2024-03-03,,7,35.5,VEND306,0
WRK01003,Drainage Project - Kochi Rural,Drainage Project,Kerala,Kochi,Kochi Rural,11.3108,76.6721,2680676,1313531,56,49,2022-06-25,2023-01-19,,7,31.3,VEND353,0
WRK02295,Water Supply Scheme - Nizamabad Rural,Water Supply Scheme,Telangana,Nizamabad,Nizamabad Rural,17.3298,80.1233,15824672,6171622,40,39,2022-08-29,2023-01-05,,12,41.7,VEND348,0
WRK01497,School Building - Siliguri East,School Building,West Bengal,Siliguri,Siliguri East,22.1146,88.0928,865004,207600,28,24,2023-05-10,2024-09-13,,4,13.2,VEND365,0
WRK03833,Drainage Project - Jaipur Rural,Drainage Project,Rajasthan,Jaipur,Jaipur Rural,27.932,74.8135,12977079,8305330,61,64,2023-03-13,2024-01-07,,6,25.9,VEND067,0
WRK00689,Road Construction - Tiruchirappalli East,Road Construction,Tamil Nadu,Tiruchirappalli,Tiruchirappalli East,11.9118,79.1025,1994291,857545,37,43,2023-09-14,2025-02-15,,5,30.2,VEND356,0
WRK02877,Public Toilet Complex - Warangal Rural,Public Toilet Complex,Telangana,Warangal,Warangal Rural,17.9048,79.7119,2134692,256163,5,12,2023-11-30,2024-10-23,,3,25.9,VEND069,0
WRK01348,Anganwadi Centre - Gaya Urban,Anganwadi Centre,Bihar,Gaya,Gaya Urban,26.6745,84.6473,4581753,1970153,40,43,2022-10-30,2023-06-18,,9,19.6,VEND367,0
WRK03042,Public Toilet Complex - Jodhpur North,Public Toilet Complex,Rajasthan,Jodhpur,Jodhpur North,26.32,73.4073,8475484,5593819,62,66,2022-05-17,2023-03-11,,6,13.1,VEND019,0
WRK02277,Road Construction - Kanpur West,Road Construction,Uttar Pradesh,Kanpur,Kanpur West,25.9546,80.7275,11107785,9997006,93,90,2022-10-12,2023-07-11,,7,39.8,VEND159,0
WRK02729,Anganwadi Centre - Solapur South,Anganwadi Centre,Maharashtra,Solapur,Solapur South,20.6813,75.0161,436301,0,1,0,2023-02-15,2023-11-19,,11,13.5,VEND159,0
WRK01267,Irrigation Canal - Salem East,Irrigation Canal,Tamil Nadu,Salem,Salem East,11.0737,78.244,2055164,267171,5,13,2024-05-14,2025-06-29,,3,35.3,VEND366,0
WRK01401,Streetlight Installation - Meerut Central,Streetlight Installation,Uttar Pradesh,Meerut,Meerut Central,27.66,81.7277,8599149,7653242,92,89,2023-01-10,2023-08-21,,9,11.3,VEND005,0
WRK00448,School Building - Hyderabad North,School Building,Telangana,Hyderabad,Hyderabad North,16.9354,79.4718,3437592,1100029,38,32,2023-02-16,2024-04-19,,9,41.4,VEND344,0
WRK02151,Health Sub-Centre - Gaya North,Health Sub-Centre,Bihar,Gaya,Gaya North,25.6119,84.9764,2397705,1102944,54,46,2022-09-27,2023-03-19,,6,30.5,VEND092,0
WRK02607,Streetlight Installation - Lucknow Central,Streetlight Installation,Uttar Pradesh,Lucknow,Lucknow Central,27.3218,81.5304,1795871,1526490,93,85,2023-09-16,2024-03-12,,7,39.9,VEND273,0
WRK03448,Anganwadi Centre - Rajkot West,Anganwadi Centre,Gujarat,Rajkot,Rajkot West,22.4276,69.966,2187096,1771547,51,81,2023-09-15,2024-09-21,,1,80.8,VEND287,1
WRK03596,Streetlight Installation - Bhubaneswar West,Streetlight Installation,Odisha,Bhubaneswar,Bhubaneswar West,21.6257,84.0401,2493444,1446197,57,58,2022-12-25,2024-01-09,,10,25.8,VEND123,0
WRK02354,Anganwadi Centre - Mumbai North,Anganwadi Centre,Maharashtra,Mumbai,Mumbai North,20.7608,74.6544,2105101,968346,40,46,2023-02-25,2023-12-24,,11,24.2,VEND143,0
WRK02657,Water Supply Scheme - Patna Urban,Water Supply Scheme,Bihar,Patna,Patna Urban,26.6424,85.0293,3417000,2972790,85,87,2024-08-14,2025-01-25,,10,23.1,VEND217,0
WRK02331,Anganwadi Centre - Vellore East,Anganwadi Centre,Tamil Nadu,Vellore,Vellore East,10.5014,78.3545,576049,408994,77,71,2023-11-04,2025-02-19,,6,29.3,VEND114,0
WRK01793,School Building - Mangaluru North,School Building,Karnataka,Mangaluru,Mangaluru North,15.7561,75.4292,2268710,680613,27,30,2023-08-29,2024-08-06,,8,29.3,VEND042,0
WRK00178,Water Supply Scheme - Muzaffarpur South,Water Supply Scheme,Bihar,Muzaffarpur,Muzaffarpur South,25.5079,84.2226,10195687,2650878,19,26,2024-06-28,2025-11-08,,3,16.2,VEND256,0
WRK03753,Water Supply Scheme - Cuttack West,Water Supply Scheme,Odisha,Cuttack,Cuttack West,20.8622,84.8632,22312039,20303955,36,91,2022-07-18,2023-07-22,,1,97.9,VEND310,1
WRK01555,Road Construction - Silchar East,Road Construction,Assam,Silchar,Silchar East,25.7322,92.1053,407031,305273,69,75,2024-06-04,2025-03-22,,4,34.0,VEND208,0
WRK00364,Public Toilet Complex - Indore Central,Public Toilet Complex,Madhya Pradesh,Indore,Indore Central,22.5185,77.7445,880741,140918,11,16,2024-08-23,2025-04-17,,11,27.1,VEND111,0
WRK00554,Anganwadi Centre - Cuttack Urban,Anganwadi Centre,Odisha,Cuttack,Cuttack Urban,20.3703,85.3429,3439663,3233283,100,94,2023-10-04,2024-03-13,2024-04-01,3,41.2,VEND344,0
WRK02680,School Building - Thiruvananthapuram North,School Building,Kerala,Thiruvananthapuram,Thiruvananthapuram North,10.453,75.6036,1801867,1459512,85,81,2022-12-06,2024-01-11,,10,16.0,VEND025,0
WRK03300,Community Hall - Faridabad South,Community Hall,Haryana,Faridabad,Faridabad South,29.299,75.5266,3001894,1200757,44,40,2023-02-15,2024-06-14,,11,17.1,VEND110,0
WRK03890,Community Hall - Nagpur Urban,Community Hall,Maharashtra,Nagpur,Nagpur Urban,19.1652,75.0047,8622904,862290,7,10,2024-04-16,2024-10-29,,12,32.6,VEND094,0
WRK00286,Water Supply Scheme - Meerut East,Water Supply Scheme,Uttar Pradesh,Meerut,Meerut East,25.8088,80.6803,7231212,6725027,100,93,2022-07-24,2023-05-31,2023-05-28,4,25.5,VEND013,0
WRK03139,Drainage Project - Gwalior South,Drainage Project,Madhya Pradesh,Gwalior,Gwalior South,23.0994,77.4187,519161,20766,6,4,2023-11-30,2025-03-17,,5,43.9,VEND126,0
WRK02611,Water Supply Scheme - Madurai South,Water Supply Scheme,Tamil Nadu,Madurai,Madurai South,11.9429,79.0342,10281549,6374560,54,62,2024-02-20,2025-05-10,,4,22.2,VEND390,0
WRK00092,Road Construction - Kalaburagi South,Road Construction,Karnataka,Kalaburagi,Kalaburagi South,15.0316,76.0439,1166337,1154673,98,99,2023-03-16,2024-01-11,,4,68.1,VEND024,1
WRK02780,School Building - Dibrugarh North,School Building,Assam,Dibrugarh,Dibrugarh North,25.4921,93.2498,14211723,12648433,87,89,2023-10-13,2024-04-02,,11,17.5,VEND230,0
WRK02516,Irrigation Canal - Gorakhpur West,Irrigation Canal,Uttar Pradesh,Gorakhpur,Gorakhpur West,26.4824,81.1186,817382,572167,68,70,2022-07-20,2023-05-03,,8,26.0,VEND300,0
WRK02309,Community Hall - Cuttack East,Community Hall,Odisha,Cuttack,Cuttack East,20.9494,84.7403,9107581,7741443,27,85,2023-09-09,2024-02-22,,2,68.7,VEND305,1
WRK01901,Irrigation Canal - Warangal Central,Irrigation Canal,Telangana,Warangal,Warangal Central,18.8309,79.9872,492020,191887,40,39,2023-03-22,2024-08-07,,3,16.1,VEND329,0
WRK01547,School Building - Muzaffarpur Central,School Building,Bihar,Muzaffarpur,Muzaffarpur Central,25.0051,84.9261,981306,981306,94,100,2022-08-24,2023-08-16,,11,16.0,VEND096,0
WRK02867,Public Toilet Complex - Dibrugarh East,Public Toilet Complex,Assam,Dibrugarh,Dibrugarh East,25.0194,92.75,13369985,7487191,52,56,2022-07-10,2023-10-07,,3,15.4,VEND272,0
WRK03619,Drainage Project - Dibrugarh East,Drainage Project,Assam,Dibrugarh,Dibrugarh East,26.6916,92.4412,8597827,0,0,0,2023-06-01,2023-12-21,,4,39.1,VEND175,0
WRK03787,Anganwadi Centre - Nagpur West,Anganwadi Centre,Maharashtra,Nagpur,Nagpur West,19.4754,76.2533,17513672,525410,4,3,2022-10-25,2023-12-18,,5,38.0,VEND045,0
WRK00919,Irrigation Canal - Kozhikode East,Irrigation Canal,Kerala,Kozhikode,Kozhikode East,10.7596,77.0118,17442502,16919226,95,97,2023-05-10,2023-09-26,,4,71.3,VEND396,1
WRK03430,Streetlight Installation - Thiruvananthapuram Urban,Streetlight Installation,Kerala,Thiruvananthapuram,Thiruvananthapuram Urban,10.4784,75.9708,587605,11752,6,2,2023-09-07,2024-07-29,,4,22.8,VEND303,0
WRK02855,Community Hall - Hyderabad East,Community Hall,Telangana,Hyderabad,Hyderabad East,18.3131,78.9053,2209444,1193099,54,54,2024-02-18,2024-08-07,,12,29.0,VEND267,0
WRK02264,Anganwadi Centre - Mysuru South,Anganwadi Centre,Karnataka,Mysuru,Mysuru South,14.1696,76.1556,13285630,0,0,0,2022-04-11,2022-08-24,,7,20.4,VEND335,0
WRK03520,Community Hall - Dibrugarh North,Community Hall,Assam,Dibrugarh,Dibrugarh North,27.2521,93.2321,9577006,5363123,63,56,2023-01-08,2023-06-29,,3,21.9,VEND187,0
WRK01044,Streetlight Installation - Rourkela Central,Streetlight Installation,Odisha,Rourkela,Rourkela Central,19.713,83.8032,2731107,2266818,81,83,2023-11-24,2024-10-24,,11,23.6,VEND286,0
WRK01150,Streetlight Installation - Bhubaneswar East,Streetlight Installation,Odisha,Bhubaneswar,Bhubaneswar East,20.0875,84.9322,9260042,7500634,73,81,2024-08-20,2025-08-10,,3,42.9,VEND322,0
WRK01892,Water Supply Scheme - Asansol East,Water Supply Scheme,West Bengal,Asansol,Asansol East,22.09,88.7481,8606843,1807437,26,21,2022-12-28,2023-11-21,,3,20.5,VEND340,0
WRK02462,Community Hall - Belagavi West,Community Hall,Karnataka,Belagavi,Belagavi West,15.5472,76.4273,1986874,874224,38,44,2023-11-28,2025-04-24,,9,16.4,VEND329,0
WRK03496,Community Hall - Patiala West,Community Hall,Punjab,Patiala,Patiala West,31.5363,75.1788,4002836,2922070,76,73,2022-11-11,2023-03-21,,6,22.5,VEND205,0
WRK00694,Water Supply Scheme - Amritsar West,Water Supply Scheme,Punjab,Amritsar,Amritsar West,30.8182,74.9826,4531165,2673387,55,59,2023-02-18,2024-07-25,,3,43.7,VEND127,0
WRK02207,Streetlight Installation - Siliguri South,Streetlight Installation,West Bengal,Siliguri,Siliguri South,22.3803,88.2482,9262713,9077458,98,98,2023-02-10,2023-10-24,,4,36.9,VEND087,0
WRK03537,Public Toilet Complex - Nagpur West,Public Toilet Complex,Maharashtra,Nagpur,Nagpur West,20.4338,74.5222,1739528,1617761,19,93,2023-07-01,2024-10-02,,5,72.6,VEND112,1
WRK00276,Irrigation Canal - Gurugram Central,Irrigation Canal,Haryana,Gurugram,Gurugram Central,30.1788,75.356,3405390,3405390,93,100,2023-08-22,2024-09-11,,10,38.3,VEND313,0
WRK03643,Water Supply Scheme - Vellore West,Water Supply Scheme,Tamil Nadu,Vellore,Vellore West,11.1426,77.4211,21638295,12766594,57,59,2022-06-16,2022-11-03,,5,37.8,VEND353,0
WRK00971,Streetlight Installation - Salem East,Streetlight Installation,Tamil Nadu,Salem,Salem East,10.0986,78.0095,4197474,1678989,33,40,2022-10-25,2023-04-14,,9,20.2,VEND048,0
WRK01507,Water Supply Scheme - Kanpur Urban,Water Supply Scheme,Uttar Pradesh,Kanpur,Kanpur Urban,26.2984,81.7855,980452,833384,77,85,2022-11-07,2024-01-11,,5,12.6,VEND232,0
WRK03721,Drainage Project - Guwahati South,Drainage Project,Assam,Guwahati,Guwahati South,25.3419,93.2375,527621,274362,56,52,2023-07-24,2023-12-06,,9,43.3,VEND185,0
WRK01306,School Building - Bengaluru Urban South,School Building,Karnataka,Bengaluru Urban,Bengaluru Urban South,14.2266,76.502,9751599,9459051,95,97,2023-07-10,2024-05-19,,6,31.1,VEND241,0
WRK03353,Streetlight Installation - Surat Rural,Streetlight Installation,Gujarat,Surat,Surat Rural,22.8194,71.3315,8770304,7103946,78,81,2023-09-09,2024-07-07,,7,13.2,VEND221,0
WRK02750,Drainage Project - Bhopal North,Drainage Project,Madhya Pradesh,Bhopal,Bhopal North,22.8276,79.1344,3181603,127264,10,4,2023-12-28,2024-12-07,,3,43.7,VEND111,0
WRK02677,Water Supply Scheme - Jalandhar North,Water Supply Scheme,Punjab,Jalandhar,Jalandhar North,31.8164,75.3577,1049258,713495,64,68,2023-11-30,2024-09-06,,10,36.6,VEND025,0
WRK03514,Irrigation Canal - Nagpur Rural,Irrigation Canal,Maharashtra,Nagpur,Nagpur Rural,18.7032,75.6149,4443327,1688464,31,38,2024-07-10,2025-12-27,,12,26.4,VEND020,0
WRK00960,Streetlight Installation - Nashik Urban,Streetlight Installation,Maharashtra,Nashik,Nashik Urban,20.6705,76.4618,401375,345182,87,86,2023-12-07,2024-11-01,,3,20.2,VEND260,0
WRK02460,Streetlight Installation - Nashik North,Streetlight Installation,Maharashtra,Nashik,Nashik North,18.8798,76.1689,1065923,969989,99,91,2024-03-08,2024-09-29,,4,19.6,VEND315,0
WRK03683,Health Sub-Centre - Hubballi Rural,Health Sub-Centre,Karnataka,Hubballi,Hubballi Rural,15.5067,75.2155,15581275,7167386,50,46,2022-12-01,2024-03-03,,3,22.7,VEND143,0
WRK00730,Health Sub-Centre - Hubballi Central,Health Sub-Centre,Karnataka,Hubballi,Hubballi Central,14.677,74.9598,2522164,1462855,60,58,2023-02-03,2024-06-08,,11,35.2,VEND023,0
WRK00237,Health Sub-Centre - Muzaffarpur East,Health Sub-Centre,Bihar,Muzaffarpur,Muzaffarpur East,24.7441,86.0943,5630108,2026838,44,36,2022-10-13,2023-07-24,,7,15.9,VEND180,0
WRK02334,Road Construction - Panipat Central,Road Construction,Haryana,Panipat,Panipat Central,28.4055,76.2082,9291604,4181221,38,45,2023-05-13,2024-04-02,,3,42.4,VEND227,0
WRK01364,Irrigation Canal - Dibrugarh North,Irrigation Canal,Assam,Dibrugarh,Dibrugarh North,25.9414,92.7741,19516503,9563086,48,49,2023-05-28,2024-04-07,,8,10.8,VEND250,0
WRK01264,Streetlight Installation - Jaipur East,Streetlight Installation,Rajasthan,Jaipur,Jaipur East,25.8092,74.2048,15584575,14961192,90,96,2023-01-08,2023-08-17,,7,15.7,VEND066,0
WRK01009,Streetlight Installation - Nagpur East,Streetlight Installation,Maharashtra,Nagpur,Nagpur East,19.5013,74.8845,14508868,9430764,62,65,2022-12-27,2023-06-12,,12,22.7,VEND396,0
WRK01860,Streetlight Installation - Meerut East,Streetlight Installation,Uttar Pradesh,Meerut,Meerut East,25.7902,80.1596,979181,411256,45,42,2023-10-13,2024-10-21,,3,26.7,VEND001,0
WRK01565,Community Hall - Bikaner Central,Community Hall,Rajasthan,Bikaner,Bikaner Central,26.5717,73.0832,1165877,69952,4,6,2023-08-19,2025-01-03,,11,10.0,VEND330,0
WRK00271,Water Supply Scheme - Mangaluru South,Water Supply Scheme,Karnataka,Mangaluru,Mangaluru South,14.8111,75.0607,18218125,13663593,78,75,2024-02-18,2024-11-09,,10,36.2,VEND185,0
WRK00222,Water Supply Scheme - Patiala North,Water Supply Scheme,Punjab,Patiala,Patiala North,30.881,74.1609,1146797,848629,70,74,2024-06-20,2025-01-18,,11,21.8,VEND081,0
WRK03283,Streetlight Installation - Guwahati West,Streetlight Installation,Assam,Guwahati,Guwahati West,25.9519,92.9174,1680920,16809,3,1,2022-07-01,2023-03-14,,7,40.7,VEND347,0
WRK03548,Drainage Project - Kota North,Drainage Project,Rajasthan,Kota,Kota North,26.4858,75.0867,456577,109578,24,24,2023-06-19,2024-04-15,,7,16.2,VEND032,0
WRK01827,Public Toilet Complex - Salem Rural,Public Toilet Complex,Tamil Nadu,Salem,Salem Rural,11.667,79.2582,1706059,477696,31,28,2023-11-19,2024-06-26,,9,38.6,VEND155,0
WRK03613,Drainage Project - Gorakhpur Central,Drainage Project,Uttar Pradesh,Gorakhpur,Gorakhpur Central,27.0466,80.1486,9402353,564141,13,6,2022-12-29,2024-06-11,,4,10.5,VEND075,0
WRK03889,Health Sub-Centre - Salem Rural,Health Sub-Centre,Tamil Nadu,Salem,Salem Rural,10.0899,77.6824,2017067,1311093,57,65,2022-11-22,2023-08-25,,5,25.4,VEND337,0
WRK00886,School Building - Darjeeling West,School Building,West Bengal,Darjeeling,Darjeeling West,21.9642,88.8201,4108781,2670707,61,65,2024-08-07,2025-10-31,,10,31.2,VEND093,0
WRK02828,Anganwadi Centre - Bhubaneswar South,Anganwadi Centre,Odisha,Bhubaneswar,Bhubaneswar South,20.9944,85.878,2906750,2063792,71,71,2023-08-19,2023-12-21,,11,36.6,VEND207,0
WRK01896,Health Sub-Centre - Howrah Urban,Health Sub-Centre,West Bengal,Howrah,Howrah Urban,22.7721,87.21,4609676,1475096,29,32,2022-05-30,2022-12-15,,3,15.7,VEND287,0
WRK02641,Streetlight Installation - Vadodara Central,Streetlight Installation,Gujarat,Vadodara,Vadodara Central,22.709,71.2919,14001689,10921317,77,78,2022-04-05,2023-04-20,,6,15.6,VEND334,0
WRK03428,Community Hall - Chennai Rural,Community Hall,Tamil Nadu,Chennai,Chennai Rural,11.1717,78.98,7981058,2952991,38,37,2024-06-19,2025-09-06,,7,20.6,VEND308,0
WRK01139,Anganwadi Centre - Bhopal North,Anganwadi Centre,Madhya Pradesh,Bhopal,Bhopal North,23.7539,79.425,8962682,5198355,61,58,2022-08-22,2023-03-03,,6,23.7,VEND082,0
WRK03868,Community Hall - Howrah Central,Community Hall,West Bengal,Howrah,Howrah Central,22.8181,86.7384,17304968,9517732,63,55,2022-09-19,2023-08-02,,4,36.2,VEND043,0
WRK01916,Water Supply Scheme - Dibrugarh South,Water Supply Scheme,Assam,Dibrugarh,Dibrugarh South,26.9516,93.9988,8437423,2193729,22,26,2022-07-25,2023-06-02,,8,34.0,VEND134,0
WRK01224,Anganwadi Centre - Faridabad West,Anganwadi Centre,Haryana,Faridabad,Faridabad West,29.678,76.9276,571506,514355,98,90,2023-08-02,2024-02-25,,12,34.1,VEND186,0
WRK02483,Road Construction - Belagavi East,Road Construction,Karnataka,Belagavi,Belagavi East,14.7525,74.9073,1111627,266790,30,24,2022-06-17,2023-10-13,,8,17.6,VEND027,0
WRK03512,Streetlight Installation - Amritsar West,Streetlight Installation,Punjab,Amritsar,Amritsar West,29.9027,76.2462,17514670,7706454,38,44,2024-06-03,2025-03-18,,10,32.0,VEND253,0
WRK03407,Public Toilet Complex - Prayagraj North,Public Toilet Complex,Uttar Pradesh,Prayagraj,Prayagraj North,27.1562,81.3272,567072,453657,21,80,2023-01-04,2023-11-10,,1,78.6,VEND077,1
WRK01092,Anganwadi Centre - Kota Urban,Anganwadi Centre,Rajasthan,Kota,Kota Urban,26.6513,73.9617,17914831,12361233,71,69,2023-02-28,2024-04-08,,6,31.6,VEND226,0
WRK03362,Anganwadi Centre - Gwalior East,Anganwadi Centre,Madhya Pradesh,Gwalior,Gwalior East,22.3594,78.7244,472359,368440,81,78,2024-06-30,2025-09-04,,7,42.6,VEND153,0
WRK01242,Anganwadi Centre - Kozhikode South,Anganwadi Centre,Kerala,Kozhikode,Kozhikode South,10.5924,75.0955,9043674,8410616,94,93,2022-12-13,2023-10-05,,11,10.2,VEND350,0
WRK00104,Public Toilet Complex - Cuttack South,Public Toilet Complex,Odisha,Cuttack,Cuttack South,20.5518,86.0963,3088125,1605825,57,52,2022-05-04,2023-03-03,,12,40.4,VEND379,0
WRK01939,Anganwadi Centre - Chennai South,Anganwadi Centre,Tamil Nadu,Chennai,Chennai South,11.6145,79.5999,3281126,0,2,0,2023-06-07,2024-05-01,,3,12.2,VEND179,0
WRK01829,Road Construction - Lucknow Rural,Road Construction,Uttar Pradesh,Lucknow,Lucknow Rural,27.4092,80.2257,5235626,4031432,82,77,2022-05-01,2023-05-29,,10,42.9,VEND183,0
WRK00684,Anganwadi Centre - Muzaffarpur Rural,Anganwadi Centre,Bihar,Muzaffarpur,Muzaffarpur Rural,26.9339,84.2017,1852501,203775,16,11,2023-01-31,2024-03-18,,8,12.2,VEND276,0
WRK03610,Road Construction - Nashik South,Road Construction,Maharashtra,Nashik,Nashik South,20.6481,76.1785,916164,531375,65,58,2023-12-25,2024-09-09,,6,23.3,VEND360,0
WRK02049,Water Supply Scheme - Muzaffarpur South,Water Supply Scheme,Bihar,Muzaffarpur,Muzaffarpur South,26.7233,84.8572,7684933,2612877,32,34,2022-08-01,2022-12-11,,7,36.0,VEND058,0
WRK02693,Community Hall - Faridabad Central,Community Hall,Haryana,Faridabad,Faridabad Central,27.9035,76.1775,17718666,9390892,46,53,2022-04-26,2023-03-02,,6,26.1,VEND101,0
WRK03414,Community Hall - Thrissur Urban,Community Hall,Kerala,Thrissur,Thrissur Urban,10.9715,75.5892,1860948,1004911,46,54,2024-02-25,2024-12-11,,10,25.8,VEND145,0
WRK02239,Anganwadi Centre - Bhopal North,Anganwadi Centre,Madhya Pradesh,Bhopal,Bhopal North,22.7532,78.1862,19341112,18180645,98,94,2024-01-27,2024-10-02,,11,13.3,VEND001,0
WRK02369,Community Hall - Ludhiana Urban,Community Hall,Punjab,Ludhiana,Ludhiana Urban,30.5723,74.4504,923906,582060,67,63,2022-07-02,2023-04-29,,8,28.2,VEND313,0
WRK01645,Anganwadi Centre - Faridabad Urban,Anganwadi Centre,Haryana,Faridabad,Faridabad Urban,29.6404,75.4439,3265738,424545,19,13,2023-05-09,2024-04-16,,8,30.5,VEND269,0
WRK02490,Anganwadi Centre - Solapur East,Anganwadi Centre,Maharashtra,Solapur,Solapur East,20.0418,76.7344,5294893,1959110,33,37,2023-04-11,2023-08-22,,3,26.7,VEND340,0
WRK03532,Anganwadi Centre - Warangal West,Anganwadi Centre,Telangana,Warangal,Warangal West,18.3642,78.9019,21030884,6309265,34,30,2022-12-11,2024-04-26,,3,29.0,VEND154,0
WRK01730,Road Construction - Jaipur Rural,Road Construction,Rajasthan,Jaipur,Jaipur Rural,27.9964,74.1165,519637,462476,85,89,2023-06-21,2024-05-27,,9,19.4,VEND038,0
WRK02380,Water Supply Scheme - Ahmedabad South,Water Supply Scheme,Gujarat,Ahmedabad,Ahmedabad South,21.8433,70.5357,8680869,6857886,86,79,2022-11-20,2023-11-16,,3,34.8,VEND391,0
WRK00033,Drainage Project - Asansol West,Drainage Project,West Bengal,Asansol,Asansol West,22.8636,88.2618,17657458,11477347,72,65,2022-11-18,2023-08-02,,5,36.3,VEND342,0
WRK00200,School Building - Ahmedabad South,School Building,Gujarat,Ahmedabad,Ahmedabad South,23.1803,71.3001,14541581,8870364,63,61,2022-09-02,2023-01-07,,8,24.7,VEND256,0
WRK01550,Public Toilet Complex - Gaya Urban,Public Toilet Complex,Bihar,Gaya,Gaya Urban,25.9702,85.3026,4985965,3091298,65,62,2022-12-05,2023-06-01,,11,33.9,VEND164,0
WRK03580,Streetlight Installation - Bikaner North,Streetlight Installation,Rajasthan,Bikaner,Bikaner North,25.8965,74.8285,2274175,1978532,88,87,2024-04-27,2024-12-24,,3,36.7,VEND036,0
WRK01614,Irrigation Canal - Hubballi Urban,Irrigation Canal,Karnataka,Hubballi,Hubballi Urban,15.6149,74.8927,14658764,7622557,58,52,2023-02-23,2023-08-18,,8,39.2,VEND084,0
WRK02419,Streetlight Installation - Bhubaneswar North,Streetlight Installation,Odisha,Bhubaneswar,Bhubaneswar North,19.7472,85.5655,2949174,2123405,78,72,2024-09-01,2025-08-18,,8,15.2,VEND156,0
WRK00303,Irrigation Canal - Gwalior North,Irrigation Canal,Madhya Pradesh,Gwalior,Gwalior North,24.5364,79.7253,3177088,1143751,41,36,2023-12-02,2024-11-23,,10,16.2,VEND208,0
WRK00040,Irrigation Canal - Aurangabad Central,Irrigation Canal,Maharashtra,Aurangabad,Aurangabad Central,20.3279,75.0703,7576906,606152,13,8,2024-05-16,2024-11-03,,7,40.4,VEND177,0
WRK03594,Road Construction - Kochi East,Road Construction,Kerala,Kochi,Kochi East,11.4441,75.6932,853949,341579,45,40,2022-05-20,2023-05-28,,9,26.3,VEND137,0
WRK00069,Anganwadi Centre - Jodhpur South,Anganwadi Centre,Rajasthan,Jodhpur,Jodhpur South,27.7425,74.9443,20892109,5014106,28,24,2022-04-20,2022-12-12,,6,35.7,VEND302,0
WRK03544,Community Hall - Kota Central,Community Hall,Rajasthan,Kota,Kota Central,26.3305,73.0674,2384313,2384313,100,100,2022-05-23,2023-02-02,2023-02-07,12,23.5,VEND167,0
WRK00135,Irrigation Canal - Tiruchirappalli Urban,Irrigation Canal,Tamil Nadu,Tiruchirappalli,Tiruchirappalli Urban,11.717,78.3068,4901088,4901088,96,100,2024-03-01,2024-09-21,,5,25.6,VEND092,0
WRK00680,Public Toilet Complex - Mumbai North,Public Toilet Complex,Maharashtra,Mumbai,Mumbai North,19.0013,75.3849,16418840,14776956,29,90,2024-01-26,2024-11-14,,2,77.4,VEND061,1
WRK01562,Streetlight Installation - Meerut West,Streetlight Installation,Uttar Pradesh,Meerut,Meerut West,27.6986,80.5461,13133913,2889460,25,22,2023-05-05,2024-05-03,,3,42.7,VEND232,0
WRK02766,Community Hall - Kalaburagi South,Community Hall,Karnataka,Kalaburagi,Kalaburagi South,16.0997,76.1935,1724720,1052079,56,61,2022-11-14,2023-09-19,,4,26.7,VEND381,0
WRK02666,Water Supply Scheme - Rajkot West,Water Supply Scheme,Gujarat,Rajkot,Rajkot West,22.7921,71.9326,3405274,102158,8,3,2023-12-12,2025-02-16,,8,20.2,VEND013,0
WRK00155,Public Toilet Complex - Surat East,Public Toilet Complex,Gujarat,Surat,Surat East,22.6507,71.128,455375,150273,32,33,2023-10-21,2024-10-22,,12,22.1,VEND362,0
WRK00481,Road Construction - Dibrugarh South,Road Construction,Assam,Dibrugarh,Dibrugarh South,26.7435,94.0803,13163723,12768811,90,97,2022-06-23,2023-06-13,,10,32.0,VEND138,0
WRK01234,Road Construction - Silchar North,Road Construction,Assam,Silchar,Silchar North,26.971,93.0071,4343753,3996252,97,92,2024-07-09,2025-01-10,,6,12.6,VEND192,0
WRK00366,Water Supply Scheme - Indore Central,Water Supply Scheme,Madhya Pradesh,Indore,Indore Central,22.5748,77.9629,7216980,3319810,53,46,2023-11-09,2024-03-10,,3,44.7,VEND376,0
WRK00734,Water Supply Scheme - Silchar North,Water Supply Scheme,Assam,Silchar,Silchar North,26.2401,93.5211,1715051,1183385,65,69,2023-06-23,2024-11-08,,11,37.3,VEND206,0
WRK02119,Anganwadi Centre - Warangal Central,Anganwadi Centre,Telangana,Warangal,Warangal Central,18.6124,78.6062,5938878,3444549,58,58,2023-10-17,2024-08-12,,9,33.3,VEND011,0
WRK03143,Public Toilet Complex - Hyderabad North,Public Toilet Complex,Telangana,Hyderabad,Hyderabad North,18.5991,79.8561,9356910,7298389,84,78,2023-10-30,2024-07-03,,5,26.7,VEND375,0
WRK02861,Streetlight Installation - Varanasi Central,Streetlight Installation,Uttar Pradesh,Varanasi,Varanasi Central,26.5182,80.482,1672529,1438374,31,86,2023-07-22,2024-01-21,,2,44.9,VEND171,1
WRK01152,Streetlight Installation - Hyderabad Rural,Streetlight Installation,Telangana,Hyderabad,Hyderabad Rural,17.8353,78.404,7457795,3579741,45,48,2024-08-17,2025-04-23,,8,44.1,VEND128,0
WRK00955,Anganwadi Centre - Kochi North,Anganwadi Centre,Kerala,Kochi,Kochi North,11.9801,76.2984,17633978,12167444,71,69,2022-06-08,2023-06-14,,5,11.4,VEND353,0
WRK03179,Irrigation Canal - Bikaner Urban,Irrigation Canal,Rajasthan,Bikaner,Bikaner Urban,26.7869,73.6451,2627744,2312414,82,88,2023-07-29,2024-04-11,,8,32.4,VEND307,0
WRK00288,Public Toilet Complex - Hyderabad Urban,Public Toilet Complex,Telangana,Hyderabad,Hyderabad Urban,16.9627,80.4468,412303,412303,1,100,2024-02-22,2024-08-27,,5,55.5,VEND268,1
WRK02032,Streetlight Installation - Surat Central,Streetlight Installation,Gujarat,Surat,Surat Central,21.116,71.2518,9284029,9098348,95,98,2023-06-28,2024-09-23,,11,17.8,VEND120,0
WRK03483,Streetlight Installation - Vadodara West,Streetlight Installation,Gujarat,Vadodara,Vadodara West,21.1252,72.1541,8224385,411219,10,5,2022-06-01,2023-06-02,,5,31.0,VEND123,0
WRK01017,Community Hall - Bhagalpur North,Community Hall,Bihar,Bhagalpur,Bhagalpur North,25.4529,84.4949,3568560,642340,13,18,2024-05-21,2025-06-04,,9,37.1,VEND296,0
WRK00502,Health Sub-Centre - Erode Central,Health Sub-Centre,Tamil Nadu,Erode,Erode Central,11.3075,79.0744,3955819,3876702,100,98,2023-10-19,2024-03-19,2024-03-24,2,59.8,VEND331,1
WRK00120,Irrigation Canal - Rourkela North,Irrigation Canal,Odisha,Rourkela,Rourkela North,21.9191,86.0059,3064625,367755,9,12,2022-05-17,2023-09-07,,11,13.7,VEND352,0
WRK02115,Streetlight Installation - Patiala East,Streetlight Installation,Punjab,Patiala,Patiala East,30.7219,74.3591,8535042,1109555,15,13,2023-08-16,2025-01-13,,10,21.9,VEND117,0
WRK03739,Streetlight Installation - Tirunelveli North,Streetlight Installation,Tamil Nadu,Tirunelveli,Tirunelveli North,10.2742,78.0085,18173908,6360867,29,35,2023-12-29,2024-08-12,,10,39.7,VEND117,0
WRK03902,Drainage Project - Udaipur Central,Drainage Project,Rajasthan,Udaipur,Udaipur Central,27.1087,74.0153,11669447,5718029,42,49,2023-01-26,2024-03-11,,7,15.8,VEND042,0
WRK00786,School Building - Faridabad North,School Building,Haryana,Faridabad,Faridabad North,29.3564,75.4418,1081516,183857,13,17,2022-10-02,2024-02-08,,9,17.0,VEND169,0
WRK01992,Drainage Project - Mumbai West,Drainage Project,Maharashtra,Mumbai,Mumbai West,19.1919,76.0323,13761794,11284671,84,82,2023-05-24,2024-03-06,,8,35.5,VEND248,0
WRK03582,School Building - Prayagraj Rural,School Building,Uttar Pradesh,Prayagraj,Prayagraj Rural,27.2382,81.7199,12715797,3941897,27,31,2023-08-13,2024-10-07,,7,32.5,VEND015,0
WRK00562,Health Sub-Centre - Ludhiana Urban,Health Sub-Centre,Punjab,Ludhiana,Ludhiana Urban,31.96,74.8013,2260831,678249,35,30,2023-06-17,2024-05-10,,11,26.3,VEND186,0
WRK02515,School Building - Chennai East,School Building,Tamil Nadu,Chennai,Chennai East,11.5334,79.2959,5695943,968310,16,17,2023-07-10,2024-11-04,,4,35.2,VEND176,0
WRK01686,Anganwadi Centre - Vadodara South,Anganwadi Centre,Gujarat,Vadodara,Vadodara South,21.8153,71.6256,4382124,1709028,44,39,2024-03-12,2024-08-01,,4,26.6,VEND217,0
WRK00509,Health Sub-Centre - Darjeeling Urban,Health Sub-Centre,West Bengal,Darjeeling,Darjeeling Urban,22.2927,88.775,17849007,17492026,98,98,2024-05-27,2024-10-17,,5,39.9,VEND264,0
WRK02297,Water Supply Scheme - Panipat Urban,Water Supply Scheme,Haryana,Panipat,Panipat Urban,29.2105,75.4052,2143848,343015,10,16,2024-01-16,2024-08-23,,4,20.1,VEND382,0
WRK03227,Anganwadi Centre - Surat Central,Anganwadi Centre,Gujarat,Surat,Surat Central,21.0755,71.5691,11206631,5267116,43,47,2024-08-09,2026-01-13,,12,10.4,VEND143,0
WRK01231,Anganwadi Centre - Chennai East,Anganwadi Centre,Tamil Nadu,Chennai,Chennai East,12.1882,77.5445,11975135,6227070,48,52,2022-10-22,2023-10-17,,3,34.3,VEND139,0
WRK03141,Streetlight Installation - Udaipur Rural,Streetlight Installation,Rajasthan,Udaipur,Udaipur Rural,27.3185,73.581,1679810,0,4,0,2022-05-13,2022-11-25,,9,14.0,VEND129,0
WRK02678,Road Construction - Prayagraj Urban,Road Construction,Uttar Pradesh,Prayagraj,Prayagraj Urban,27.6173,81.3383,1969416,1477062,77,75,2023-01-04,2023-05-08,,7,24.3,VEND354,0
WRK01551,Community Hall - Patna East,Community Hall,Bihar,Patna,Patna East,25.8326,85.0767,566388,277530,57,49,2023-11-08,2025-03-26,,10,37.5,VEND302,0
WRK03041,Road Construction - Bhagalpur North,Road Construction,Bihar,Bhagalpur,Bhagalpur North,25.3599,84.2323,2988731,29887,2,1,2024-08-01,2025-06-14,,5,24.9,VEND231,0
WRK02685,Public Toilet Complex - Patna West,Public Toilet Complex,Bihar,Patna,Patna West,25.4153,83.9842,443044,203800,39,46,2023-11-28,2025-03-23,,9,26.9,VEND024,0
WRK00794,Health Sub-Centre - Indore East,Health Sub-Centre,Madhya Pradesh,Indore,Indore East,23.1577,79.4155,9526422,5144267,58,54,2022-04-15,2022-10-29,,10,40.3,VEND059,0
WRK01781,Health Sub-Centre - Gaya East,Health Sub-Centre,Bihar,Gaya,Gaya East,25.9978,85.5255,506267,506267,11,100,2022-04-09,2022-11-26,,2,42.9,VEND109,1
WRK02900,Community Hall - Tirunelveli Rural,Community Hall,Tamil Nadu,Tirunelveli,Tirunelveli Rural,10.064,79.3834,428057,25683,2,6,2023-12-15,2025-03-28,,7,37.9,VEND292,0
WRK01711,Anganwadi Centre - Jodhpur North,Anganwadi Centre,Rajasthan,Jodhpur,Jodhpur North,26.3597,75.0746,5059145,1568334,29,31,2023-12-15,2025-05-23,,11,27.6,VEND075,0
WRK01098,Health Sub-Centre - Silchar Rural,Health Sub-Centre,Assam,Silchar,Silchar Rural,25.0914,93.1879,6587408,6587408,98,100,2024-08-21,2025-06-21,,6,16.4,VEND240,0
WRK01294,Streetlight Installation - Udaipur Rural,Streetlight Installation,Rajasthan,Udaipur,Udaipur Rural,26.0914,74.7307,7014474,4629552,69,66,2023-07-06,2024-11-22,,3,22.0,VEND321,0
WRK02585,Irrigation Canal - Lucknow Urban,Irrigation Canal,Uttar Pradesh,Lucknow,Lucknow Urban,25.8461,81.1702,5508564,2754282,56,50,2022-06-02,2022-10-04,,5,12.6,VEND073,0
WRK02411,Public Toilet Complex - Mangaluru Central,Public Toilet Complex,Karnataka,Mangaluru,Mangaluru Central,15.1378,76.4888,1169865,362658,36,31,2022-06-13,2023-09-06,,6,37.6,VEND154,0
WRK02319,Irrigation Canal - Kalaburagi Central,Irrigation Canal,Karnataka,Kalaburagi,Kalaburagi Central,16.1066,76.2243,8180463,4581059,55,56,2023-09-27,2024-08-15,,9,30.3,VEND220,0
WRK02348,Streetlight Installation - Rourkela Rural,Streetlight Installation,Odisha,Rourkela,Rourkela Rural,22.0622,85.7962,2418771,2418771,99,100,2022-06-05,2023-06-22,,11,14.9,VEND066,0
WRK03785,Public Toilet Complex - Kalaburagi Rural,Public Toilet Complex,Karnataka,Kalaburagi,Kalaburagi Rural,16.3226,75.5934,3208605,320860,5,10,2023-04-06,2024-07-23,,12,16.0,VEND275,0
WRK03382,Water Supply Scheme - Faridabad Urban,Water Supply Scheme,Haryana,Faridabad,Faridabad Urban,27.8115,76.0219,7380517,6052023,83,82,2024-04-08,2024-08-22,,3,44.8,VEND304,0
WRK00083,Water Supply Scheme - Bikaner North,Water Supply Scheme,Rajasthan,Bikaner,Bikaner North,27.0401,74.5771,5223441,992453,14,19,2023-08-08,2024-08-11,,10,11.6,VEND134,0
WRK03948,Streetlight Installation - Rajkot West,Streetlight Installation,Gujarat,Rajkot,Rajkot West,22.9065,71.4668,487341,277784,58,57,2024-06-10,2025-06-02,,9,22.0,VEND234,0
WRK03696,Road Construction - Darjeeling South,Road Construction,West Bengal,Darjeeling,Darjeeling South,23.4268,87.661,956652,956652,9,100,2023-07-19,2024-03-20,,5,66.4,VEND396,1
WRK02455,Anganwadi Centre - Solapur West,Anganwadi Centre,Maharashtra,Solapur,Solapur West,20.1793,75.091,8417485,6649813,80,79,2022-10-19,2024-03-03,,8,19.5,VEND338,0
WRK02300,Water Supply Scheme - Jodhpur North,Water Supply Scheme,Rajasthan,Jodhpur,Jodhpur North,26.4019,74.6553,1023674,102367,9,10,2024-05-07,2025-03-19,,3,14.5,VEND249,0
WRK02602,Road Construction - Chennai Urban,Road Construction,Tamil Nadu,Chennai,Chennai Urban,11.4039,79.1462,1928737,1581564,86,82,2024-03-06,2025-07-15,,3,29.1,VEND341,0
WRK01609,Irrigation Canal - Faridabad South,Irrigation Canal,Haryana,Faridabad,Faridabad South,27.9499,75.7215,12849703,3469419,31,27,2023-10-24,2024-11-12,,5,11.0,VEND346,0
WRK03376,Public Toilet Complex - Muzaffarpur North,Public Toilet Complex,Bihar,Muzaffarpur,Muzaffarpur North,25.7061,84.6135,7524090,6846921,84,91,2023-06-18,2024-11-26,,4,26.9,VEND275,0
WRK03104,Public Toilet Complex - Chennai Rural,Public Toilet Complex,Tamil Nadu,Chennai,Chennai Rural,11.8763,77.7702,9310189,9310189,100,100,2023-01-20,2023-10-15,2023-11-04,3,13.5,VEND374,0
WRK01894,Drainage Project - Jodhpur Central,Drainage Project,Rajasthan,Jodhpur,Jodhpur Central,27.0106,74.4042,2994828,2006534,74,67,2023-04-26,2024-09-12,,5,41.0,VEND335,0
WRK00841,Water Supply Scheme - Asansol Rural,Water Supply Scheme,West Bengal,Asansol,Asansol Rural,23.3735,88.4063,22993365,2069402,13,9,2024-08-16,2025-08-29,,6,42.1,VEND198,0
WRK01809,School Building - Pune Central,School Building,Maharashtra,Pune,Pune Central,18.939,75.3761,10492689,10492689,23,100,2024-06-29,2025-02-07,,2,60.0,VEND188,1
WRK02436,Water Supply Scheme - Belagavi East,Water Supply Scheme,Karnataka,Belagavi,Belagavi East,16.1273,75.5041,2083292,354159,25,17,2024-03-24,2025-08-06,,9,11.2,VEND095,0
WRK00765,School Building - Ahmedabad East,School Building,Gujarat,Ahmedabad,Ahmedabad East,22.2978,70.931,5436907,4077680,82,75,2022-09-07,2023-02-04,,12,36.3,VEND258,0
WRK02703,Water Supply Scheme - Erode Rural,Water Supply Scheme,Tamil Nadu,Erode,Erode Rural,11.412,79.429,7014374,1122299,10,16,2023-11-14,2024-04-30,,5,14.5,VEND081,0
WRK00544,Drainage Project - Nashik East,Drainage Project,Maharashtra,Nashik,Nashik East,19.7658,76.2264,883901,35356,6,4,2023-04-20,2023-10-18,,6,36.3,VEND301,0
WRK00478,Water Supply Scheme - Gorakhpur East,Water Supply Scheme,Uttar Pradesh,Gorakhpur,Gorakhpur East,27.0168,80.9201,8208070,8208070,95,100,2024-08-02,2025-02-24,,7,29.7,VEND340,0
WRK01708,Anganwadi Centre - Rajkot Urban,Anganwadi Centre,Gujarat,Rajkot,Rajkot Urban,21.3128,70.7295,2695617,862597,31,32,2024-05-22,2025-01-02,,5,27.1,VEND016,0
WRK02438,School Building - Nagpur Rural,School Building,Maharashtra,Nagpur,Nagpur Rural,19.0049,75.1967,817636,784930,100,96,2022-07-08,2023-04-02,2023-03-19,9,24.3,VEND019,0
WRK01422,Health Sub-Centre - Faridabad Rural,Health Sub-Centre,Haryana,Faridabad,Faridabad Rural,28.4241,75.7241,11284569,225691,0,2,2023-05-31,2024-10-15,,10,13.0,VEND050,0
WRK01434,Road Construction - Kochi West,Road Construction,Kerala,Kochi,Kochi West,11.3168,75.6435,27650659,27650659,99,100,2024-02-27,2025-03-20,,3,59.7,VEND122,1
WRK00655,Community Hall - Ludhiana North,Community Hall,Punjab,Ludhiana,Ludhiana North,30.619,74.2845,11368297,10572516,22,93,2023-09-17,2025-02-23,,5,58.9,VEND173,1
WRK01593,Water Supply Scheme - Kochi Urban,Water Supply Scheme,Kerala,Kochi,Kochi Urban,10.4679,75.9754,9466887,852019,13,9,2024-03-25,2025-04-27,,6,39.3,VEND065,0
WRK00284,Public Toilet Complex - Kota Rural,Public Toilet Complex,Rajasthan,Kota,Kota Rural,26.1108,75.133,22817548,17569511,73,77,2024-08-10,2025-03-02,,5,30.8,VEND385,0
WRK01898,Community Hall - Kochi Central,Community Hall,Kerala,Kochi,Kochi Central,9.8062,76.7139,14663135,0,2,0,2022-04-10,2022-10-16,,8,24.0,VEND056,0
WRK02674,Irrigation Canal - Jalandhar East,Irrigation Canal,Punjab,Jalandhar,Jalandhar East,30.2476,75.4957,19397049,16875432,93,87,2024-04-28,2025-07-08,,8,40.2,VEND029,0
WRK02159,Water Supply Scheme - Nashik Rural,Water Supply Scheme,Maharashtra,Nashik,Nashik Rural,18.9964,76.0697,18080501,3073685,23,17,2024-05-16,2025-05-23,,5,41.3,VEND061,0
WRK02907,Irrigation Canal - Dibrugarh South,Irrigation Canal,Assam,Dibrugarh,Dibrugarh South,25.0453,92.0056,11004593,550229,0,5,2024-01-15,2024-06-25,,8,25.7,VEND168,0
WRK02205,School Building - Dibrugarh West,School Building,Assam,Dibrugarh,Dibrugarh West,27.0269,93.0977,2278734,865918,43,38,2023-07-29,2024-05-11,,11,29.3,VEND011,0
WRK03062,Drainage Project - Ahmedabad North,Drainage Project,Gujarat,Ahmedabad,Ahmedabad North,21.7434,70.3709,4906029,4121064,82,84,2024-02-08,2025-04-24,,8,27.0,VEND119,0
WRK03703,Water Supply Scheme - Jodhpur West,Water Supply Scheme,Rajasthan,Jodhpur,Jodhpur West,27.8456,75.3832,5703764,4505973,83,79,2023-02-17,2023-08-02,,6,14.3,VEND173,0
WRK03646,Public Toilet Complex - Kolkata West,Public Toilet Complex,West Bengal,Kolkata,Kolkata West,22.9235,87.0211,8835629,2032194,26,23,2023-11-28,2025-03-05,,10,44.9,VEND223,0
WRK00982,Public Toilet Complex - Rourkela East,Public Toilet Complex,Odisha,Rourkela,Rourkela East,20.56,85.9909,1776990,781875,47,44,2023-02-25,2024-05-04,,5,20.2,VEND351,0
WRK03371,Anganwadi Centre - Rourkela Rural,Anganwadi Centre,Odisha,Rourkela,Rourkela Rural,21.8957,84.1366,8297939,2987258,28,36,2022-04-02,2022-09-20,,8,21.0,VEND001,0
WRK01154,Health Sub-Centre - Silchar Rural,Health Sub-Centre,Assam,Silchar,Silchar Rural,26.4643,92.8716,9269221,9176528,96,99,2024-04-28,2025-03-19,,5,39.6,VEND046,0
WRK01662,Anganwadi Centre - Siliguri North,Anganwadi Centre,West Bengal,Siliguri,Siliguri North,22.2225,88.9185,5782627,3122618,60,54,2023-07-30,2024-05-08,,5,39.5,VEND195,0
WRK00675,Water Supply Scheme - Silchar Urban,Water Supply Scheme,Assam,Silchar,Silchar Urban,25.0105,92.1007,5751022,2990531,50,52,2022-04-23,2023-05-28,,9,33.7,VEND179,0
WRK00469,Water Supply Scheme - Bengaluru Urban West,Water Supply Scheme,Karnataka,Bengaluru Urban,Bengaluru Urban West,15.0024,75.8202,17309470,8308545,50,48,2023-02-26,2024-06-14,,9,34.8,VEND377,0
WRK02743,Irrigation Canal - Kochi West,Irrigation Canal,Kerala,Kochi,Kochi West,11.9924,75.6428,14367774,6321820,42,44,2022-08-15,2023-09-22,,3,25.7,VEND105,0
WRK00430,Public Toilet Complex - Patiala West,Public Toilet Complex,Punjab,Patiala,Patiala West,30.6621,76.3867,6868396,3914985,64,57,2024-08-22,2025-03-10,,9,19.2,VEND303,0
WRK01900,Anganwadi Centre - Rourkela North,Anganwadi Centre,Odisha,Rourkela,Rourkela North,20.5825,84.0415,1644087,624753,46,38,2024-06-11,2025-05-30,,10,40.0,VEND073,0
WRK01556,School Building - Indore Rural,School Building,Madhya Pradesh,Indore,Indore Rural,22.9755,78.7059,12492064,11867460,98,95,2023-09-18,2024-12-14,,4,44.4,VEND072,0
WRK01130,Health Sub-Centre - Nizamabad East,Health Sub-Centre,Telangana,Nizamabad,Nizamabad East,18.5162,79.9333,2829767,1414883,43,50,2022-10-08,2023-06-15,,11,26.0,VEND050,0
WRK03782,Water Supply Scheme - Tirunelveli Urban,Water Supply Scheme,Tamil Nadu,Tirunelveli,Tirunelveli Urban,11.0513,79.4614,1187587,486910,39,41,2023-11-22,2024-10-30,,8,42.4,VEND037,0
WRK00917,Public Toilet Complex - Bhagalpur Urban,Public Toilet Complex,Bihar,Bhagalpur,Bhagalpur Urban,27.0747,86.0348,2418987,1959379,73,81,2023-07-19,2024-06-20,,7,15.7,VEND196,0
WRK00167,Anganwadi Centre - Belagavi North,Anganwadi Centre,Karnataka,Belagavi,Belagavi North,14.8928,76.7409,4203564,1134962,28,27,2024-01-09,2025-06-15,,8,24.4,VEND181,0
WRK01012,Community Hall - Hubballi Urban,Community Hall,Karnataka,Hubballi,Hubballi Urban,15.5459,74.8912,1787995,1054917,59,59,2022-12-21,2023-08-09,,3,42.3,VEND265,0
WRK01826,Irrigation Canal - Pune East,Irrigation Canal,Maharashtra,Pune,Pune East,20.2725,76.5805,23872951,6445696,23,27,2022-07-31,2023-04-13,,4,42.7,VEND147,0
WRK00407,Public Toilet Complex - Guwahati Urban,Public Toilet Complex,Assam,Guwahati,Guwahati Urban,25.8245,93.1812,566372,351150,67,62,2023-12-20,2025-04-06,,9,26.1,VEND040,0
WRK00477,Public Toilet Complex - Vellore East,Public Toilet Complex,Tamil Nadu,Vellore,Vellore East,11.114,79.4177,8135159,7891104,27,97,2023-08-10,2024-07-29,,1,73.7,VEND048,1
WRK01914,Health Sub-Centre - Jabalpur Rural,Health Sub-Centre,Madhya Pradesh,Jabalpur,Jabalpur Rural,24.2917,78.4722,821684,287589,40,35,2022-09-30,2023-11-30,,10,13.6,VEND090,0
WRK03819,School Building - Bhagalpur Central,School Building,Bihar,Bhagalpur,Bhagalpur Central,25.4769,85.122,15533295,14135298,91,91,2022-05-17,2022-09-15,,7,16.6,VEND129,0
WRK02776,Community Hall - Cuttack East,Community Hall,Odisha,Cuttack,Cuttack East,21.7576,84.0507,4561180,2143754,42,47,2023-09-20,2025-03-02,,8,18.6,VEND093,0
WRK01179,Health Sub-Centre - Aurangabad South,Health Sub-Centre,Maharashtra,Aurangabad,Aurangabad South,20.2427,75.3807,1941973,427234,19,22,2022-07-09,2023-10-21,,12,16.2,VEND226,0
WRK00057,Anganwadi Centre - Asansol West,Anganwadi Centre,West Bengal,Asansol,Asansol West,22.9212,88.1272,7180766,5170151,74,72,2024-04-24,2024-09-09,,8,35.4,VEND114,0
WRK02662,Community Hall - Cuttack West,Community Hall,Odisha,Cuttack,Cuttack West,21.5845,84.3696,2754312,247888,12,9,2024-02-22,2025-08-06,,6,19.8,VEND118,0
WRK00209,Streetlight Installation - Thiruvananthapuram South,Streetlight Installation,Kerala,Thiruvananthapuram,Thiruvananthapuram South,10.4004,75.9556,22908145,16952027,71,74,2022-11-25,2023-09-03,,10,35.7,VEND011,0
WRK03338,Streetlight Installation - Tiruchirappalli Central,Streetlight Installation,Tamil Nadu,Tiruchirappalli,Tiruchirappalli Central,11.2175,77.4084,880340,589827,59,67,2023-12-20,2025-02-22,,6,33.7,VEND042,0
WRK02175,School Building - Bikaner Urban,School Building,Rajasthan,Bikaner,Bikaner Urban,27.8859,74.3299,9366363,2528918,23,27,2023-11-22,2024-05-27,,10,12.7,VEND118,0
WRK01308,Road Construction - Amritsar Central,Road Construction,Punjab,Amritsar,Amritsar Central,31.3801,76.1659,8492117,1358738,8,16,2023-09-01,2024-08-13,,5,26.2,VEND357,0
WRK02727,Water Supply Scheme - Cuttack North,Water Supply Scheme,Odisha,Cuttack,Cuttack North,20.7665,85.2135,21211913,16969530,83,80,2023-02-07,2023-08-13,,5,35.7,VEND139,0
WRK00426,Health Sub-Centre - Nashik Central,Health Sub-Centre,Maharashtra,Nashik,Nashik Central,18.6942,75.4672,861516,749518,34,87,2022-09-04,2023-06-06,,5,71.7,VEND104,1
WRK01944,Anganwadi Centre - Panipat Central,Anganwadi Centre,Haryana,Panipat,Panipat Central,30.1765,75.3026,1785051,428412,26,24,2024-02-19,2025-07-27,,10,24.3,VEND383,0
WRK00557,Irrigation Canal - Jodhpur North,Irrigation Canal,Rajasthan,Jodhpur,Jodhpur North,27.6386,74.8923,1060307,954276,91,90,2024-01-01,2024-10-02,,6,44.3,VEND186,0
WRK01266,Anganwadi Centre - Patna Rural,Anganwadi Centre,Bihar,Patna,Patna Rural,24.9091,85.0697,488970,229815,50,47,2024-01-22,2024-11-02,,8,31.5,VEND390,0
WRK03689,Irrigation Canal - Silchar Central,Irrigation Canal,Assam,Silchar,Silchar Central,25.2929,91.889,20884049,18169122,91,87,2022-09-16,2023-12-09,,4,36.7,VEND017,0
WRK03994,Water Supply Scheme - Bhopal Rural,Water Supply Scheme,Madhya Pradesh,Bhopal,Bhopal Rural,23.1558,77.8953,22882298,17390546,76,76,2024-02-13,2025-05-17,,3,39.1,VEND252,0
WRK01594,Road Construction - Meerut South,Road Construction,Uttar Pradesh,Meerut,Meerut South,25.8539,81.2077,1182361,863123,79,73,2024-01-02,2024-10-04,,3,23.2,VEND005,0
WRK04000,Irrigation Canal - Jaipur East,Irrigation Canal,Rajasthan,Jaipur,Jaipur East,27.6814,74.6461,19815582,13474595,63,68,2023-07-23,2024-07-03,,7,30.1,VEND126,0
WRK02746,Streetlight Installation - Bhopal Urban,Streetlight Installation,Madhya Pradesh,Bhopal,Bhopal Urban,23.0741,77.9038,14918454,14769269,18,99,2023-05-20,2024-03-03,,2,72.1,VEND268,1
WRK00493,Drainage Project - Mangaluru Rural,Drainage Project,Karnataka,Mangaluru,Mangaluru Rural,15.2678,75.9385,1815856,1779538,92,98,2023-02-16,2024-04-11,,10,31.8,VEND136,0
WRK00962,Anganwadi Centre - Muzaffarpur West,Anganwadi Centre,Bihar,Muzaffarpur,Muzaffarpur West,25.5562,85.7179,2776653,1138427,34,41,2022-12-23,2023-05-19,,6,21.9,VEND024,0
WRK02940,Water Supply Scheme - Nizamabad Rural,Water Supply Scheme,Telangana,Nizamabad,Nizamabad Rural,17.6666,79.1242,2979046,2025751,60,68,2023-10-05,2025-03-23,,10,15.6,VEND266,0
WRK03835,Irrigation Canal - Lucknow South,Irrigation Canal,Uttar Pradesh,Lucknow,Lucknow South,25.9496,80.4976,7501119,0,5,0,2024-08-14,2025-08-10,,6,37.7,VEND080,0
WRK00988,Irrigation Canal - Amritsar North,Irrigation Canal,Punjab,Amritsar,Amritsar North,30.0643,75.1024,10049201,10049201,8,100,2022-09-04,2023-02-23,,3,50.5,VEND053,1
WRK03149,Anganwadi Centre - Bhopal East,Anganwadi Centre,Madhya Pradesh,Bhopal,Bhopal East,24.331,78.3701,5778476,3640439,66,63,2022-05-07,2022-09-18,,6,24.0,VEND194,0
WRK02580,Anganwadi Centre - Nashik Urban,Anganwadi Centre,Maharashtra,Nashik,Nashik Urban,19.1451,75.7774,10470229,7329160,71,70,2023-06-15,2024-08-11,,7,21.1,VEND327,0
WRK02106,Streetlight Installation - Lucknow Central,Streetlight Installation,Uttar Pradesh,Lucknow,Lucknow Central,26.3519,80.9642,5405476,3891942,79,72,2023-10-16,2024-12-12,,4,13.1,VEND142,0
WRK03010,Health Sub-Centre - Dibrugarh West,Health Sub-Centre,Assam,Dibrugarh,Dibrugarh West,25.2031,93.9662,3233129,840613,27,26,2024-05-16,2025-10-22,,10,34.6,VEND247,0
WRK03985,Irrigation Canal - Cuttack South,Irrigation Canal,Odisha,Cuttack,Cuttack South,21.9668,85.4931,896968,0,8,0,2023-09-16,2024-06-20,,7,40.8,VEND364,0
WRK01871,School Building - Rajkot East,School Building,Gujarat,Rajkot,Rajkot East,21.9657,70.2635,460656,133590,25,29,2023-06-04,2024-11-22,,8,24.9,VEND018,0
WRK02385,Anganwadi Centre - Thrissur South,Anganwadi Centre,Kerala,Thrissur,Thrissur South,10.4105,76.9432,488240,166001,26,34,2024-07-25,2025-08-30,,7,29.3,VEND227,0
WRK01468,School Building - Nizamabad West,School Building,Telangana,Nizamabad,Nizamabad West,18.274,79.5895,4436606,3726749,88,84,2023-11-17,2024-05-14,,3,18.0,VEND359,0
WRK03021,Community Hall - Lucknow South,Community Hall,Uttar Pradesh,Lucknow,Lucknow South,26.5482,80.1251,14240785,7262800,47,51,2023-01-19,2023-06-07,,10,25.8,VEND053,0
WRK03528,Community Hall - Bengaluru Urban East,Community Hall,Karnataka,Bengaluru Urban,Bengaluru Urban East,16.2104,76.7504,421470,101152,20,24,2022-09-25,2023-02-14,,7,11.7,VEND313,0
WRK02817,Health Sub-Centre - Kolkata West,Health Sub-Centre,West Bengal,Kolkata,Kolkata West,23.3225,87.4568,2688807,1640172,61,61,2024-08-15,2025-05-15,,10,43.4,VEND205,0
WRK02341,Irrigation Canal - Gurugram Central,Irrigation Canal,Haryana,Gurugram,Gurugram Central,29.646,75.6845,2256369,2143550,95,95,2024-02-25,2025-02-27,,12,37.6,VEND132,0
WRK01001,Irrigation Canal - Howrah Rural,Irrigation Canal,West Bengal,Howrah,Howrah Rural,22.741,87.1988,18467746,8125808,42,44,2024-04-25,2024-08-31,,5,41.7,VEND301,0
WRK01858,School Building - Panipat Rural,School Building,Haryana,Panipat,Panipat Rural,27.9053,76.5289,18050339,9747183,54,54,2023-04-13,2023-09-24,,4,12.7,VEND393,0
WRK00337,School Building - Kolkata North,School Building,West Bengal,Kolkata,Kolkata North,21.8048,86.988,8701445,8092343,93,93,2022-06-12,2023-07-29,,10,10.7,VEND255,0
WRK01993,School Building - Nizamabad North,School Building,Telangana,Nizamabad,Nizamabad North,17.659,80.3458,5162849,826055,13,16,2023-09-07,2024-10-20,,9,34.0,VEND097,0
WRK02067,Public Toilet Complex - Chennai Central,Public Toilet Complex,Tamil Nadu,Chennai,Chennai Central,10.2404,77.9131,3471557,3228548,99,93,2023-11-07,2025-04-03,,4,18.8,VEND208,0
WRK01963,Road Construction - Jodhpur North,Road Construction,Rajasthan,Jodhpur,Jodhpur North,27.4627,75.0903,15166872,3488380,17,23,2022-09-15,2023-08-05,,3,23.9,VEND149,0
WRK01353,Public Toilet Complex - Hubballi Rural,Public Toilet Complex,Karnataka,Hubballi,Hubballi Rural,16.2387,75.6049,7526031,1354685,10,18,2022-05-22,2023-01-25,,7,25.9,VEND151,0
WRK00560,Irrigation Canal - Mysuru East,Irrigation Canal,Karnataka,Mysuru,Mysuru East,15.0906,76.4257,2421600,1598256,66,66,2024-08-24,2025-04-17,,6,39.7,VEND012,0
WRK00818,Community Hall - Dibrugarh North,Community Hall,Assam,Dibrugarh,Dibrugarh North,25.6117,93.4821,3447162,551545,17,16,2022-05-01,2023-02-12,,4,35.5,VEND065,0
WRK03791,School Building - Patna East,School Building,Bihar,Patna,Patna East,27.0906,84.829,14176419,8222323,52,58,2023-01-09,2023-08-15,,7,22.1,VEND363,0
WRK00391,School Building - Howrah North,School Building,West Bengal,Howrah,Howrah North,23.6042,87.0445,17777561,14222048,86,80,2023-10-04,2024-09-16,,11,23.8,VEND252,0
WRK00738,Health Sub-Centre - Thiruvananthapuram North,Health Sub-Centre,Kerala,Thiruvananthapuram,Thiruvananthapuram North,11.0251,75.0787,18914833,9268268,47,49,2024-01-08,2025-03-12,,4,43.1,VEND282,0
WRK03201,Health Sub-Centre - Patna Rural,Health Sub-Centre,Bihar,Patna,Patna Rural,25.4762,85.139,837585,242899,23,29,2023-12-08,2024-11-14,,8,33.2,VEND033,0
WRK01069,Community Hall - Howrah North,Community Hall,West Bengal,Howrah,Howrah North,22.7658,87.8765,2313054,231305,18,10,2023-11-19,2024-08-20,,7,22.7,VEND261,0
WRK00938,Road Construction - Bhubaneswar South,Road Construction,Odisha,Bhubaneswar,Bhubaneswar South,19.8091,85.3518,2092103,0,3,0,2024-08-01,2025-07-07,,4,14.6,VEND272,0
WRK03221,Community Hall - Faridabad South,Community Hall,Haryana,Faridabad,Faridabad South,30.1216,76.7474,12730511,8147527,57,64,2024-01-26,2024-07-30,,3,12.0,VEND170,0
WRK03803,Water Supply Scheme - Jaipur Central,Water Supply Scheme,Rajasthan,Jaipur,Jaipur Central,27.8217,73.6829,7417844,6601881,93,89,2023-01-20,2023-08-24,,9,14.5,VEND124,0
WRK01961,Anganwadi Centre - Kozhikode South,Anganwadi Centre,Kerala,Kozhikode,Kozhikode South,9.6921,76.4915,4598025,2896755,68,63,2024-04-20,2025-06-11,,9,20.3,VEND300,0
WRK03443,Drainage Project - Jaipur South,Drainage Project,Rajasthan,Jaipur,Jaipur South,26.8455,73.9076,5825791,407805,3,7,2022-10-03,2023-04-01,,6,26.4,VEND350,0
WRK02696,Road Construction - Prayagraj South,Road Construction,Uttar Pradesh,Prayagraj,Prayagraj South,27.5807,79.8594,553455,44276,14,8,2023-01-29,2024-05-11,,10,24.6,VEND050,0
WRK00258,Irrigation Canal - Cuttack West,Irrigation Canal,Odisha,Cuttack,Cuttack West,21.3738,84.5136,17826349,14974133,76,84,2024-04-30,2025-06-16,,3,28.2,VEND232,0
WRK03144,Anganwadi Centre - Hyderabad Urban,Anganwadi Centre,Telangana,Hyderabad,Hyderabad Urban,16.8864,80.532,2449064,1469438,56,60,2023-02-27,2023-07-12,,4,41.7,VEND087,0
WRK01340,Anganwadi Centre - Cuttack East,Anganwadi Centre,Odisha,Cuttack,Cuttack East,20.3776,85.2047,8029412,2248235,28,28,2022-12-03,2023-07-29,,11,22.4,VEND122,0
WRK02105,Public Toilet Complex - Surat North,Public Toilet Complex,Gujarat,Surat,Surat North,21.3019,71.3144,6414414,320720,7,5,2023-04-30,2023-09-24,,5,12.2,VEND358,0
WRK00217,Health Sub-Centre - Jabalpur North,Health Sub-Centre,Madhya Pradesh,Jabalpur,Jabalpur North,24.1195,78.2385,407309,346212,91,85,2022-11-13,2024-01-17,,3,42.6,VEND107,0
WRK00993,Community Hall - Thiruvananthapuram Central,Community Hall,Kerala,Thiruvananthapuram,Thiruvananthapuram Central,10.5486,75.4363,2903019,899935,35,31,2022-09-18,2023-12-06,,9,29.6,VEND251,0
WRK03481,Health Sub-Centre - Faridabad West,Health Sub-Centre,Haryana,Faridabad,Faridabad West,29.7718,77.1342,8624709,5864802,60,68,2023-01-02,2024-04-27,,12,17.4,VEND175,0
WRK00511,Public Toilet Complex - Hyderabad Urban,Public Toilet Complex,Telangana,Hyderabad,Hyderabad Urban,16.8569,79.4702,12279003,1227900,13,10,2022-05-13,2023-05-27,,4,40.5,VEND186,0
WRK01010,Water Supply Scheme - Patiala Urban,Water Supply Scheme,Punjab,Patiala,Patiala Urban,31.7175,76.2551,21523245,9685460,49,45,2022-05-08,2023-07-01,,11,29.9,VEND360,0
WRK01749,Streetlight Installation - Bhagalpur North,Streetlight Installation,Bihar,Bhagalpur,Bhagalpur North,26.9357,84.1136,4646388,4646388,100,100,2022-06-07,2022-11-04,2022-11-24,3,13.2,VEND295,0
WRK00527,School Building - Dibrugarh North,School Building,Assam,Dibrugarh,Dibrugarh North,26.3076,93.5202,3023263,695350,16,23,2022-06-03,2023-05-06,,6,25.6,VEND190,0
WRK03072,School Building - Erode South,School Building,Tamil Nadu,Erode,Erode South,11.532,79.128,1685209,859456,50,51,2023-09-21,2025-01-25,,4,26.8,VEND033,0
WRK03066,School Building - Patna West,School Building,Bihar,Patna,Patna West,26.3687,85.838,8014980,6973032,32,87,2024-08-14,2025-10-07,,2,93.6,VEND395,1
WRK02046,School Building - Jaipur North,School Building,Rajasthan,Jaipur,Jaipur North,27.5286,74.6495,584514,111057,17,19,2023-08-20,2024-04-20,,12,43.8,VEND014,0
WRK02510,Drainage Project - Agra Urban,Drainage Project,Uttar Pradesh,Agra,Agra Urban,26.7856,81.5999,1029947,0,5,0,2023-04-16,2024-03-28,,9,21.1,VEND228,0
WRK00133,Public Toilet Complex - Indore North,Public Toilet Complex,Madhya Pradesh,Indore,Indore North,22.3809,79.0601,5999435,4559570,69,76,2022-12-23,2024-01-25,,5,22.8,VEND115,0
WRK00415,Community Hall - Tiruchirappalli Rural,Community Hall,Tamil Nadu,Tiruchirappalli,Tiruchirappalli Rural,10.8181,77.6876,1721932,1515300,96,88,2023-01-14,2023-08-09,,4,42.3,VEND259,0
WRK00036,Public Toilet Complex - Panipat North,Public Toilet Complex,Haryana,Panipat,Panipat North,28.5221,75.4836,453356,312815,73,69,2023-11-06,2024-11-24,,4,43.2,VEND230,0
WRK03495,Health Sub-Centre - Bhopal North,Health Sub-Centre,Madhya Pradesh,Bhopal,Bhopal North,23.6709,79.1261,2015793,1532002,83,76,2022-09-10,2023-04-23,,5,31.2,VEND307,0
WRK00065,Streetlight Installation - Muzaffarpur West,Streetlight Installation,Bihar,Muzaffarpur,Muzaffarpur West,26.0363,86.1468,2056048,41120,4,2,2023-04-28,2023-08-28,,8,43.3,VEND165,0
WRK01283,Health Sub-Centre - Mumbai North,Health Sub-Centre,Maharashtra,Mumbai,Mumbai North,18.7596,76.5211,8311399,2410305,24,29,2022-11-07,2024-01-31,,8,12.7,VEND214,0
WRK01537,Drainage Project - Prayagraj East,Drainage Project,Uttar Pradesh,Prayagraj,Prayagraj East,26.0137,81.7937,16670327,10335602,56,62,2022-04-18,2023-04-26,,12,19.9,VEND084,0
WRK03029,Water Supply Scheme - Panipat North,Water Supply Scheme,Haryana,Panipat,Panipat North,28.2776,76.6887,1167812,502159,48,43,2023-04-25,2024-08-04,,7,37.6,VEND310,0
WRK00639,Public Toilet Complex - Warangal Central,Public Toilet Complex,Telangana,Warangal,Warangal Central,18.0505,79.3589,18898144,17008329,93,90,2022-09-04,2023-10-12,,7,23.3,VEND157,0
WRK01883,Water Supply Scheme - Panipat West,Water Supply Scheme,Haryana,Panipat,Panipat West,28.3621,75.4471,2868103,487577,22,17,2022-06-02,2023-09-18,,10,36.7,VEND246,0
WRK01225,Irrigation Canal - Faridabad Central,Irrigation Canal,Haryana,Faridabad,Faridabad Central,28.0337,76.4953,16055858,1445027,2,9,2022-10-04,2023-09-18,,12,22.0,VEND174,0
WRK01442,Community Hall - Gorakhpur Rural,Community Hall,Uttar Pradesh,Gorakhpur,Gorakhpur Rural,26.0518,80.1422,9432947,3773178,35,40,2023-08-15,2024-08-19,,3,18.8,VEND222,0
WRK01219,School Building - Bhopal Rural,School Building,Madhya Pradesh,Bhopal,Bhopal Rural,22.7583,79.2006,12233747,10398684,10,85,2024-06-14,2024-11-14,,2,53.3,VEND047,1
WRK03315,Anganwadi Centre - Erode Rural,Anganwadi Centre,Tamil Nadu,Erode,Erode Rural,10.5862,78.2801,4113229,3002657,74,73,2024-05-09,2025-10-24,,5,11.3,VEND386,0
WRK01824,School Building - Faridabad Central,School Building,Haryana,Faridabad,Faridabad Central,28.5788,77.0683,11646364,3144518,23,27,2024-07-13,2025-05-03,,12,15.0,VEND191,0
WRK00789,Anganwadi Centre - Faridabad Urban,Anganwadi Centre,Haryana,Faridabad,Faridabad Urban,27.8048,75.2178,1684724,67388,6,4,2023-07-29,2024-03-14,,3,43.3,VEND351,0
WRK01709,Public Toilet Complex - Gorakhpur Urban,Public Toilet Complex,Uttar Pradesh,Gorakhpur,Gorakhpur Urban,25.7518,80.0161,15138948,12716716,87,84,2023-10-04,2024-08-13,,4,41.4,VEND182,0
WRK03151,Road Construction - Vadodara East,Road Construction,Gujarat,Vadodara,Vadodara East,22.0342,72.1905,5888447,3003107,58,51,2023-05-16,2023-11-05,,9,32.5,VEND237,0
WRK00768,Public Toilet Complex - Agra South,Public Toilet Complex,Uttar Pradesh,Agra,Agra South,26.3435,80.3961,16898464,15884556,88,94,2023-12-11,2024-05-18,,10,21.0,VEND329,0
WRK03957,Irrigation Canal - Kolkata West,Irrigation Canal,West Bengal,Kolkata,Kolkata West,22.5769,87.9027,2160526,518526,21,24,2023-03-02,2024-02-29,,5,33.3,VEND081,0
WRK03325,Streetlight Installation - Rourkela South,Streetlight Installation,Odisha,Rourkela,Rourkela South,21.4007,83.9499,16419683,10672793,73,65,2024-05-18,2025-08-05,,3,35.2,VEND184,0
WRK03136,Drainage Project - Rourkela East,Drainage Project,Odisha,Rourkela,Rourkela East,21.7534,86.0254,3455886,1002206,24,29,2022-04-14,2022-12-10,,12,30.6,VEND175,0
WRK02227,Water Supply Scheme - Siliguri South,Water Supply Scheme,West Bengal,Siliguri,Siliguri South,23.7725,88.2177,15826217,14876643,88,94,2024-07-27,2025-01-23,,3,19.2,VEND288,0
WRK01109,Community Hall - Udaipur South,Community Hall,Rajasthan,Udaipur,Udaipur South,27.9482,73.3579,8377380,2094345,20,25,2022-10-24,2023-07-26,,7,18.2,VEND112,0
WRK01660,Drainage Project - Thrissur East,Drainage Project,Kerala,Thrissur,Thrissur East,10.2444,76.1818,8654702,1298205,20,15,2023-09-30,2024-04-07,,10,43.1,VEND183,0
WRK03998,Water Supply Scheme - Cuttack East,Water Supply Scheme,Odisha,Cuttack,Cuttack East,20.0048,84.5113,1803142,1785110,98,99,2023-01-16,2024-03-29,,2,60.0,VEND082,1
WRK02249,Water Supply Scheme - Rourkela East,Water Supply Scheme,Odisha,Rourkela,Rourkela East,19.7556,85.0008,1559722,1528527,93,98,2023-01-31,2023-08-22,,2,63.4,VEND080,1
WRK00912,Streetlight Installation - Tiruchirappalli Rural,Streetlight Installation,Tamil Nadu,Tiruchirappalli,Tiruchirappalli Rural,10.6287,78.1481,8329089,4414417,58,53,2024-01-26,2025-06-20,,3,27.5,VEND018,0
WRK02964,Public Toilet Complex - Tiruchirappalli East,Public Toilet Complex,Tamil Nadu,Tiruchirappalli,Tiruchirappalli East,12.175,78.7725,8995269,7466073,82,83,2024-01-23,2024-05-31,,5,20.3,VEND298,0
WRK02016,Health Sub-Centre - Chennai Rural,Health Sub-Centre,Tamil Nadu,Chennai,Chennai Rural,11.2046,78.9691,2669128,2669128,96,100,2023-10-10,2024-07-20,,4,22.8,VEND150,0
WRK00192,Public Toilet Complex - Rajkot Central,Public Toilet Complex,Gujarat,Rajkot,Rajkot Central,21.8038,70.2343,506692,304015,61,60,2023-02-12,2023-12-06,,4,25.5,VEND188,0
WRK02424,Irrigation Canal - Hyderabad East,Irrigation Canal,Telangana,Hyderabad,Hyderabad East,18.174,80.2304,1685094,1685094,10,100,2022-05-17,2022-09-27,,2,78.9,VEND381,1
WRK03989,Anganwadi Centre - Silchar North,Anganwadi Centre,Assam,Silchar,Silchar North,26.1875,92.1477,18137658,16686645,90,92,2024-08-25,2025-12-02,,11,33.3,VEND212,0
WRK02530,Community Hall - Jodhpur South,Community Hall,Rajasthan,Jodhpur,Jodhpur South,26.1571,74.3401,18748252,16685944,83,89,2022-06-24,2023-05-07,,10,42.1,VEND274,0
WRK01410,Public Toilet Complex - Indore Central,Public Toilet Complex,Madhya Pradesh,Indore,Indore Central,22.7589,78.5808,1171859,152341,14,13,2023-01-20,2024-06-22,,9,29.6,VEND169,0
WRK02136,Drainage Project - Coimbatore West,Drainage Project,Tamil Nadu,Coimbatore,Coimbatore West,11.2162,77.8736,7513686,3456295,38,46,2024-07-20,2024-12-24,,8,34.7,VEND344,0
WRK02576,Health Sub-Centre - Kozhikode South,Health Sub-Centre,Kerala,Kozhikode,Kozhikode South,11.3256,76.8406,8359396,6854704,74,82,2022-12-02,2023-08-05,,5,19.9,VEND199,0
WRK01728,School Building - Silchar East,School Building,Assam,Silchar,Silchar East,25.6898,93.0389,20698782,3518792,25,17,2022-05-06,2022-09-04,,10,39.2,VEND207,0
WRK03031,School Building - Silchar Central,School Building,Assam,Silchar,Silchar Central,27.0248,92.3267,12073743,8451620,74,70,2024-07-29,2025-01-17,,8,39.6,VEND194,0
WRK02182,Community Hall - Hubballi Central,Community Hall,Karnataka,Hubballi,Hubballi Central,15.9753,76.1321,17811831,6056022,32,34,2024-03-26,2025-09-16,,11,37.7,VEND303,0
WRK00453,Water Supply Scheme - Surat East,Water Supply Scheme,Gujarat,Surat,Surat East,21.0922,72.0642,5650264,5311248,91,94,2023-04-07,2024-04-04,,7,10.7,VEND311,0
WRK01235,Community Hall - Mysuru Central,Community Hall,Karnataka,Mysuru,Mysuru Central,15.2437,76.2709,6442332,64423,9,1,2024-06-06,2024-11-17,,3,35.8,VEND175,0
WRK00197,Drainage Project - Nizamabad Rural,Drainage Project,Telangana,Nizamabad,Nizamabad Rural,17.9055,79.5957,3266703,3103367,95,95,2023-01-17,2024-04-13,,9,16.6,VEND036,0
WRK03622,Irrigation Canal - Gurugram Urban,Irrigation Canal,Haryana,Gurugram,Gurugram Urban,29.384,75.4935,12939805,6858096,60,53,2023-03-15,2023-11-22,,3,24.6,VEND128,0
WRK02346,School Building - Kolkata North,School Building,West Bengal,Kolkata,Kolkata North,22.6789,86.8735,534388,331320,57,62,2022-10-04,2024-01-17,,5,14.8,VEND099,0
WRK03394,Irrigation Canal - Indore Rural,Irrigation Canal,Madhya Pradesh,Indore,Indore Rural,23.014,78.447,454526,168174,44,37,2024-01-13,2025-02-15,,10,19.0,VEND312,0
WRK03681,Streetlight Installation - Panipat North,Streetlight Installation,Haryana,Panipat,Panipat North,29.7685,75.6045,1113999,579279,51,52,2023-11-14,2025-02-12,,3,18.7,VEND325,0
WRK00460,Drainage Project - Erode South,Drainage Project,Tamil Nadu,Erode,Erode South,11.7592,78.9873,1739287,86964,10,5,2023-02-16,2024-04-05,,5,18.7,VEND366,0
WRK03032,Streetlight Installation - Amritsar East,Streetlight Installation,Punjab,Amritsar,Amritsar East,31.3248,76.2282,23856320,16222297,70,68,2023-05-25,2024-07-04,,7,12.2,VEND024,0
WRK03621,School Building - Kolkata West,School Building,West Bengal,Kolkata,Kolkata West,22.2386,87.8245,8436314,2699620,31,32,2024-05-08,2025-04-20,,6,19.7,VEND197,0
WRK00681,Drainage Project - Agra West,Drainage Project,Uttar Pradesh,Agra,Agra West,27.4422,80.6996,3420417,889308,22,26,2024-03-05,2025-05-04,,4,37.2,VEND333,0
WRK03247,Road Construction - Gaya East,Road Construction,Bihar,Gaya,Gaya East,24.8723,84.1263,7616023,609281,11,8,2023-11-11,2024-07-16,,4,38.8,VEND020,0
WRK00419,Irrigation Canal - Bhagalpur West,Irrigation Canal,Bihar,Bhagalpur,Bhagalpur West,24.8515,84.1824,9052450,8418778,87,93,2024-04-23,2025-01-27,,6,29.4,VEND149,0
WRK01897,Anganwadi Centre - Jabalpur West,Anganwadi Centre,Madhya Pradesh,Jabalpur,Jabalpur West,23.851,79.4735,1745446,1029813,57,59,2023-03-13,2023-10-11,,5,17.0,VEND069,0
WRK00362,Drainage Project - Prayagraj East,Drainage Project,Uttar Pradesh,Prayagraj,Prayagraj East,27.9354,81.0923,15093576,1358421,16,9,2022-10-25,2023-08-12,,12,12.1,VEND070,0
WRK02010,School Building - Patna Rural,School Building,Bihar,Patna,Patna Rural,26.7077,85.1295,4842237,1162136,30,24,2022-08-03,2023-09-21,,3,18.7,VEND273,0
WRK00203,Streetlight Installation - Agra Urban,Streetlight Installation,Uttar Pradesh,Agra,Agra Urban,27.4962,79.7553,515257,10305,4,2,2022-12-10,2024-04-20,,10,35.7,VEND049,0
WRK00935,Anganwadi Centre - Panipat South,Anganwadi Centre,Haryana,Panipat,Panipat South,29.6254,75.1708,1104169,894376,85,81,2024-02-20,2025-04-14,,12,19.1,VEND147,0
WRK01478,Streetlight Installation - Gwalior East,Streetlight Installation,Madhya Pradesh,Gwalior,Gwalior East,22.8172,79.1265,3152104,157605,9,5,2023-09-17,2025-02-11,,5,38.9,VEND148,0
WRK02315,School Building - Surat Rural,School Building,Gujarat,Surat,Surat Rural,21.5481,70.4283,10324185,10117701,20,98,2023-06-08,2024-06-16,,2,53.9,VEND226,1
WRK03543,School Building - Kolkata West,School Building,West Bengal,Kolkata,Kolkata West,22.6496,88.0989,22034897,13000589,52,59,2022-10-26,2023-11-13,,7,34.7,VEND267,0
WRK01604,Irrigation Canal - Bhubaneswar Urban,Irrigation Canal,Odisha,Bhubaneswar,Bhubaneswar Urban,21.7221,85.0021,9163381,2565746,26,28,2024-08-24,2025-09-24,,11,42.9,VEND137,0
WRK02645,Road Construction - Indore Central,Road Construction,Madhya Pradesh,Indore,Indore Central,23.2431,78.5714,15125948,8470530,57,56,2024-03-14,2025-03-08,,10,41.7,VEND303,0
WRK00125,School Building - Dibrugarh South,School Building,Assam,Dibrugarh,Dibrugarh South,25.848,93.1008,5948789,3866712,72,65,2022-10-03,2024-01-09,,11,26.1,VEND282,0
WRK02741,Drainage Project - Indore South,Drainage Project,Madhya Pradesh,Indore,Indore South,22.7822,78.2475,17563380,7376619,47,42,2022-10-31,2023-10-27,,11,23.3,VEND314,0
WRK03945,Community Hall - Tiruchirappalli South,Community Hall,Tamil Nadu,Tiruchirappalli,Tiruchirappalli South,11.4165,78.6534,4288847,2058646,47,48,2022-06-02,2023-06-15,,7,13.0,VEND333,0
WRK00339,Streetlight Installation - Bhopal Central,Streetlight Installation,Madhya Pradesh,Bhopal,Bhopal Central,22.3957,78.3678,6498088,2924139,51,45,2023-08-03,2024-07-11,,11,17.9,VEND197,0
WRK00925,Health Sub-Centre - Kolkata Rural,Health Sub-Centre,West Bengal,Kolkata,Kolkata Rural,22.1388,88.5817,8332323,333292,5,4,2023-10-06,2025-02-04,,8,13.8,VEND260,0
WRK02020,Anganwadi Centre - Thrissur Urban,Anganwadi Centre,Kerala,Thrissur,Thrissur Urban,11.5239,76.0597,7945637,3337167,43,42,2023-05-25,2023-09-24,,7,16.2,VEND043,0
WRK03807,Community Hall - Indore Rural,Community Hall,Madhya Pradesh,Indore,Indore Rural,24.321,77.8784,2895867,347504,6,12,2022-10-06,2023-10-24,,3,14.9,VEND139,0
WRK00504,Health Sub-Centre - Kochi Central,Health Sub-Centre,Kerala,Kochi,Kochi Central,10.6444,77.2496,2560175,2304157,84,90,2023-12-08,2025-04-07,,5,40.9,VEND371,0
WRK03234,Irrigation Canal - Kota Central,Irrigation Canal,Rajasthan,Kota,Kota Central,27.3429,74.3563,13210227,8454545,70,64,2022-05-25,2023-03-05,,3,28.9,VEND009,0
WRK00447,Water Supply Scheme - Kanpur East,Water Supply Scheme,Uttar Pradesh,Kanpur,Kanpur East,26.238,81.2506,5688714,1820388,35,32,2022-04-30,2023-01-07,,3,43.7,VEND249,0
WRK02617,Streetlight Installation - Guwahati Central,Streetlight Installation,Assam,Guwahati,Guwahati Central,26.5544,92.7842,1877637,450632,16,24,2023-08-04,2024-06-22,,11,38.4,VEND111,0
WRK02060,Public Toilet Complex - Kochi West,Public Toilet Complex,Kerala,Kochi,Kochi West,11.9046,76.6636,471672,33017,14,7,2022-06-30,2023-08-13,,10,20.2,VEND291,0
WRK02642,Drainage Project - Gaya Rural,Drainage Project,Bihar,Gaya,Gaya Rural,24.7911,84.2527,18000454,17640444,93,98,2023-02-02,2023-10-04,,12,34.2,VEND275,0
WRK02581,Health Sub-Centre - Jaipur South,Health Sub-Centre,Rajasthan,Jaipur,Jaipur South,28.1554,73.8106,7944017,3813128,47,48,2022-08-07,2023-08-27,,9,13.7,VEND123,0
WRK03085,Community Hall - Gwalior West,Community Hall,Madhya Pradesh,Gwalior,Gwalior West,24.3579,79.1439,9614357,6826193,73,71,2024-04-08,2025-03-27,,12,39.1,VEND251,0
WRK03821,Water Supply Scheme - Bhopal East,Water Supply Scheme,Madhya Pradesh,Bhopal,Bhopal East,22.8376,79.6459,7133392,6348718,97,89,2022-09-08,2023-12-25,,3,26.2,VEND077,0
WRK01885,Community Hall - Pune North,Community Hall,Maharashtra,Pune,Pune North,18.9538,76.6622,1007665,382912,38,38,2022-04-11,2022-08-30,,12,25.1,VEND156,0
WRK01652,Anganwadi Centre - Ludhiana Urban,Anganwadi Centre,Punjab,Ludhiana,Ludhiana Urban,29.9789,75.298,13147452,9466165,71,72,2023-04-27,2024-06-28,,4,24.4,VEND196,0
WRK01589,Health Sub-Centre - Lucknow East,Health Sub-Centre,Uttar Pradesh,Lucknow,Lucknow East,27.1606,79.917,926221,592781,66,64,2023-08-06,2023-12-21,,9,29.4,VEND094,0
WRK00936,School Building - Udaipur North,School Building,Rajasthan,Udaipur,Udaipur North,27.031,74.6898,959146,575487,64,60,2023-05-24,2024-04-23,,12,27.3,VEND396,0
WRK01451,Drainage Project - Kanpur North,Drainage Project,Uttar Pradesh,Kanpur,Kanpur North,27.394,81.742,3168536,1711009,54,54,2024-04-08,2025-09-01,,7,30.5,VEND322,0
WRK02378,Health Sub-Centre - Howrah West,Health Sub-Centre,West Bengal,Howrah,Howrah West,22.3208,87.4176,16488208,12036391,72,73,2024-07-20,2025-05-10,,9,31.8,VEND304,0
WRK02162,Streetlight Installation - Jodhpur Central,Streetlight Installation,Rajasthan,Jodhpur,Jodhpur Central,27.5536,75.2032,12849668,12592674,95,98,2022-12-28,2024-03-11,,3,25.8,VEND001,0
WRK01354,Water Supply Scheme - Nashik East,Water Supply Scheme,Maharashtra,Nashik,Nashik East,20.1935,75.7517,544091,195872,39,36,2022-11-21,2023-10-16,,11,12.3,VEND048,0
WRK03894,Anganwadi Centre - Nizamabad East,Anganwadi Centre,Telangana,Nizamabad,Nizamabad East,17.1853,79.6031,8069847,2905144,36,36,2023-01-19,2024-02-16,,5,33.7,VEND128,0
WRK02571,Public Toilet Complex - Mangaluru Central,Public Toilet Complex,Karnataka,Mangaluru,Mangaluru Central,14.6519,74.8555,9207598,9207598,15,100,2024-03-11,2025-04-21,,2,57.4,VEND055,1
WRK01189,Public Toilet Complex - Gaya East,Public Toilet Complex,Bihar,Gaya,Gaya East,25.9254,84.1879,825473,709906,52,86,2022-05-24,2023-09-06,,1,85.3,VEND349,1
WRK00218,School Building - Patiala Urban,School Building,Punjab,Patiala,Patiala Urban,31.033,75.4556,917617,679036,81,74,2023-07-24,2025-01-04,,8,29.5,VEND213,0
WRK01416,School Building - Jabalpur Urban,School Building,Madhya Pradesh,Jabalpur,Jabalpur Urban,22.8043,79.377,6660631,932488,11,14,2023-03-31,2024-09-04,,5,23.6,VEND097,0
WRK03174,Anganwadi Centre - Howrah South,Anganwadi Centre,West Bengal,Howrah,Howrah South,22.8749,87.6947,837266,828893,97,99,2023-10-14,2024-12-03,,5,58.1,VEND078,1
WRK03584,Health Sub-Centre - Bikaner South,Health Sub-Centre,Rajasthan,Bikaner,Bikaner South,26.667,75.0688,3498829,3183934,84,91,2023-07-23,2023-11-30,,9,40.3,VEND004,0
WRK02985,Community Hall - Patna South,Community Hall,Bihar,Patna,Patna South,25.5925,84.6171,5783609,2082099,41,36,2024-07-20,2025-01-23,,3,27.1,VEND046,0
WRK01393,Streetlight Installation - Amritsar Rural,Streetlight Installation,Punjab,Amritsar,Amritsar Rural,31.9199,74.1728,966956,512486,45,53,2024-07-08,2025-06-24,,7,20.3,VEND362,0
WRK03058,Irrigation Canal - Gurugram East,Irrigation Canal,Haryana,Gurugram,Gurugram East,28.2161,75.0361,16331118,3592845,15,22,2022-10-23,2024-03-31,,12,23.7,VEND018,0
WRK00878,Drainage Project - Patna North,Drainage Project,Bihar,Patna,Patna North,24.7935,85.9091,2350730,517160,23,22,2023-05-20,2024-05-21,,11,19.1,VEND314,0
WRK01247,Streetlight Installation - Cuttack West,Streetlight Installation,Odisha,Cuttack,Cuttack West,20.0505,86.0514,10982870,6260235,51,57,2023-07-17,2024-04-28,,10,25.8,VEND073,0
WRK02802,Road Construction - Udaipur South,Road Construction,Rajasthan,Udaipur,Udaipur South,25.8783,75.27,480714,100949,28,21,2022-06-04,2023-03-15,,6,12.1,VEND158,0
WRK02353,School Building - Pune West,School Building,Maharashtra,Pune,Pune West,20.7243,75.4009,9308536,279256,7,3,2022-05-22,2023-06-24,,9,12.9,VEND206,0
WRK03195,Drainage Project - Indore North,Drainage Project,Madhya Pradesh,Indore,Indore North,22.9841,79.2161,10822010,3463043,32,32,2023-07-26,2024-11-06,,10,20.7,VEND003,0
WRK03651,Irrigation Canal - Cuttack Rural,Irrigation Canal,Odisha,Cuttack,Cuttack Rural,20.3936,85.719,1132746,906196,86,80,2023-11-29,2024-07-01,,6,21.2,VEND160,0
WRK02114,Irrigation Canal - Thiruvananthapuram Urban,Irrigation Canal,Kerala,Thiruvananthapuram,Thiruvananthapuram Urban,11.1771,75.8762,21568251,3019555,16,14,2023-07-26,2024-02-10,,12,40.8,VEND302,0
WRK01482,Health Sub-Centre - Kochi East,Health Sub-Centre,Kerala,Kochi,Kochi East,10.2364,76.5909,3498977,1644519,46,47,2024-02-07,2024-07-01,,5,37.5,VEND193,0
WRK03202,Drainage Project - Rourkela South,Drainage Project,Odisha,Rourkela,Rourkela South,21.1906,85.9999,21244751,12321955,66,58,2023-04-21,2023-12-24,,4,15.4,VEND143,0
WRK00737,Water Supply Scheme - Varanasi North,Water Supply Scheme,Uttar Pradesh,Varanasi,Varanasi North,26.0912,81.1187,18365557,4958700,34,27,2023-01-10,2023-07-17,,6,44.6,VEND108,0
WRK03459,Drainage Project - Gwalior South,Drainage Project,Madhya Pradesh,Gwalior,Gwalior South,22.3344,77.6904,1020700,561385,60,55,2023-04-07,2024-06-17,,8,22.7,VEND350,0
WRK01491,Anganwadi Centre - Dibrugarh East,Anganwadi Centre,Assam,Dibrugarh,Dibrugarh East,25.8669,93.2295,8511247,8426134,96,99,2022-09-08,2023-07-06,,7,40.3,VEND022,0
WRK01382,Community Hall - Gorakhpur Urban,Community Hall,Uttar Pradesh,Gorakhpur,Gorakhpur Urban,27.3232,80.5929,852564,119358,19,14,2022-12-11,2023-12-03,,11,27.7,VEND212,0
WRK00736,Community Hall - Vadodara East,Community Hall,Gujarat,Vadodara,Vadodara East,22.8315,71.8756,2997047,869143,34,29,2023-01-29,2024-05-25,,5,17.8,VEND274,0
WRK02307,Water Supply Scheme - Thrissur North,Water Supply Scheme,Kerala,Thrissur,Thrissur North,10.4834,75.3002,9392922,4790390,44,51,2024-08-31,2025-08-23,,7,33.2,VEND132,0
WRK03604,Water Supply Scheme - Mysuru Central,Water Supply Scheme,Karnataka,Mysuru,Mysuru Central,16.0331,75.2925,16965906,14081701,85,83,2023-05-18,2024-07-13,,7,36.1,VEND063,0
WRK01908,Streetlight Installation - Meerut Urban,Streetlight Installation,Uttar Pradesh,Meerut,Meerut Urban,26.7934,79.9256,10431051,9700877,86,93,2022-09-05,2024-02-10,,5,21.9,VEND033,0
WRK00712,Public Toilet Complex - Surat North,Public Toilet Complex,Gujarat,Surat,Surat North,22.0693,70.402,427399,200877,52,47,2023-09-09,2024-03-25,,10,10.2,VEND394,0
WRK00661,School Building - Muzaffarpur Rural,School Building,Bihar,Muzaffarpur,Muzaffarpur Rural,26.2548,84.195,543958,190385,37,35,2024-04-21,2025-03-04,,5,40.4,VEND293,0
WRK01748,Drainage Project - Kochi South,Drainage Project,Kerala,Kochi,Kochi South,10.8422,75.2986,481000,115440,30,24,2024-04-04,2025-03-21,,5,44.8,VEND038,0
WRK01447,Drainage Project - Kochi North,Drainage Project,Kerala,Kochi,Kochi North,11.2546,75.6811,1070478,706515,66,66,2024-04-08,2025-02-11,,4,19.5,VEND338,0
WRK03977,Streetlight Installation - Cuttack Central,Streetlight Installation,Odisha,Cuttack,Cuttack Central,21.3575,85.0673,22517235,9682411,39,43,2024-08-13,2025-12-24,,12,27.0,VEND156,0
WRK01863,Public Toilet Complex - Muzaffarpur West,Public Toilet Complex,Bihar,Muzaffarpur,Muzaffarpur West,25.7358,85.7326,521202,323145,58,62,2023-11-02,2025-01-26,,3,29.8,VEND268,0
WRK00289,Road Construction - Bengaluru Urban East,Road Construction,Karnataka,Bengaluru Urban,Bengaluru Urban East,16.219,75.7386,2259744,293766,11,13,2024-03-04,2025-05-02,,10,41.1,VEND053,0
WRK01495,Water Supply Scheme - Nagpur East,Water Supply Scheme,Maharashtra,Nagpur,Nagpur East,18.8706,76.0042,2420005,1984404,89,82,2023-07-21,2024-09-25,,8,11.3,VEND352,0
WRK01777,Anganwadi Centre - Mumbai East,Anganwadi Centre,Maharashtra,Mumbai,Mumbai East,20.3173,75.2336,22937217,2752466,7,12,2022-06-12,2022-10-27,,10,29.9,VEND296,0
WRK01358,Road Construction - Warangal Central,Road Construction,Telangana,Warangal,Warangal Central,16.9686,79.7628,597337,65707,7,11,2023-08-26,2024-09-07,,5,15.8,VEND241,0
WRK02031,Road Construction - Nizamabad Urban,Road Construction,Telangana,Nizamabad,Nizamabad Urban,17.7683,78.5715,9244296,3143060,26,34,2022-10-25,2023-07-28,,11,41.5,VEND260,0
WRK00116,Road Construction - Nizamabad Central,Road Construction,Telangana,Nizamabad,Nizamabad Central,16.8351,78.5852,21953693,5268886,26,24,2024-01-02,2024-06-03,,9,39.2,VEND106,0
WRK03516,Streetlight Installation - Rourkela West,Streetlight Installation,Odisha,Rourkela,Rourkela West,20.1516,84.3088,17552320,3159417,13,18,2022-12-28,2024-04-29,,9,14.6,VEND348,0
WRK01966,Community Hall - Silchar Central,Community Hall,Assam,Silchar,Silchar Central,26.3911,93.0333,1674925,1674925,94,100,2023-12-25,2025-02-21,,7,39.2,VEND381,0
WRK00227,School Building - Panipat South,School Building,Haryana,Panipat,Panipat South,28.1386,75.7753,11585343,4749990,45,41,2022-05-09,2023-04-29,,5,19.3,VEND299,0
WRK00761,Community Hall - Faridabad South,Community Hall,Haryana,Faridabad,Faridabad South,28.958,76.016,2861226,85836,7,3,2024-07-26,2025-03-17,,4,43.7,VEND361,0
WRK02757,Streetlight Installation - Kochi East,Streetlight Installation,Kerala,Kochi,Kochi East,11.5353,75.394,1000961,0,4,0,2022-08-06,2023-05-06,,8,11.9,VEND350,0
WRK03705,Anganwadi Centre - Mysuru Rural,Anganwadi Centre,Karnataka,Mysuru,Mysuru Rural,15.7097,74.619,8048193,1529156,26,19,2024-01-26,2025-03-19,,3,22.6,VEND066,0
WRK00515,Community Hall - Aurangabad West,Community Hall,Maharashtra,Aurangabad,Aurangabad West,20.4869,76.3905,19955849,11773950,54,59,2022-08-20,2024-02-01,,9,41.4,VEND265,0
WRK02544,Road Construction - Warangal Rural,Road Construction,Telangana,Warangal,Warangal Rural,17.7628,79.0643,10667621,4480400,45,42,2024-07-13,2025-05-27,,9,23.8,VEND095,0
WRK01295,Public Toilet Complex - Aurangabad East,Public Toilet Complex,Maharashtra,Aurangabad,Aurangabad East,20.1,75.9961,19263116,3082098,20,16,2024-01-08,2025-05-23,,6,38.9,VEND203,0
WRK02705,Streetlight Installation - Patna Urban,Streetlight Installation,Bihar,Patna,Patna Urban,26.7548,84.5891,475769,309249,57,65,2023-03-09,2024-06-17,,12,35.5,VEND373,0
WRK01606,Health Sub-Centre - Lucknow Central,Health Sub-Centre,Uttar Pradesh,Lucknow,Lucknow Central,25.7575,81.0186,1184645,947716,73,80,2022-12-24,2023-08-30,,12,35.0,VEND060,0
WRK03799,Road Construction - Guwahati Central,Road Construction,Assam,Guwahati,Guwahati Central,25.9477,93.3399,4430971,3589086,79,81,2024-02-25,2025-07-31,,5,39.3,VEND097,0
WRK03792,School Building - Kochi East,School Building,Kerala,Kochi,Kochi East,9.6406,76.253,16010558,16010558,14,100,2023-07-08,2024-08-23,,2,66.3,VEND169,1
WRK03616,Community Hall - Nizamabad Central,Community Hall,Telangana,Nizamabad,Nizamabad Central,17.0201,80.6505,10762210,4197261,41,39,2023-04-14,2024-03-28,,11,20.7,VEND258,0
WRK03773,Public Toilet Complex - Muzaffarpur North,Public Toilet Complex,Bihar,Muzaffarpur,Muzaffarpur North,26.6342,84.9258,17522771,17522771,97,100,2022-08-31,2023-05-26,,7,12.3,VEND088,0
WRK03504,Water Supply Scheme - Guwahati Central,Water Supply Scheme,Assam,Guwahati,Guwahati Central,26.1564,93.3739,1137467,955472,86,84,2023-08-11,2024-02-21,,11,40.5,VEND224,0
WRK00105,Public Toilet Complex - Kochi Rural,Public Toilet Complex,Kerala,Kochi,Kochi Rural,11.1164,76.0763,2081952,1374088,65,66,2023-05-04,2023-12-31,,3,42.4,VEND199,0
WRK03903,Drainage Project - Jalandhar South,Drainage Project,Punjab,Jalandhar,Jalandhar South,31.013,74.3485,1900635,1121374,64,59,2023-04-23,2023-12-20,,8,12.6,VEND320,0
WRK00801,Irrigation Canal - Kalaburagi North,Irrigation Canal,Karnataka,Kalaburagi,Kalaburagi North,14.7499,75.0941,14129164,8194915,63,58,2023-05-27,2023-11-16,,10,27.6,VEND017,0
WRK00769,Road Construction - Muzaffarpur South,Road Construction,Bihar,Muzaffarpur,Muzaffarpur South,25.9036,84.0701,17611782,15322250,82,87,2024-07-01,2025-05-07,,6,19.4,VEND054,0
WRK03162,Drainage Project - Surat Rural,Drainage Project,Gujarat,Surat,Surat Rural,22.9038,70.2604,18799980,4699995,22,25,2024-07-15,2025-05-06,,10,17.6,VEND282,0
WRK02308,Irrigation Canal - Warangal Rural,Irrigation Canal,Telangana,Warangal,Warangal Rural,18.4045,79.1734,16173910,6631303,40,41,2022-08-19,2023-01-08,,11,43.7,VEND145,0
WRK02744,Health Sub-Centre - Jaipur Central,Health Sub-Centre,Rajasthan,Jaipur,Jaipur Central,26.6939,74.0938,526800,416172,71,79,2022-09-15,2024-02-05,,12,44.6,VEND312,0
WRK01848,Streetlight Installation - Solapur North,Streetlight Installation,Maharashtra,Solapur,Solapur North,20.7505,76.6894,23787154,20219080,80,85,2024-02-12,2025-07-22,,7,28.7,VEND133,0
WRK01874,Irrigation Canal - Jabalpur South,Irrigation Canal,Madhya Pradesh,Jabalpur,Jabalpur South,23.477,78.5577,1755031,526509,28,30,2024-03-13,2025-01-21,,6,11.7,VEND190,0
WRK01455,Public Toilet Complex - Bhubaneswar North,Public Toilet Complex,Odisha,Bhubaneswar,Bhubaneswar North,21.9107,86.1426,3494142,559062,17,16,2023-06-26,2024-10-25,,6,17.6,VEND050,0
WRK02763,Streetlight Installation - Panipat West,Streetlight Installation,Haryana,Panipat,Panipat West,27.9603,77.0616,10631535,5847344,48,55,2023-03-25,2024-04-16,,3,41.2,VEND199,0
WRK03983,Anganwadi Centre - Jalandhar South,Anganwadi Centre,Punjab,Jalandhar,Jalandhar South,32.1079,76.4803,13799948,13799948,5,100,2022-04-05,2023-03-06,,3,40.5,VEND097,1
WRK00829,Streetlight Installation - Patna North,Streetlight Installation,Bihar,Patna,Patna North,25.5503,84.1528,2542098,1143944,41,45,2022-09-23,2023-11-24,,6,30.2,VEND146,0
WRK02467,Road Construction - Meerut North,Road Construction,Uttar Pradesh,Meerut,Meerut North,26.4961,81.8651,10566702,1056670,13,10,2022-07-17,2023-06-01,,8,37.5,VEND293,0
WRK01994,Anganwadi Centre - Darjeeling Urban,Anganwadi Centre,West Bengal,Darjeeling,Darjeeling Urban,23.0174,87.1264,3124297,3124297,94,100,2023-08-22,2024-02-02,,10,36.0,VEND084,0
WRK03331,Public Toilet Complex - Ludhiana Rural,Public Toilet Complex,Punjab,Ludhiana,Ludhiana Rural,29.9813,76.4756,23794541,6186580,26,26,2024-07-09,2025-07-27,,8,24.0,VEND393,0
WRK00402,Irrigation Canal - Dibrugarh South,Irrigation Canal,Assam,Dibrugarh,Dibrugarh South,27.3707,92.0275,5351682,2461773,40,46,2022-05-30,2022-12-10,,5,22.5,VEND028,0
WRK03107,Community Hall - Gwalior North,Community Hall,Madhya Pradesh,Gwalior,Gwalior North,22.858,77.6725,7512549,1652760,20,22,2022-08-04,2023-05-19,,8,15.6,VEND126,0
WRK03248,Streetlight Installation - Jodhpur East,Streetlight Installation,Rajasthan,Jodhpur,Jodhpur East,27.8719,74.5836,1835478,1229770,74,67,2023-11-07,2024-08-15,,3,19.9,VEND245,0
WRK00850,Irrigation Canal - Udaipur Rural,Irrigation Canal,Rajasthan,Udaipur,Udaipur Rural,26.9142,74.7346,1064673,0,0,0,2023-01-20,2024-05-29,,5,27.6,VEND359,0
WRK03298,Irrigation Canal - Thiruvananthapuram South,Irrigation Canal,Kerala,Thiruvananthapuram,Thiruvananthapuram South,9.7483,76.3364,415070,352809,83,85,2023-01-16,2024-04-05,,10,24.2,VEND039,0
WRK01153,Road Construction - Asansol Urban,Road Construction,West Bengal,Asansol,Asansol Urban,23.4874,87.5898,5470050,4868344,89,89,2023-02-27,2024-02-16,,5,17.3,VEND395,0
WRK01729,Health Sub-Centre - Gurugram North,Health Sub-Centre,Haryana,Gurugram,Gurugram North,28.2181,77.1109,17420463,6445571,35,37,2024-07-15,2026-01-03,,12,23.3,VEND039,0
WRK01962,Drainage Project - Thiruvananthapuram East,Drainage Project,Kerala,Thiruvananthapuram,Thiruvananthapuram East,10.3598,76.6109,2114241,1564538,77,74,2023-02-18,2023-06-23,,11,38.2,VEND006,0
WRK01365,Community Hall - Gorakhpur North,Community Hall,Uttar Pradesh,Gorakhpur,Gorakhpur North,26.8251,80.3211,2538435,1954594,81,77,2023-06-20,2024-11-17,,10,40.3,VEND389,0
WRK03589,Water Supply Scheme - Rajkot Rural,Water Supply Scheme,Gujarat,Rajkot,Rajkot Rural,21.8084,70.1496,17824740,17824740,100,100,2023-09-23,2024-02-02,2024-02-08,5,58.6,VEND252,1
WRK00538,School Building - Jalandhar Central,School Building,Punjab,Jalandhar,Jalandhar Central,31.1169,75.5355,8736899,698951,10,8,2024-01-20,2025-03-01,,12,29.0,VEND388,0
WRK01991,Road Construction - Thrissur South,Road Construction,Kerala,Thrissur,Thrissur South,11.1133,76.799,1052988,547553,55,52,2023-01-18,2024-02-26,,8,33.9,VEND161,0
WRK03815,Water Supply Scheme - Vadodara Central,Water Supply Scheme,Gujarat,Vadodara,Vadodara Central,22.5643,69.9702,981013,627848,57,64,2023-01-20,2024-07-08,,6,17.5,VEND290,0
WRK02431,Road Construction - Kozhikode Central,Road Construction,Kerala,Kozhikode,Kozhikode Central,11.01,75.1479,1079286,1068493,92,99,2022-06-01,2022-11-19,,6,13.0,VEND106,0
WRK02241,Road Construction - Ahmedabad South,Road Construction,Gujarat,Ahmedabad,Ahmedabad South,22.4169,70.0683,4254362,2637704,69,62,2023-09-08,2024-11-23,,11,32.4,VEND034,0
WRK00579,Community Hall - Surat North,Community Hall,Gujarat,Surat,Surat North,22.1704,71.4653,908627,517917,59,57,2024-03-10,2024-11-02,,6,26.8,VEND394,0
WRK00693,Water Supply Scheme - Patiala Rural,Water Supply Scheme,Punjab,Patiala,Patiala Rural,32.2424,74.4013,4152769,373749,9,9,2023-10-01,2024-05-12,,6,35.0,VEND289,0
WRK01612,Community Hall - Vadodara Rural,Community Hall,Gujarat,Vadodara,Vadodara Rural,22.676,70.6051,10808627,10268195,92,95,2024-03-10,2025-07-21,,11,22.5,VEND122,0
WRK03005,Drainage Project - Jalandhar North,Drainage Project,Punjab,Jalandhar,Jalandhar North,31.9001,76.3299,2073326,1554994,77,75,2023-03-21,2023-12-11,,9,26.2,VEND041,0
WRK00131,Drainage Project - Ludhiana Urban,Drainage Project,Punjab,Ludhiana,Ludhiana Urban,31.699,75.0432,567665,374658,68,66,2024-08-27,2025-03-06,,7,35.7,VEND321,0
WRK02014,Community Hall - Nizamabad West,Community Hall,Telangana,Nizamabad,Nizamabad West,17.5588,78.3203,16658921,7829692,51,47,2023-04-24,2024-09-12,,10,12.8,VEND354,0
WRK02996,Anganwadi Centre - Prayagraj South,Anganwadi Centre,Uttar Pradesh,Prayagraj,Prayagraj South,25.8559,80.5294,952845,0,5,0,2022-04-25,2023-05-08,,4,11.5,VEND146,0
WRK01578,Anganwadi Centre - Dibrugarh South,Anganwadi Centre,Assam,Dibrugarh,Dibrugarh South,27.2156,91.738,9489228,3985475,41,42,2023-02-09,2023-07-24,,10,13.8,VEND168,0
WRK00656,Health Sub-Centre - Gwalior East,Health Sub-Centre,Madhya Pradesh,Gwalior,Gwalior East,22.7814,78.5478,829160,323372,40,39,2024-02-28,2024-12-19,,8,33.3,VEND194,0
WRK00445,Water Supply Scheme - Darjeeling Rural,Water Supply Scheme,West Bengal,Darjeeling,Darjeeling Rural,22.2165,86.6291,1051719,788789,76,75,2022-12-19,2024-04-03,,9,18.3,VEND077,0
WRK00941,Streetlight Installation - Dibrugarh East,Streetlight Installation,Assam,Dibrugarh,Dibrugarh East,27.3914,93.6104,886200,797580,93,90,2024-03-17,2024-09-21,,12,42.1,VEND261,0
WRK01830,School Building - Gurugram South,School Building,Haryana,Gurugram,Gurugram South,29.6479,75.0495,5780441,5722636,93,99,2022-06-21,2023-04-25,,4,42.1,VEND286,0
WRK01118,Public Toilet Complex - Gaya South,Public Toilet Complex,Bihar,Gaya,Gaya South,25.2292,85.4016,16168168,13257897,85,82,2022-09-03,2024-01-15,,8,40.8,VEND057,0
WRK03297,School Building - Thrissur Rural,School Building,Kerala,Thrissur,Thrissur Rural,10.0289,76.4038,9702022,0,5,0,2024-03-04,2025-06-16,,4,25.6,VEND239,0
WRK01792,School Building - Rourkela South,School Building,Odisha,Rourkela,Rourkela South,19.7931,84.2483,473740,473740,26,100,2023-03-28,2024-04-19,,2,67.5,VEND290,1
WRK02370,Community Hall - Guwahati West,Community Hall,Assam,Guwahati,Guwahati West,26.2525,93.2929,8306443,996773,19,12,2024-08-12,2025-05-18,,6,13.4,VEND381,0
WRK01229,Road Construction - Vadodara South,Road Construction,Gujarat,Vadodara,Vadodara South,22.3333,70.5993,1890618,1701556,89,90,2024-01-25,2024-09-23,,7,25.7,VEND222,0
WRK02282,Irrigation Canal - Varanasi North,Irrigation Canal,Uttar Pradesh,Varanasi,Varanasi North,27.6338,80.5566,3272525,2421668,71,74,2024-07-12,2024-12-16,,11,10.1,VEND178,0
WRK03939,Health Sub-Centre - Jabalpur West,Health Sub-Centre,Madhya Pradesh,Jabalpur,Jabalpur West,23.283,77.4097,31465802,31465802,91,100,2022-11-13,2024-03-02,,3,67.0,VEND312,1
WRK02120,Health Sub-Centre - Muzaffarpur Rural,Health Sub-Centre,Bihar,Muzaffarpur,Muzaffarpur Rural,26.3637,84.0702,5041748,4840078,17,96,2022-06-07,2023-05-16,,3,43.6,VEND029,1
WRK02359,Road Construction - Gwalior East,Road Construction,Madhya Pradesh,Gwalior,Gwalior East,22.4365,79.2179,9816386,2257768,25,23,2022-08-26,2024-02-07,,11,24.2,VEND274,0
WRK02457,Irrigation Canal - Gaya East,Irrigation Canal,Bihar,Gaya,Gaya East,26.9114,84.9154,1911725,1529380,81,80,2023-07-26,2024-09-20,,12,31.3,VEND389,0
WRK00591,Health Sub-Centre - Indore Urban,Health Sub-Centre,Madhya Pradesh,Indore,Indore Urban,24.4306,77.7965,14530969,871858,10,6,2022-12-17,2024-01-22,,4,20.3,VEND266,0
WRK00859,School Building - Agra Rural,School Building,Uttar Pradesh,Agra,Agra Rural,27.0124,80.1449,969940,892344,86,92,2023-01-06,2024-03-21,,11,16.1,VEND348,0
WRK01576,Irrigation Canal - Tiruchirappalli East,Irrigation Canal,Tamil Nadu,Tiruchirappalli,Tiruchirappalli East,10.051,77.8496,8811492,5198780,65,59,2022-08-01,2023-11-09,,4,42.0,VEND307,0
WRK00479,Road Construction - Indore Central,Road Construction,Madhya Pradesh,Indore,Indore Central,23.8533,79.496,22088972,15462280,73,70,2023-09-21,2025-02-14,,9,42.2,VEND127,0
WRK01082,Water Supply Scheme - Jabalpur West,Water Supply Scheme,Madhya Pradesh,Jabalpur,Jabalpur West,23.6727,79.555,15268633,10535356,61,69,2023-03-03,2024-03-16,,7,43.3,VEND154,0
WRK03067,Public Toilet Complex - Rourkela Rural,Public Toilet Complex,Odisha,Rourkela,Rourkela Rural,20.9772,84.0572,4858195,485819,11,10,2022-06-23,2022-12-31,,3,11.6,VEND379,0
WRK02389,Water Supply Scheme - Hubballi Urban,Water Supply Scheme,Karnataka,Hubballi,Hubballi Urban,15.019,75.1028,3455822,345582,3,10,2024-07-14,2025-12-29,,3,42.0,VEND199,0
WRK00609,Water Supply Scheme - Howrah North,Water Supply Scheme,West Bengal,Howrah,Howrah North,23.0902,88.4224,9275467,4637733,51,50,2023-07-01,2023-11-30,,11,21.5,VEND292,0
WRK00349,Community Hall - Indore East,Community Hall,Madhya Pradesh,Indore,Indore East,23.2687,78.6356,21300970,15336698,75,72,2024-05-22,2024-10-12,,8,12.2,VEND141,0
WRK02736,Irrigation Canal - Solapur Central,Irrigation Canal,Maharashtra,Solapur,Solapur Central,18.5779,76.2869,17063988,13309910,81,78,2022-09-27,2023-02-12,,6,26.8,VEND365,0
WRK02496,Irrigation Canal - Kochi East,Irrigation Canal,Kerala,Kochi,Kochi East,10.2513,75.4445,16763015,5196534,38,31,2023-11-27,2025-01-24,,3,19.6,VEND020,0
WRK03449,Drainage Project - Patna South,Drainage Project,Bihar,Patna,Patna South,25.4725,84.7327,1011959,263109,32,26,2022-07-01,2023-07-04,,12,22.1,VEND397,0
WRK00613,Drainage Project - Gorakhpur South,Drainage Project,Uttar Pradesh,Gorakhpur,Gorakhpur South,27.8719,80.5154,1054760,326975,37,31,2024-01-04,2025-02-02,,6,41.8,VEND211,0
WRK00457,Road Construction - Patiala Urban,Road Construction,Punjab,Patiala,Patiala Urban,30.0,74.3035,414416,414416,99,100,2023-01-06,2023-06-16,,10,35.8,VEND171,0
WRK03993,Public Toilet Complex - Bhagalpur Central,Public Toilet Complex,Bihar,Bhagalpur,Bhagalpur Central,24.94,85.0575,1176904,0,1,0,2023-01-12,2023-10-31,,6,44.2,VEND252,0
WRK02760,Road Construction - Silchar Urban,Road Construction,Assam,Silchar,Silchar Urban,26.2218,92.7398,5414535,1461924,25,27,2024-02-17,2024-12-30,,11,22.3,VEND010,0
WRK00573,Streetlight Installation - Darjeeling West,Streetlight Installation,West Bengal,Darjeeling,Darjeeling West,21.9758,86.8253,21353602,11317409,56,53,2024-04-12,2025-06-23,,6,14.8,VEND023,0
WRK03667,Public Toilet Complex - Cuttack East,Public Toilet Complex,Odisha,Cuttack,Cuttack East,19.8916,84.156,5256672,210266,11,4,2023-04-17,2024-08-15,,3,14.5,VEND257,0
WRK00744,Anganwadi Centre - Gurugram Urban,Anganwadi Centre,Haryana,Gurugram,Gurugram Urban,28.7998,76.054,5446256,980326,24,18,2024-03-04,2025-05-09,,5,12.5,VEND126,0
WRK00704,Public Toilet Complex - Kalaburagi East,Public Toilet Complex,Karnataka,Kalaburagi,Kalaburagi East,15.9752,75.8879,5054530,303271,1,6,2023-08-18,2025-02-01,,11,42.6,VEND070,0
WRK00183,Streetlight Installation - Thrissur Urban,Streetlight Installation,Kerala,Thrissur,Thrissur Urban,10.092,75.9101,548224,433096,78,79,2022-06-20,2023-05-01,,10,32.1,VEND075,0
WRK02518,Community Hall - Kota North,Community Hall,Rajasthan,Kota,Kota North,28.079,75.0864,1024215,245811,28,24,2024-05-21,2025-01-05,,12,37.8,VEND346,0
WRK00243,Drainage Project - Mangaluru Rural,Drainage Project,Karnataka,Mangaluru,Mangaluru Rural,15.8713,74.6987,3325183,1363325,46,41,2024-02-08,2025-05-10,,3,20.2,VEND333,0
WRK03737,Health Sub-Centre - Patiala Urban,Health Sub-Centre,Punjab,Patiala,Patiala Urban,31.2337,75.2634,13278985,1460688,8,11,2022-11-08,2023-11-17,,8,26.7,VEND058,0
WRK01395,School Building - Bhubaneswar North,School Building,Odisha,Bhubaneswar,Bhubaneswar North,19.8744,84.2778,524046,57645,15,11,2022-05-31,2023-07-25,,4,44.9,VEND065,0
WRK01054,Anganwadi Centre - Muzaffarpur West,Anganwadi Centre,Bihar,Muzaffarpur,Muzaffarpur West,24.8665,84.1157,850994,17019,3,2,2022-10-11,2023-12-30,,5,31.3,VEND258,0
WRK03586,Road Construction - Amritsar West,Road Construction,Punjab,Amritsar,Amritsar West,31.3363,74.584,583254,425775,24,73,2024-05-18,2024-11-19,,2,85.4,VEND011,1
WRK00654,Streetlight Installation - Indore West,Streetlight Installation,Madhya Pradesh,Indore,Indore West,23.5849,79.0746,2018061,80722,12,4,2024-02-18,2025-07-11,,3,19.3,VEND004,0
WRK00149,Anganwadi Centre - Thiruvananthapuram Urban,Anganwadi Centre,Kerala,Thiruvananthapuram,Thiruvananthapuram Urban,10.0322,76.6716,23174307,9269722,47,40,2023-09-17,2024-08-17,,11,25.0,VEND247,0
WRK00709,Drainage Project - Darjeeling West,Drainage Project,West Bengal,Darjeeling,Darjeeling West,23.999,87.8712,5924620,236984,0,4,2022-12-28,2023-08-14,,6,42.3,VEND330,0
WRK03086,Health Sub-Centre - Silchar East,Health Sub-Centre,Assam,Silchar,Silchar East,25.9705,92.2431,8239713,6426976,82,78,2022-06-09,2023-07-22,,7,35.2,VEND138,0
WRK00024,Road Construction - Kolkata Rural,Road Construction,West Bengal,Kolkata,Kolkata Rural,23.4118,88.4259,11083868,6761159,56,61,2022-05-20,2023-04-02,,5,41.0,VEND253,0
WRK01265,Road Construction - Jaipur North,Road Construction,Rajasthan,Jaipur,Jaipur North,27.9141,73.1191,5745251,3676960,61,64,2023-03-01,2024-04-06,,5,21.0,VEND369,0
WRK01286,Public Toilet Complex - Silchar Rural,Public Toilet Complex,Assam,Silchar,Silchar Rural,25.4364,92.7328,5413208,487188,2,9,2023-01-05,2023-09-20,,4,35.6,VEND079,0
WRK01882,Public Toilet Complex - Silchar Rural,Public Toilet Complex,Assam,Silchar,Silchar Rural,26.8251,94.0638,8659169,952508,12,11,2023-11-18,2024-08-02,,5,13.6,VEND005,0
WRK03373,Drainage Project - Mysuru Urban,Drainage Project,Karnataka,Mysuru,Mysuru Urban,15.3888,76.6791,1024653,1024653,26,100,2024-07-09,2025-05-06,,1,97.3,VEND287,1
WRK01533,Road Construction - Surat North,Road Construction,Gujarat,Surat,Surat North,21.0345,70.0188,5645314,3330735,55,59,2024-02-13,2025-03-02,,9,12.2,VEND029,0
WRK01437,Anganwadi Centre - Ahmedabad North,Anganwadi Centre,Gujarat,Ahmedabad,Ahmedabad North,23.0864,71.6684,9084285,8630070,95,95,2023-11-26,2024-06-30,,5,30.2,VEND329,0
WRK00920,Drainage Project - Bhopal North,Drainage Project,Madhya Pradesh,Bhopal,Bhopal North,22.4958,79.0765,20110805,8245430,41,41,2023-11-04,2025-02-04,,5,25.5,VEND009,0
WRK02908,Drainage Project - Guwahati West,Drainage Project,Assam,Guwahati,Guwahati West,26.4155,93.546,806987,371214,48,46,2023-03-13,2023-11-17,,8,14.3,VEND084,0
WRK03301,Public Toilet Complex - Surat Rural,Public Toilet Complex,Gujarat,Surat,Surat Rural,23.0799,71.8074,16911505,15896814,91,94,2024-07-08,2025-07-04,,9,33.0,VEND294,0
WRK03788,Community Hall - Howrah North,Community Hall,West Bengal,Howrah,Howrah North,23.1806,88.4705,891918,775968,89,87,2022-07-01,2023-08-03,,12,38.7,VEND123,0
WRK03874,Drainage Project - Jodhpur Central,Drainage Project,Rajasthan,Jodhpur,Jodhpur Central,26.6493,73.536,3168416,1584208,57,50,2023-05-28,2024-06-01,,6,37.4,VEND259,0
WRK03999,Public Toilet Complex - Nizamabad Central,Public Toilet Complex,Telangana,Nizamabad,Nizamabad Central,17.5191,80.6199,884021,539252,64,61,2022-11-30,2023-12-14,,3,41.7,VEND038,0
WRK02218,Public Toilet Complex - Kozhikode Urban,Public Toilet Complex,Kerala,Kozhikode,Kozhikode Urban,9.6822,75.4089,2167946,1929471,11,89,2024-05-04,2025-07-09,,5,59.0,VEND357,1
WRK02838,Health Sub-Centre - Siliguri West,Health Sub-Centre,West Bengal,Siliguri,Siliguri West,22.8294,87.1074,2366385,283966,9,12,2024-06-15,2025-03-24,,9,20.9,VEND058,0
WRK03598,School Building - Gwalior Urban,School Building,Madhya Pradesh,Gwalior,Gwalior Urban,22.9928,78.7168,8893995,978339,18,11,2022-09-29,2023-07-25,,4,31.4,VEND032,0
WRK02712,Public Toilet Complex - Bhopal West,Public Toilet Complex,Madhya Pradesh,Bhopal,Bhopal West,23.0053,78.1805,966939,9669,6,1,2022-09-18,2024-01-08,,6,32.5,VEND007,0
WRK00351,Anganwadi Centre - Nizamabad Central,Anganwadi Centre,Telangana,Nizamabad,Nizamabad Central,17.3195,79.8762,554694,49922,2,9,2024-06-05,2024-12-22,,4,10.2,VEND092,0
WRK02604,Water Supply Scheme - Udaipur South,Water Supply Scheme,Rajasthan,Udaipur,Udaipur South,26.9875,75.0379,2416107,1183892,51,49,2023-08-21,2024-02-15,,3,40.8,VEND357,0
WRK01510,Road Construction - Muzaffarpur Urban,Road Construction,Bihar,Muzaffarpur,Muzaffarpur Urban,25.8117,85.0684,2109668,147676,12,7,2023-09-14,2025-01-01,,5,24.9,VEND010,0
WRK01261,Road Construction - Bhopal East,Road Construction,Madhya Pradesh,Bhopal,Bhopal East,22.7765,78.4651,12485722,9364291,67,75,2024-04-23,2024-11-28,,7,18.7,VEND193,0
WRK00049,Water Supply Scheme - Jabalpur East,Water Supply Scheme,Madhya Pradesh,Jabalpur,Jabalpur East,23.7194,78.2137,2160286,1922654,95,89,2024-08-05,2025-04-14,,7,11.0,VEND026,0
WRK03028,Streetlight Installation - Dibrugarh South,Streetlight Installation,Assam,Dibrugarh,Dibrugarh South,25.3135,92.2814,11509916,4488867,46,39,2022-06-18,2023-03-18,,6,43.0,VEND057,0
WRK02723,Irrigation Canal - Cuttack Urban,Irrigation Canal,Odisha,Cuttack,Cuttack Urban,21.8395,85.8344,1193457,954765,75,80,2022-05-18,2023-08-14,,7,22.7,VEND297,0
WRK00713,Streetlight Installation - Jalandhar South,Streetlight Installation,Punjab,Jalandhar,Jalandhar South,32.288,75.3654,6748458,2766867,38,41,2023-05-10,2024-03-16,,9,41.2,VEND275,0
WRK01444,Water Supply Scheme - Nagpur East,Water Supply Scheme,Maharashtra,Nagpur,Nagpur East,19.8746,76.4668,508272,40661,1,8,2023-06-11,2024-11-05,,11,12.3,VEND233,0
WRK00646,School Building - Amritsar North,School Building,Punjab,Amritsar,Amritsar North,30.2226,74.8185,933362,802691,82,86,2024-05-29,2024-11-12,,9,34.7,VEND042,0
WRK03906,Public Toilet Complex - Panipat Central,Public Toilet Complex,Haryana,Panipat,Panipat Central,28.1741,75.2542,3371636,3101905,97,92,2023-08-21,2024-06-27,,8,18.4,VEND002,0
WRK00022,School Building - Prayagraj Central,School Building,Uttar Pradesh,Prayagraj,Prayagraj Central,26.3464,80.4804,2073038,746293,42,36,2023-08-22,2024-03-01,,6,22.1,VEND164,0
WRK02184,Community Hall - Gaya South,Community Hall,Bihar,Gaya,Gaya South,25.0652,84.3239,3547044,2837635,75,80,2024-05-15,2024-12-08,,8,13.3,VEND317,0
WRK02269,Public Toilet Complex - Indore North,Public Toilet Complex,Madhya Pradesh,Indore,Indore North,22.7382,77.6362,11698604,4913413,43,42,2022-10-05,2023-06-01,,3,30.0,VEND249,0
WRK00616,Road Construction - Guwahati West,Road Construction,Assam,Guwahati,Guwahati West,26.3433,91.9526,428110,42811,14,10,2022-04-11,2022-12-15,,8,33.5,VEND238,0
WRK00671,Water Supply Scheme - Dibrugarh East,Water Supply Scheme,Assam,Dibrugarh,Dibrugarh East,25.6489,93.7225,3346718,1171351,28,35,2024-07-14,2025-04-11,,10,15.2,VEND146,0
WRK03554,Community Hall - Warangal South,Community Hall,Telangana,Warangal,Warangal South,17.8655,79.4189,11144001,445760,12,4,2022-10-27,2023-12-01,,9,11.4,VEND381,0
WRK03702,Community Hall - Faridabad East,Community Hall,Haryana,Faridabad,Faridabad East,28.0744,76.5767,11672692,11672692,96,100,2024-04-16,2024-11-01,,5,51.8,VEND353,1
WRK02918,Road Construction - Dibrugarh North,Road Construction,Assam,Dibrugarh,Dibrugarh North,26.3092,92.0535,14547432,4073280,35,28,2023-02-04,2024-03-07,,12,20.6,VEND225,0
WRK00901,Road Construction - Nizamabad Central,Road Construction,Telangana,Nizamabad,Nizamabad Central,17.7449,79.2503,570509,268139,53,47,2023-03-21,2023-08-24,,11,26.8,VEND067,0
WRK01415,School Building - Warangal East,School Building,Telangana,Warangal,Warangal East,18.0856,79.8514,8981675,8981675,99,100,2023-08-26,2025-01-19,,11,14.3,VEND343,0
WRK02814,Community Hall - Surat East,Community Hall,Gujarat,Surat,Surat East,22.6768,70.5172,8281936,911012,15,11,2023-10-22,2024-10-13,,12,22.2,VEND152,0
WRK03665,Public Toilet Complex - Gurugram Central,Public Toilet Complex,Haryana,Gurugram,Gurugram Central,29.3691,75.8513,12118135,2787171,30,23,2023-05-18,2023-12-06,,9,35.6,VEND172,0
WRK02491,Drainage Project - Madurai East,Drainage Project,Tamil Nadu,Madurai,Madurai East,10.7196,79.271,1777317,71092,0,4,2022-07-23,2023-03-13,,11,32.7,VEND216,0
WRK03912,Anganwadi Centre - Nizamabad Rural,Anganwadi Centre,Telangana,Nizamabad,Nizamabad Rural,18.1798,78.8612,1927498,1117948,57,58,2022-12-05,2024-04-21,,12,13.6,VEND076,0
WRK03534,Anganwadi Centre - Solapur Urban,Anganwadi Centre,Maharashtra,Solapur,Solapur Urban,20.2894,76.8464,1157867,34736,3,3,2023-02-09,2023-10-27,,10,32.7,VEND100,0
WRK02648,Drainage Project - Rourkela North,Drainage Project,Odisha,Rourkela,Rourkela North,21.5868,84.7047,6901469,5590189,84,81,2023-03-18,2023-07-27,,11,13.3,VEND108,0
WRK03886,Anganwadi Centre - Muzaffarpur West,Anganwadi Centre,Bihar,Muzaffarpur,Muzaffarpur West,26.0967,85.7867,23985951,9354520,43,39,2022-06-12,2023-08-05,,7,29.8,VEND378,0
WRK00986,Health Sub-Centre - Surat North,Health Sub-Centre,Gujarat,Surat,Surat North,22.1414,70.8786,8493312,2632926,28,31,2024-01-12,2025-02-21,,3,42.5,VEND141,0
WRK02813,Water Supply Scheme - Bhubaneswar South,Water Supply Scheme,Odisha,Bhubaneswar,Bhubaneswar South,21.1313,85.8057,17560245,15453015,82,88,2022-05-02,2022-09-22,,7,29.6,VEND316,0
WRK03246,Drainage Project - Hyderabad Rural,Drainage Project,Telangana,Hyderabad,Hyderabad Rural,18.7062,80.1203,12618115,11482484,94,91,2023-01-18,2023-05-22,,12,17.0,VEND396,0
WRK03680,School Building - Panipat Urban,School Building,Haryana,Panipat,Panipat Urban,29.8997,76.4957,13033967,7429361,58,57,2024-01-21,2025-06-01,,7,14.0,VEND285,0
WRK02131,Road Construction - Howrah West,Road Construction,West Bengal,Howrah,Howrah West,22.0041,87.9591,3529158,2893909,76,82,2024-05-20,2025-08-26,,5,17.9,VEND197,0
WRK03172,Road Construction - Madurai West,Road Construction,Tamil Nadu,Madurai,Madurai West,10.0534,79.1152,524983,524983,99,100,2024-03-09,2025-03-27,,10,40.5,VEND053,0
WRK00207,Streetlight Installation - Chennai Central,Streetlight Installation,Tamil Nadu,Chennai,Chennai Central,10.6475,77.9457,4758611,1046894,19,22,2024-03-05,2025-05-04,,4,18.7,VEND256,0
WRK03082,Irrigation Canal - Coimbatore East,Irrigation Canal,Tamil Nadu,Coimbatore,Coimbatore East,11.3964,78.2585,2088329,229716,19,11,2022-07-10,2023-10-25,,7,43.4,VEND121,0
WRK00031,Drainage Project - Kanpur Rural,Drainage Project,Uttar Pradesh,Kanpur,Kanpur Rural,25.8641,80.247,22544118,3381617,14,15,2022-06-23,2023-06-20,,9,26.5,VEND339,0
WRK00259,Public Toilet Complex - Ahmedabad South,Public Toilet Complex,Gujarat,Ahmedabad,Ahmedabad South,23.2662,71.0381,3413459,2969709,94,87,2023-10-03,2024-08-20,,11,23.6,VEND392,0
WRK02851,Water Supply Scheme - Kochi North,Water Supply Scheme,Kerala,Kochi,Kochi North,9.8023,76.4881,493856,261743,53,53,2023-05-01,2023-11-30,,6,43.0,VEND190,0
WRK01227,Drainage Project - Prayagraj East,Drainage Project,Uttar Pradesh,Prayagraj,Prayagraj East,27.7699,79.8648,13846914,13016099,100,94,2024-03-29,2025-09-05,2025-09-12,12,44.4,VEND254,0
WRK03599,Anganwadi Centre - Cuttack East,Anganwadi Centre,Odisha,Cuttack,Cuttack East,21.7333,84.9807,19248100,2117291,15,11,2024-01-16,2025-03-06,,9,38.3,VEND058,0
WRK02484,Water Supply Scheme - Muzaffarpur Rural,Water Supply Scheme,Bihar,Muzaffarpur,Muzaffarpur Rural,25.3255,84.291,15328195,7970661,52,52,2023-05-03,2023-10-04,,8,21.8,VEND166,0
WRK01366,Drainage Project - Bhubaneswar Rural,Drainage Project,Odisha,Bhubaneswar,Bhubaneswar Rural,21.7872,84.9333,9571637,957163,18,10,2023-05-11,2024-01-11,,6,41.6,VEND130,0
WRK01778,Irrigation Canal - Chennai West,Irrigation Canal,Tamil Nadu,Chennai,Chennai West,11.5152,77.5127,552658,5526,7,1,2023-06-13,2024-07-17,,11,23.5,VEND225,0
WRK00174,Health Sub-Centre - Rourkela West,Health Sub-Centre,Odisha,Rourkela,Rourkela West,21.0719,84.4719,4374087,0,1,0,2024-03-06,2024-07-08,,9,30.3,VEND167,0
WRK03831,Community Hall - Chennai Urban,Community Hall,Tamil Nadu,Chennai,Chennai Urban,12.1533,78.8576,5552233,3275817,57,59,2024-03-23,2024-11-10,,5,16.4,VEND203,0
WRK00698,Irrigation Canal - Hubballi East,Irrigation Canal,Karnataka,Hubballi,Hubballi East,16.0914,75.9548,26230801,24919260,99,95,2023-01-14,2024-02-20,,2,46.8,VEND385,1
WRK03367,School Building - Kalaburagi Rural,School Building,Karnataka,Kalaburagi,Kalaburagi Rural,14.7764,75.4169,3272088,654417,23,20,2023-06-11,2023-11-19,,4,38.4,VEND023,0
WRK01194,Road Construction - Cuttack West,Road Construction,Odisha,Cuttack,Cuttack West,21.2,85.332,17158077,8235876,48,48,2023-05-31,2024-04-26,,6,38.6,VEND250,0
WRK00860,Irrigation Canal - Udaipur West,Irrigation Canal,Rajasthan,Udaipur,Udaipur West,27.9788,74.2169,516933,191265,39,37,2023-06-02,2024-02-18,,3,30.3,VEND360,0
WRK01653,Streetlight Installation - Mysuru South,Streetlight Installation,Karnataka,Mysuru,Mysuru South,15.577,75.4737,8592644,5928924,62,69,2023-01-19,2023-06-13,,12,19.3,VEND120,0
WRK03711,Public Toilet Complex - Pune East,Public Toilet Complex,Maharashtra,Pune,Pune East,19.9802,75.2649,22128639,7081164,29,32,2023-04-15,2024-06-11,,11,12.0,VEND106,0
WRK01918,Road Construction - Asansol Urban,Road Construction,West Bengal,Asansol,Asansol Urban,23.1486,87.8087,442570,323076,66,73,2023-02-07,2024-02-19,,11,31.0,VEND170,0
WRK03579,Anganwadi Centre - Silchar East,Anganwadi Centre,Assam,Silchar,Silchar East,26.8235,93.2613,8346829,5175033,58,62,2023-09-24,2024-03-17,,12,25.6,VEND019,0
WRK03639,Drainage Project - Panipat Rural,Drainage Project,Haryana,Panipat,Panipat Rural,30.0971,74.9111,22986955,13102564,50,57,2023-05-10,2023-12-05,,4,32.0,VEND400,0
WRK02428,Community Hall - Siliguri Urban,Community Hall,West Bengal,Siliguri,Siliguri Urban,22.2035,86.7779,7087152,425229,11,6,2022-08-31,2023-06-30,,7,34.4,VEND302,0
WRK00444,Drainage Project - Pune South,Drainage Project,Maharashtra,Pune,Pune South,19.1236,76.3247,15211860,8214404,52,54,2024-08-12,2025-07-20,,4,32.2,VEND212,0
WRK01923,School Building - Mumbai West,School Building,Maharashtra,Mumbai,Mumbai West,19.9627,76.4694,3059122,1927246,69,63,2023-05-14,2024-03-07,,5,38.3,VEND069,0
WRK03818,School Building - Howrah North,School Building,West Bengal,Howrah,Howrah North,22.6411,86.884,5339537,5339537,5,100,2023-06-06,2024-09-12,,2,73.3,VEND362,1
WRK00808,Water Supply Scheme - Kalaburagi Urban,Water Supply Scheme,Karnataka,Kalaburagi,Kalaburagi Urban,16.2966,76.5636,1114954,936561,80,84,2023-08-30,2024-02-26,,7,39.3,VEND082,0
WRK03455,Streetlight Installation - Warangal Urban,Streetlight Installation,Telangana,Warangal,Warangal Urban,17.7502,80.3546,5323129,159693,2,3,2024-03-21,2025-05-25,,12,30.0,VEND046,0
WRK01855,Public Toilet Complex - Kolkata Rural,Public Toilet Complex,West Bengal,Kolkata,Kolkata Rural,23.6811,86.7344,11451083,0,1,0,2023-02-26,2023-09-10,,6,37.1,VEND090,0
WRK02230,Public Toilet Complex - Indore Urban,Public Toilet Complex,Madhya Pradesh,Indore,Indore Urban,24.1768,79.0385,888026,62161,10,7,2024-08-07,2025-10-16,,10,14.2,VEND079,0
WRK01016,Anganwadi Centre - Rajkot Rural,Anganwadi Centre,Gujarat,Rajkot,Rajkot Rural,23.0591,71.6548,8901169,3115409,32,35,2023-07-29,2024-03-29,,12,21.8,VEND348,0
WRK03603,Irrigation Canal - Mumbai South,Irrigation Canal,Maharashtra,Mumbai,Mumbai South,19.1606,76.5748,4000481,4000481,99,100,2024-02-21,2024-11-08,,7,26.8,VEND064,0
WRK01084,Road Construction - Hyderabad West,Road Construction,Telangana,Hyderabad,Hyderabad West,17.8188,78.7558,8180686,5481059,60,67,2023-02-21,2024-03-07,,5,16.3,VEND390,0
WRK01148,Streetlight Installation - Bhagalpur North,Streetlight Installation,Bihar,Bhagalpur,Bhagalpur North,25.6818,84.7505,2135375,1836422,58,86,2023-10-27,2024-12-30,,2,71.3,VEND056,1
WRK00494,Water Supply Scheme - Jodhpur South,Water Supply Scheme,Rajasthan,Jodhpur,Jodhpur South,27.7801,74.1958,1646840,1268066,77,77,2022-06-20,2023-11-04,,4,25.2,VEND010,0
WRK01624,School Building - Warangal South,School Building,Telangana,Warangal,Warangal South,18.3128,79.825,9670834,580250,2,6,2022-07-02,2023-03-24,,11,14.9,VEND173,0
WRK02124,Road Construction - Thiruvananthapuram South,Road Construction,Kerala,Thiruvananthapuram,Thiruvananthapuram South,10.0287,75.8106,2006831,361229,13,18,2022-04-11,2023-01-10,,12,38.3,VEND039,0
WRK03657,School Building - Belagavi East,School Building,Karnataka,Belagavi,Belagavi East,14.6556,76.7798,10757360,10757360,11,100,2023-11-17,2024-10-13,,2,76.8,VEND361,1
WRK01002,Road Construction - Cuttack Central,Road Construction,Odisha,Cuttack,Cuttack Central,21.0753,84.5805,2262790,1040883,53,46,2024-02-10,2025-01-01,,4,16.8,VEND390,0
WRK03778,Streetlight Installation - Muzaffarpur Urban,Streetlight Installation,Bihar,Muzaffarpur,Muzaffarpur Urban,25.6562,86.2469,1966983,1671935,85,85,2022-06-12,2023-04-14,,4,35.7,VEND238,0
WRK03465,Anganwadi Centre - Dibrugarh Rural,Anganwadi Centre,Assam,Dibrugarh,Dibrugarh Rural,26.9947,92.3769,1666574,799955,44,48,2024-06-30,2025-11-23,,7,35.7,VEND266,0
WRK01952,Irrigation Canal - Bhubaneswar East,Irrigation Canal,Odisha,Bhubaneswar,Bhubaneswar East,20.5949,84.1494,1160471,777515,68,67,2023-06-04,2024-07-24,,11,34.2,VEND180,0
WRK02143,Community Hall - Warangal Urban,Community Hall,Telangana,Warangal,Warangal Urban,17.7163,79.5358,15977437,5751877,44,36,2022-12-22,2023-04-24,,11,43.0,VEND310,0
WRK00310,Community Hall - Nashik South,Community Hall,Maharashtra,Nashik,Nashik South,20.5577,76.8148,1819372,927879,46,51,2023-10-21,2024-09-01,,5,20.1,VEND344,0
WRK00973,Public Toilet Complex - Cuttack East,Public Toilet Complex,Odisha,Cuttack,Cuttack East,19.8614,85.2276,539941,302366,57,56,2024-04-01,2024-09-23,,12,44.1,VEND204,0
WRK01309,Public Toilet Complex - Gwalior Urban,Public Toilet Complex,Madhya Pradesh,Gwalior,Gwalior Urban,23.0405,78.8813,4198989,251939,6,6,2024-01-30,2025-06-03,,12,14.1,VEND265,0
WRK00333,Water Supply Scheme - Indore North,Water Supply Scheme,Madhya Pradesh,Indore,Indore North,24.0812,78.5542,17311995,9175357,59,53,2022-12-16,2023-09-12,,10,42.3,VEND142,0
WRK01226,Water Supply Scheme - Belagavi North,Water Supply Scheme,Karnataka,Belagavi,Belagavi North,15.0684,75.0634,1614620,678140,38,42,2022-08-17,2023-10-30,,5,13.9,VEND343,0
WRK01661,Streetlight Installation - Kochi Central,Streetlight Installation,Kerala,Kochi,Kochi Central,10.2647,75.1579,9643265,4628767,56,48,2023-09-02,2024-07-09,,11,16.0,VEND014,0
WRK01211,Community Hall - Rourkela Urban,Community Hall,Odisha,Rourkela,Rourkela Urban,20.4701,85.2305,11382614,9447569,80,83,2023-05-17,2023-11-17,,6,43.0,VEND216,0
WRK00442,Streetlight Installation - Guwahati Central,Streetlight Installation,Assam,Guwahati,Guwahati Central,25.9939,93.6861,4774157,4774157,95,100,2022-11-05,2024-02-06,,7,42.8,VEND273,0
WRK02116,Public Toilet Complex - Vellore West,Public Toilet Complex,Tamil Nadu,Vellore,Vellore West,12.0257,78.9581,1626919,0,0,0,2024-09-01,2025-02-22,,7,29.1,VEND345,0
WRK02968,School Building - Lucknow Central,School Building,Uttar Pradesh,Lucknow,Lucknow Central,27.7594,80.5068,562342,410509,80,73,2024-04-05,2024-12-18,,4,33.8,VEND076,0
WRK02819,Anganwadi Centre - Jabalpur West,Anganwadi Centre,Madhya Pradesh,Jabalpur,Jabalpur West,24.4178,79.009,10811131,2054114,26,19,2024-03-05,2024-11-12,,4,41.5,VEND169,0
WRK00690,Irrigation Canal - Bikaner East,Irrigation Canal,Rajasthan,Bikaner,Bikaner East,26.7703,74.2743,7253360,1523205,26,21,2023-10-04,2024-10-19,,3,18.3,VEND097,0
WRK01698,Drainage Project - Bengaluru Urban South,Drainage Project,Karnataka,Bengaluru Urban,Bengaluru Urban South,15.6978,75.7592,14027992,1963918,11,14,2024-03-27,2024-09-14,,11,38.5,VEND129,0
WRK03069,Water Supply Scheme - Patiala West,Water Supply Scheme,Punjab,Patiala,Patiala West,32.1723,74.3411,815113,171173,27,21,2022-10-19,2024-01-27,,3,19.2,VEND135,0
WRK00764,Water Supply Scheme - Pune West,Water Supply Scheme,Maharashtra,Pune,Pune West,20.1917,76.4611,20274324,18246891,89,90,2024-05-06,2025-05-31,,10,24.4,VEND173,0
WRK02454,Anganwadi Centre - Panipat Urban,Anganwadi Centre,Haryana,Panipat,Panipat Urban,27.8543,75.3852,10948910,10948910,9,100,2023-08-19,2024-10-15,,2,53.6,VEND042,1
WRK02066,Drainage Project - Thrissur South,Drainage Project,Kerala,Thrissur,Thrissur South,11.0629,76.4045,18510257,10550846,51,57,2024-05-01,2025-08-29,,6,30.8,VEND314,0
WRK03350,Streetlight Installation - Varanasi Central,Streetlight Installation,Uttar Pradesh,Varanasi,Varanasi Central,27.101,81.6607,2271496,477014,27,21,2022-12-31,2024-02-12,,9,33.4,VEND003,0
WRK03254,Road Construction - Jabalpur Central,Road Construction,Madhya Pradesh,Jabalpur,Jabalpur Central,22.8819,79.159,12274228,7364536,67,60,2022-09-14,2023-11-24,,11,29.1,VEND271,0
WRK02071,Road Construction - Lucknow North,Road Construction,Uttar Pradesh,Lucknow,Lucknow North,25.7993,80.1585,449512,373094,75,83,2023-12-03,2025-05-23,,7,34.0,VEND128,0
WRK01664,Water Supply Scheme - Jalandhar Urban,Water Supply Scheme,Punjab,Jalandhar,Jalandhar Urban,31.3584,76.4601,12059815,7477085,54,62,2023-12-06,2025-03-13,,5,26.2,VEND386,0
WRK03125,Drainage Project - Patna Central,Drainage Project,Bihar,Patna,Patna Central,25.1215,85.4807,4136703,3267995,73,79,2024-06-03,2025-01-29,,9,34.4,VEND027,0
WRK01298,Anganwadi Centre - Thrissur Central,Anganwadi Centre,Kerala,Thrissur,Thrissur Central,9.9284,75.1673,3507174,1718515,44,49,2022-11-11,2023-12-31,,4,17.9,VEND330,0
WRK01702,Community Hall - Mysuru North,Community Hall,Karnataka,Mysuru,Mysuru North,14.5549,76.6414,835509,300783,29,36,2023-09-24,2024-05-29,,8,18.0,VEND178,0
WRK00017,Water Supply Scheme - Hyderabad East,Water Supply Scheme,Telangana,Hyderabad,Hyderabad East,18.0025,78.6382,403127,0,7,0,2024-06-30,2025-04-11,,5,30.5,VEND073,0
WRK02158,Health Sub-Centre - Kolkata South,Health Sub-Centre,West Bengal,Kolkata,Kolkata South,22.1604,87.4012,4892663,4892663,91,100,2023-12-22,2025-04-28,,3,69.5,VEND116,1
WRK01059,Irrigation Canal - Thiruvananthapuram Urban,Irrigation Canal,Kerala,Thiruvananthapuram,Thiruvananthapuram Urban,11.1209,76.4243,8590803,1632252,20,19,2024-08-05,2025-05-21,,10,35.3,VEND036,0
WRK00641,Road Construction - Pune North,Road Construction,Maharashtra,Pune,Pune North,19.9451,75.9194,11824188,11351220,93,96,2024-08-30,2025-09-10,,10,24.2,VEND213,0
WRK03187,Health Sub-Centre - Thiruvananthapuram South,Health Sub-Centre,Kerala,Thiruvananthapuram,Thiruvananthapuram South,11.8917,76.1601,17876100,3932742,21,22,2023-08-29,2024-07-19,,3,33.6,VEND228,0
WRK03308,Public Toilet Complex - Patiala East,Public Toilet Complex,Punjab,Patiala,Patiala East,31.5067,74.882,23969174,16538730,63,69,2024-02-20,2025-06-26,,3,12.0,VEND287,0
WRK02166,Community Hall - Gurugram East,Community Hall,Haryana,Gurugram,Gurugram East,29.0484,75.5078,6705838,938817,22,14,2022-12-10,2023-07-23,,5,18.6,VEND035,0
WRK01166,Health Sub-Centre - Cuttack Central,Health Sub-Centre,Odisha,Cuttack,Cuttack Central,21.5544,85.5158,913313,694117,77,76,2022-07-17,2024-01-01,,8,35.1,VEND331,0
WRK02630,Road Construction - Gurugram East,Road Construction,Haryana,Gurugram,Gurugram East,28.1937,77.0932,6589882,4481119,64,68,2022-06-05,2023-08-28,,3,27.3,VEND088,0
WRK01605,Streetlight Installation - Patna West,Streetlight Installation,Bihar,Patna,Patna West,25.5183,86.0588,1171349,726236,63,62,2024-04-24,2025-09-06,,5,38.3,VEND149,0
WRK03008,Irrigation Canal - Patna East,Irrigation Canal,Bihar,Patna,Patna East,25.98,85.9592,3305365,2611238,33,79,2024-06-23,2025-04-26,,1,97.8,VEND046,1
WRK03547,Drainage Project - Patiala East,Drainage Project,Punjab,Patiala,Patiala East,30.2355,75.5002,16770004,5366401,27,32,2023-12-08,2024-08-19,,6,15.8,VEND019,0
WRK03511,Health Sub-Centre - Indore East,Health Sub-Centre,Madhya Pradesh,Indore,Indore East,22.7926,79.7451,17621624,352432,9,2,2023-09-03,2024-09-18,,11,36.5,VEND069,0
WRK01187,Streetlight Installation - Rajkot East,Streetlight Installation,Gujarat,Rajkot,Rajkot East,22.8352,70.2521,12585046,3649663,36,29,2024-06-14,2025-11-10,,11,39.1,VEND097,0
WRK03357,Streetlight Installation - Bhubaneswar Central,Streetlight Installation,Odisha,Bhubaneswar,Bhubaneswar Central,20.1821,85.6582,477443,453570,33,95,2024-05-26,2025-07-01,,3,60.0,VEND294,1
WRK01725,Health Sub-Centre - Belagavi South,Health Sub-Centre,Karnataka,Belagavi,Belagavi South,15.1606,74.8428,2231979,267837,11,12,2023-04-28,2024-10-06,,3,42.1,VEND121,0
WRK02130,Community Hall - Hyderabad South,Community Hall,Telangana,Hyderabad,Hyderabad South,17.815,80.0865,7771727,7771727,97,100,2023-11-28,2024-10-03,,11,13.4,VEND186,0
WRK00615,Road Construction - Howrah Central,Road Construction,West Bengal,Howrah,Howrah Central,23.7331,87.8746,3096265,464439,9,15,2023-07-18,2023-11-28,,9,22.0,VEND205,0
WRK01499,Community Hall - Bhopal Rural,Community Hall,Madhya Pradesh,Bhopal,Bhopal Rural,23.0241,77.4458,1606895,337447,17,21,2023-08-18,2024-04-04,,8,45.0,VEND021,0
WRK02786,Streetlight Installation - Udaipur Urban,Streetlight Installation,Rajasthan,Udaipur,Udaipur Urban,26.3627,74.7559,1133781,952376,79,84,2024-02-26,2024-10-26,,5,42.0,VEND035,0
WRK02361,Irrigation Canal - Gaya North,Irrigation Canal,Bihar,Gaya,Gaya North,25.5127,84.2036,1078195,323458,34,30,2023-01-31,2024-07-18,,6,27.9,VEND211,0
WRK01717,Public Toilet Complex - Kozhikode Urban,Public Toilet Complex,Kerala,Kozhikode,Kozhikode Urban,9.8365,75.557,7098474,5962718,79,84,2024-04-22,2025-03-05,,12,28.5,VEND398,0
WRK03562,Community Hall - Nashik East,Community Hall,Maharashtra,Nashik,Nashik East,19.8973,74.9755,2530233,683162,22,27,2024-06-28,2024-12-09,,9,24.4,VEND204,0
WRK00422,Water Supply Scheme - Rourkela North,Water Supply Scheme,Odisha,Rourkela,Rourkela North,21.796,84.1882,7990283,2157376,25,27,2022-06-06,2023-04-08,,6,30.8,VEND207,0
WRK03351,School Building - Hyderabad Central,School Building,Telangana,Hyderabad,Hyderabad Central,18.9668,78.955,2285040,45700,1,2,2022-05-05,2023-07-07,,11,28.2,VEND203,0
WRK02080,Community Hall - Gorakhpur East,Community Hall,Uttar Pradesh,Gorakhpur,Gorakhpur East,26.1607,81.5681,1024460,194647,20,19,2023-05-27,2024-03-01,,8,44.9,VEND009,0
WRK01967,Anganwadi Centre - Hubballi East,Anganwadi Centre,Karnataka,Hubballi,Hubballi East,15.9434,76.2933,524163,131040,19,25,2022-11-29,2023-04-05,,8,42.0,VEND025,0
WRK03954,Anganwadi Centre - Erode South,Anganwadi Centre,Tamil Nadu,Erode,Erode South,11.2565,78.8674,15983976,9110866,56,57,2022-04-15,2023-02-26,,4,21.2,VEND064,0
WRK03943,Public Toilet Complex - Agra South,Public Toilet Complex,Uttar Pradesh,Agra,Agra South,25.6322,81.7241,8497786,4333870,48,51,2022-10-01,2023-12-28,,12,41.3,VEND097,0
WRK03194,Water Supply Scheme - Siliguri Urban,Water Supply Scheme,West Bengal,Siliguri,Siliguri Urban,23.5755,87.637,7515839,5486562,66,73,2024-07-21,2025-09-08,,11,40.3,VEND368,0
WRK03986,Water Supply Scheme - Tiruchirappalli Urban,Water Supply Scheme,Tamil Nadu,Tiruchirappalli,Tiruchirappalli Urban,10.3046,78.3464,420386,0,2,0,2023-07-25,2024-03-05,,5,20.8,VEND269,0
WRK00918,Road Construction - Surat South,Road Construction,Gujarat,Surat,Surat South,22.2546,71.0301,19940552,17348280,87,87,2023-01-13,2024-06-25,,4,45.0,VEND395,0
WRK00586,Anganwadi Centre - Udaipur Central,Anganwadi Centre,Rajasthan,Udaipur,Udaipur Central,25.8881,73.2593,11210342,336310,5,3,2024-01-12,2024-09-13,,11,20.3,VEND077,0
WRK02435,Anganwadi Centre - Patna South,Anganwadi Centre,Bihar,Patna,Patna South,26.9778,84.0879,2835759,2325322,84,82,2024-07-20,2025-09-09,,6,42.4,VEND370,0
WRK02472,Irrigation Canal - Salem Central,Irrigation Canal,Tamil Nadu,Salem,Salem Central,11.1318,78.8092,2794703,55894,10,2,2024-02-08,2025-05-09,,3,39.7,VEND336,0
WRK03542,Road Construction - Surat South,Road Construction,Gujarat,Surat,Surat South,22.9604,71.1407,23943227,5985806,26,25,2022-11-18,2023-11-12,,10,34.7,VEND397,0
WRK03988,Anganwadi Centre - Warangal Urban,Anganwadi Centre,Telangana,Warangal,Warangal Urban,18.908,80.4785,4610339,3642167,71,79,2022-06-22,2022-12-18,,5,10.5,VEND125,0
WRK00077,Community Hall - Belagavi Rural,Community Hall,Karnataka,Belagavi,Belagavi Rural,14.5665,75.4872,2109943,822877,33,39,2023-07-12,2024-04-08,,3,13.5,VEND090,0
WRK00191,Public Toilet Complex - Dibrugarh West,Public Toilet Complex,Assam,Dibrugarh,Dibrugarh West,26.3028,92.7357,2102166,1093126,56,52,2023-01-04,2024-02-08,,11,16.2,VEND306,0
WRK03094,Public Toilet Complex - Kozhikode South,Public Toilet Complex,Kerala,Kozhikode,Kozhikode South,9.7293,75.1672,5224299,4179439,86,80,2023-07-26,2024-03-31,,9,33.9,VEND083,0
WRK00719,Streetlight Installation - Patna West,Streetlight Installation,Bihar,Patna,Patna West,25.088,85.0446,2696808,2534999,25,94,2023-01-22,2023-10-13,,2,77.4,VEND079,1
WRK00998,Road Construction - Cuttack East,Road Construction,Odisha,Cuttack,Cuttack East,21.3259,84.8283,1129788,1107192,91,98,2023-11-07,2024-03-21,,12,32.1,VEND252,0
WRK02244,Water Supply Scheme - Jalandhar Central,Water Supply Scheme,Punjab,Jalandhar,Jalandhar Central,30.714,74.3666,16629533,9811424,59,59,2024-01-17,2025-04-12,,4,12.6,VEND277,0
WRK02886,Water Supply Scheme - Nagpur Urban,Water Supply Scheme,Maharashtra,Nagpur,Nagpur Urban,19.2201,75.176,2212438,110621,10,5,2024-07-03,2025-05-12,,12,27.1,VEND329,0
WRK02379,Water Supply Scheme - Guwahati West,Water Supply Scheme,Assam,Guwahati,Guwahati West,25.3335,92.3058,6927148,3740659,58,54,2022-11-28,2023-06-04,,6,32.9,VEND061,0
WRK02246,Water Supply Scheme - Chennai Central,Water Supply Scheme,Tamil Nadu,Chennai,Chennai Central,11.4813,78.7595,12096649,3024162,30,25,2024-08-08,2024-12-14,,10,12.0,VEND388,0
WRK03631,School Building - Kolkata Urban,School Building,West Bengal,Kolkata,Kolkata Urban,22.3189,86.8261,30068996,29768306,96,99,2022-11-08,2024-04-28,,3,63.2,VEND146,1
WRK00002,Irrigation Canal - Silchar Rural,Irrigation Canal,Assam,Silchar,Silchar Rural,25.3744,92.0744,22403696,21283511,92,95,2022-05-12,2022-12-28,,3,78.7,VEND203,1
WRK01356,School Building - Bhopal North,School Building,Madhya Pradesh,Bhopal,Bhopal North,22.3129,77.4467,3127076,3033263,100,97,2023-01-01,2024-06-22,2024-07-11,4,37.3,VEND284,0
WRK02993,Water Supply Scheme - Kalaburagi West,Water Supply Scheme,Karnataka,Kalaburagi,Kalaburagi West,14.7856,76.5754,2713352,2387749,85,88,2024-08-13,2025-01-18,,9,18.3,VEND068,0
WRK01408,Streetlight Installation - Tiruchirappalli Urban,Streetlight Installation,Tamil Nadu,Tiruchirappalli,Tiruchirappalli Urban,10.7011,78.7904,8696626,434831,0,5,2022-12-01,2023-10-20,,3,43.6,VEND141,0
WRK01906,Streetlight Installation - Ahmedabad Urban,Streetlight Installation,Gujarat,Ahmedabad,Ahmedabad Urban,22.8255,70.3037,4232547,4020919,88,95,2024-01-18,2025-04-07,,8,38.9,VEND212,0
WRK00640,Public Toilet Complex - Vadodara West,Public Toilet Complex,Gujarat,Vadodara,Vadodara West,22.7417,72.0467,977382,107512,9,11,2023-12-12,2024-12-12,,5,35.0,VEND101,0
WRK00376,Streetlight Installation - Udaipur West,Streetlight Installation,Rajasthan,Udaipur,Udaipur West,27.1068,73.0138,473292,104124,15,22,2023-08-27,2024-09-19,,11,33.7,VEND273,0
WRK02384,Irrigation Canal - Thiruvananthapuram East,Irrigation Canal,Kerala,Thiruvananthapuram,Thiruvananthapuram East,9.7784,77.3457,1766419,989194,63,56,2022-06-06,2023-03-17,,11,30.3,VEND190,0
WRK02651,Drainage Project - Bikaner North,Drainage Project,Rajasthan,Bikaner,Bikaner North,26.6308,73.8119,4730050,1986621,45,42,2022-09-18,2023-08-09,,10,38.6,VEND077,0
WRK03765,Road Construction - Nizamabad Urban,Road Construction,Telangana,Nizamabad,Nizamabad Urban,17.3454,78.4345,13843761,13843761,13,100,2023-03-08,2024-03-13,,2,67.9,VEND106,1
WRK01385,Drainage Project - Udaipur North,Drainage Project,Rajasthan,Udaipur,Udaipur North,27.4563,75.0099,23112097,15253984,62,66,2022-11-28,2023-12-02,,12,17.5,VEND221,0
WRK00190,Public Toilet Complex - Surat South,Public Toilet Complex,Gujarat,Surat,Surat South,21.9213,71.2045,13374152,0,3,0,2024-08-06,2025-03-01,,8,40.1,VEND167,0
WRK01516,Community Hall - Varanasi East,Community Hall,Uttar Pradesh,Varanasi,Varanasi East,27.0059,79.9628,9225769,9225769,13,100,2023-08-02,2024-11-05,,2,48.5,VEND331,1
WRK03682,Streetlight Installation - Hyderabad East,Streetlight Installation,Telangana,Hyderabad,Hyderabad East,17.791,79.4818,9394096,6294044,65,67,2024-07-03,2025-04-12,,12,16.7,VEND292,0
WRK00354,Drainage Project - Bhopal Rural,Drainage Project,Madhya Pradesh,Bhopal,Bhopal Rural,22.7969,78.8811,450505,0,0,0,2023-03-23,2024-02-20,,6,14.1,VEND272,0
WRK02251,Anganwadi Centre - Tiruchirappalli Central,Anganwadi Centre,Tamil Nadu,Tiruchirappalli,Tiruchirappalli Central,11.548,79.4193,7100141,5254104,20,74,2024-01-25,2025-06-17,,2,77.3,VEND163,1
WRK03328,Water Supply Scheme - Gurugram West,Water Supply Scheme,Haryana,Gurugram,Gurugram West,28.6533,76.9595,19713081,18530296,96,94,2022-10-08,2023-07-27,,4,11.2,VEND118,0
WRK01629,Road Construction - Hyderabad South,Road Construction,Telangana,Hyderabad,Hyderabad South,17.8177,78.8766,1032857,939899,95,91,2022-12-22,2023-05-29,,3,14.9,VEND247,0
WRK02074,Road Construction - Jalandhar Urban,Road Construction,Punjab,Jalandhar,Jalandhar Urban,30.3739,75.604,999847,279957,26,28,2022-06-10,2023-04-11,,6,19.7,VEND211,0
WRK02707,Streetlight Installation - Pune North,Streetlight Installation,Maharashtra,Pune,Pune North,19.2722,74.6801,7119840,2847936,35,40,2022-08-06,2023-01-29,,8,44.6,VEND183,0
WRK02165,Drainage Project - Hyderabad East,Drainage Project,Telangana,Hyderabad,Hyderabad East,18.6285,80.6895,4873554,4532405,18,93,2024-07-12,2025-03-10,,2,63.4,VEND089,1
WRK01471,School Building - Bikaner Central,School Building,Rajasthan,Bikaner,Bikaner Central,28.1799,73.3927,2408208,915119,42,38,2022-12-22,2023-09-01,,5,11.5,VEND252,0
WRK03911,Anganwadi Centre - Patna West,Anganwadi Centre,Bihar,Patna,Patna West,25.8184,85.4279,17460777,13794013,75,79,2024-04-24,2025-09-06,,4,35.4,VEND194,0
WRK03258,School Building - Panipat Rural,School Building,Haryana,Panipat,Panipat Rural,27.9735,76.585,20904111,0,1,0,2023-08-09,2024-01-19,,11,41.6,VEND048,0
WRK01518,Health Sub-Centre - Bhopal Central,Health Sub-Centre,Madhya Pradesh,Bhopal,Bhopal Central,24.0644,79.0162,840183,705753,90,84,2023-10-31,2024-12-21,,7,20.0,VEND094,0
WRK03253,School Building - Coimbatore Central,School Building,Tamil Nadu,Coimbatore,Coimbatore Central,11.3762,77.7619,2868204,2868204,2,100,2024-03-13,2025-07-08,,3,41.6,VEND149,1
WRK02643,Drainage Project - Tirunelveli North,Drainage Project,Tamil Nadu,Tirunelveli,Tirunelveli North,10.9009,78.2411,8766411,876641,7,10,2023-02-21,2024-08-03,,3,30.9,VEND273,0
WRK03478,School Building - Jabalpur Urban,School Building,Madhya Pradesh,Jabalpur,Jabalpur Urban,24.5248,79.0132,17314570,0,2,0,2022-05-25,2022-11-06,,10,25.3,VEND248,0
WRK02094,Anganwadi Centre - Jaipur North,Anganwadi Centre,Rajasthan,Jaipur,Jaipur North,25.8043,73.5372,17945917,11844305,65,66,2022-07-21,2024-01-04,,11,29.8,VEND155,0
WRK02944,Water Supply Scheme - Kalaburagi North,Water Supply Scheme,Karnataka,Kalaburagi,Kalaburagi North,14.8774,75.7338,7536855,3090110,39,41,2023-09-22,2024-09-25,,4,15.3,VEND011,0
WRK01383,Irrigation Canal - Cuttack West,Irrigation Canal,Odisha,Cuttack,Cuttack West,20.33,85.1949,17951962,1615676,10,9,2023-03-06,2023-12-04,,5,31.8,VEND340,0
WRK01206,Community Hall - Gurugram Rural,Community Hall,Haryana,Gurugram,Gurugram Rural,29.0186,75.1321,14380530,0,0,0,2022-04-07,2023-02-16,,9,36.9,VEND062,0
WRK02254,Public Toilet Complex - Silchar East,Public Toilet Complex,Assam,Silchar,Silchar East,25.2075,93.5226,10308213,1855478,15,18,2023-10-12,2024-04-24,,12,25.8,VEND256,0
WRK01028,School Building - Hyderabad East,School Building,Telangana,Hyderabad,Hyderabad East,17.2916,80.6425,3463303,0,1,0,2024-02-01,2024-12-24,,8,14.5,VEND260,0
WRK03779,Road Construction - Patiala West,Road Construction,Punjab,Patiala,Patiala West,32.2557,74.5784,3431307,1784279,53,52,2023-01-29,2023-11-06,,12,13.0,VEND051,0
WRK01817,Drainage Project - Amritsar Rural,Drainage Project,Punjab,Amritsar,Amritsar Rural,30.6717,76.4958,10453607,1463504,10,14,2024-07-19,2025-11-15,,7,17.7,VEND287,0
WRK02655,Health Sub-Centre - Jalandhar East,Health Sub-Centre,Punjab,Jalandhar,Jalandhar East,32.0443,74.566,5951209,5118039,87,86,2023-02-15,2024-07-05,,10,34.4,VEND392,0
WRK02347,Drainage Project - Silchar Central,Drainage Project,Assam,Silchar,Silchar Central,26.1028,94.0803,4621660,878115,22,19,2023-08-23,2024-05-22,,8,23.9,VEND237,0
WRK03102,Public Toilet Complex - Gwalior Urban,Public Toilet Complex,Madhya Pradesh,Gwalior,Gwalior Urban,22.7675,78.229,16812375,14626766,86,87,2023-07-27,2024-11-30,,3,18.7,VEND001,0
WRK03220,Community Hall - Kochi Urban,Community Hall,Kerala,Kochi,Kochi Urban,10.2844,77.1615,6816605,5725948,81,84,2022-12-29,2024-03-19,,8,26.8,VEND176,0
WRK01484,Streetlight Installation - Silchar Central,Streetlight Installation,Assam,Silchar,Silchar Central,25.8263,91.8482,459884,423093,100,92,2023-12-24,2024-10-20,2024-11-13,11,16.5,VEND034,0
WRK02112,Public Toilet Complex - Vellore South,Public Toilet Complex,Tamil Nadu,Vellore,Vellore South,10.2121,78.1864,4171199,2669567,56,64,2023-09-24,2025-01-02,,3,26.5,VEND400,0
WRK03975,Health Sub-Centre - Kanpur Central,Health Sub-Centre,Uttar Pradesh,Kanpur,Kanpur Central,26.5099,80.8489,22936252,4357887,23,19,2023-05-31,2024-01-02,,7,41.7,VEND039,0
WRK01293,Public Toilet Complex - Faridabad Rural,Public Toilet Complex,Haryana,Faridabad,Faridabad Rural,29.2813,77.1276,4248214,2081624,55,49,2023-05-23,2024-03-22,,12,18.9,VEND071,0
WRK00853,Road Construction - Gurugram South,Road Construction,Haryana,Gurugram,Gurugram South,29.1153,76.0506,10709893,5569144,60,52,2023-11-30,2024-09-25,,10,40.6,VEND242,0
WRK02808,Public Toilet Complex - Chennai Urban,Public Toilet Complex,Tamil Nadu,Chennai,Chennai Urban,10.9755,79.6501,2780356,556071,20,20,2024-01-12,2024-07-17,,5,38.0,VEND064,0
WRK01618,Water Supply Scheme - Nashik North,Water Supply Scheme,Maharashtra,Nashik,Nashik North,20.144,76.1986,415344,49841,14,12,2024-04-19,2024-11-02,,5,14.1,VEND352,0
WRK03416,Streetlight Installation - Pune Rural,Streetlight Installation,Maharashtra,Pune,Pune Rural,18.5928,74.9402,16682637,3503353,19,21,2024-07-22,2025-10-05,,7,20.3,VEND096,0
WRK03650,Community Hall - Kota Urban,Community Hall,Rajasthan,Kota,Kota Urban,26.952,74.9852,1839753,1490199,78,81,2022-06-20,2023-07-11,,12,18.2,VEND042,0
WRK03312,Irrigation Canal - Kochi Urban,Irrigation Canal,Kerala,Kochi,Kochi Urban,10.6286,75.8601,1609484,836931,58,52,2024-01-23,2024-11-22,,9,20.8,VEND389,0
WRK03530,Community Hall - Mumbai Rural,Community Hall,Maharashtra,Mumbai,Mumbai Rural,18.5328,75.3523,1107415,963451,81,87,2023-10-09,2024-11-18,,11,15.9,VEND336,0
WRK03930,Irrigation Canal - Dibrugarh East,Irrigation Canal,Assam,Dibrugarh,Dibrugarh East,27.0034,91.7795,19454822,13034730,64,67,2023-01-26,2023-06-26,,12,32.2,VEND165,0
WRK00141,Water Supply Scheme - Howrah South,Water Supply Scheme,West Bengal,Howrah,Howrah South,23.3898,87.1111,8375243,6030174,77,72,2022-09-09,2023-07-11,,6,24.5,VEND170,0
WRK01590,Drainage Project - Ludhiana East,Drainage Project,Punjab,Ludhiana,Ludhiana East,31.7935,75.7363,6794619,4824179,67,71,2023-01-17,2024-02-07,,9,30.5,VEND367,0
WRK03900,Community Hall - Thrissur South,Community Hall,Kerala,Thrissur,Thrissur South,11.8533,77.3825,9859446,5028317,58,51,2022-10-17,2023-08-19,,7,19.7,VEND187,0
WRK00821,Community Hall - Jabalpur South,Community Hall,Madhya Pradesh,Jabalpur,Jabalpur South,22.9647,79.5685,8170787,4984180,55,61,2024-04-09,2025-04-13,,9,30.9,VEND140,0
WRK03379,Irrigation Canal - Mysuru East,Irrigation Canal,Karnataka,Mysuru,Mysuru East,15.1345,75.2337,6632588,6632588,1,100,2023-03-28,2023-10-17,,4,41.7,VEND027,1
WRK03673,School Building - Kolkata South,School Building,West Bengal,Kolkata,Kolkata South,23.9682,88.9683,15522155,7450634,46,48,2022-11-27,2023-09-15,,10,30.0,VEND069,0
WRK02137,Water Supply Scheme - Nashik North,Water Supply Scheme,Maharashtra,Nashik,Nashik North,20.6412,75.6291,23997661,10079017,42,42,2023-10-29,2024-05-24,,9,34.0,VEND207,0
WRK01137,Road Construction - Gaya East,Road Construction,Bihar,Gaya,Gaya East,26.1821,84.3987,8449457,4816190,49,57,2023-05-16,2024-02-11,,9,41.3,VEND240,0
WRK01818,Drainage Project - Jodhpur South,Drainage Project,Rajasthan,Jodhpur,Jodhpur South,26.428,73.1608,38017720,36116834,100,95,2023-07-16,2024-02-16,2024-02-17,3,49.0,VEND134,1
WRK00230,Road Construction - Patna Urban,Road Construction,Bihar,Patna,Patna Urban,26.6619,84.7204,1440481,1411671,96,98,2024-05-29,2025-03-16,,2,74.8,VEND117,1
WRK03506,Anganwadi Centre - Kota Rural,Anganwadi Centre,Rajasthan,Kota,Kota Rural,25.8015,74.12,16766113,16766113,100,100,2024-06-01,2025-06-26,2025-07-23,4,21.8,VEND174,0
WRK03955,Public Toilet Complex - Cuttack East,Public Toilet Complex,Odisha,Cuttack,Cuttack East,21.8889,84.9054,595822,89373,20,15,2023-08-02,2024-07-10,,9,43.6,VEND288,0
WRK02699,Public Toilet Complex - Gwalior Central,Public Toilet Complex,Madhya Pradesh,Gwalior,Gwalior Central,22.5055,78.9588,3011867,933678,27,31,2023-08-08,2023-12-17,,11,29.6,VEND119,0
WRK00025,Public Toilet Complex - Faridabad East,Public Toilet Complex,Haryana,Faridabad,Faridabad East,28.9851,76.0546,1625143,975085,61,60,2023-04-20,2023-10-08,,5,25.8,VEND018,0
WRK01119,Streetlight Installation - Hyderabad North,Streetlight Installation,Telangana,Hyderabad,Hyderabad North,18.6671,80.2796,5527384,2984787,51,54,2022-10-26,2023-07-29,,7,31.8,VEND015,0
WRK00629,Road Construction - Meerut Central,Road Construction,Uttar Pradesh,Meerut,Meerut Central,25.9613,81.6602,2882134,2103957,78,73,2022-11-25,2023-04-04,,7,18.3,VEND220,0
WRK01472,Community Hall - Guwahati South,Community Hall,Assam,Guwahati,Guwahati South,26.1208,93.3456,8527227,7589232,26,89,2024-03-16,2025-06-04,,5,42.9,VEND370,1
WRK00262,Public Toilet Complex - Aurangabad Rural,Public Toilet Complex,Maharashtra,Aurangabad,Aurangabad Rural,19.7726,75.5585,8261425,4461169,52,54,2022-08-17,2023-07-04,,10,10.9,VEND233,0
WRK01389,Irrigation Canal - Jalandhar Rural,Irrigation Canal,Punjab,Jalandhar,Jalandhar Rural,29.9163,75.9333,9644453,2121779,21,22,2022-06-29,2022-11-16,,8,13.5,VEND299,0
WRK01696,Water Supply Scheme - Gaya Urban,Water Supply Scheme,Bihar,Gaya,Gaya Urban,26.5412,86.2345,8617210,1723442,19,20,2022-07-31,2023-02-25,,5,43.7,VEND232,0
WRK00009,Streetlight Installation - Prayagraj East,Streetlight Installation,Uttar Pradesh,Prayagraj,Prayagraj East,26.9519,80.625,4461787,2409364,61,54,2023-05-27,2024-07-01,,4,19.8,VEND071,0
WRK01607,Irrigation Canal - Nashik Central,Irrigation Canal,Maharashtra,Nashik,Nashik Central,20.3602,75.9926,568736,113747,23,20,2023-06-24,2023-10-23,,10,12.4,VEND029,0
WRK01067,Health Sub-Centre - Faridabad Central,Health Sub-Centre,Haryana,Faridabad,Faridabad Central,29.399,77.1732,19119197,6882910,39,36,2024-03-31,2024-12-25,,12,32.2,VEND244,0
WRK01903,Water Supply Scheme - Varanasi Rural,Water Supply Scheme,Uttar Pradesh,Varanasi,Varanasi Rural,26.1057,80.2461,407034,284923,69,70,2022-05-18,2022-11-19,,10,12.4,VEND298,0
WRK03846,Community Hall - Nizamabad Rural,Community Hall,Telangana,Nizamabad,Nizamabad Rural,18.3522,78.9537,584929,216423,32,37,2022-12-16,2024-03-06,,9,23.9,VEND024,0
WRK01714,Anganwadi Centre - Thiruvananthapuram Urban,Anganwadi Centre,Kerala,Thiruvananthapuram,Thiruvananthapuram Urban,11.0641,75.918,1039683,1008492,94,97,2023-03-20,2023-10-14,,4,50.5,VEND219,1
WRK00401,Streetlight Installation - Bhagalpur Rural,Streetlight Installation,Bihar,Bhagalpur,Bhagalpur Rural,26.0121,84.4567,19974134,3595344,15,18,2024-03-11,2025-08-31,,11,35.7,VEND009,0
WRK02932,Road Construction - Bhubaneswar Rural,Road Construction,Odisha,Bhubaneswar,Bhubaneswar Rural,21.1925,83.8599,4861522,1944608,44,40,2023-05-14,2024-07-20,,6,21.9,VEND276,0
WRK01995,School Building - Gwalior Central,School Building,Madhya Pradesh,Gwalior,Gwalior Central,24.4415,77.8882,9138633,2741589,26,30,2023-02-12,2023-10-04,,5,30.6,VEND295,0
WRK01540,Drainage Project - Rourkela North,Drainage Project,Odisha,Rourkela,Rourkela North,21.9426,84.2957,16520853,11068971,67,67,2022-04-24,2023-03-13,,4,44.0,VEND102,0
WRK02393,Public Toilet Complex - Gwalior Urban,Public Toilet Complex,Madhya Pradesh,Gwalior,Gwalior Urban,23.8482,78.6482,2037343,529709,28,26,2024-06-10,2025-10-16,,8,22.4,VEND229,0
WRK03127,Drainage Project - Silchar Rural,Drainage Project,Assam,Silchar,Silchar Rural,26.8631,93.4239,10036008,4616563,40,46,2024-06-09,2025-02-25,,7,40.4,VEND159,0
WRK00039,Streetlight Installation - Udaipur Central,Streetlight Installation,Rajasthan,Udaipur,Udaipur Central,26.8747,74.3269,10688542,10367885,89,97,2022-04-13,2023-09-17,,9,13.9,VEND077,0
WRK02157,Road Construction - Gaya Central,Road Construction,Bihar,Gaya,Gaya Central,24.8537,85.9698,14519632,9437760,72,65,2023-10-05,2024-05-25,,9,36.5,VEND167,0
WRK00865,Drainage Project - Amritsar North,Drainage Project,Punjab,Amritsar,Amritsar North,30.0515,75.9643,2953827,886148,25,30,2022-08-25,2024-01-02,,12,42.1,VEND149,0
WRK03694,Public Toilet Complex - Salem Central,Public Toilet Complex,Tamil Nadu,Salem,Salem Central,10.1119,79.7901,7856286,392814,10,5,2023-05-30,2024-05-24,,3,44.3,VEND258,0
WRK02362,Health Sub-Centre - Coimbatore North,Health Sub-Centre,Tamil Nadu,Coimbatore,Coimbatore North,11.5767,79.0894,4473960,3042292,69,68,2024-04-18,2024-09-09,,3,44.4,VEND398,0
WRK03588,Public Toilet Complex - Siliguri North,Public Toilet Complex,West Bengal,Siliguri,Siliguri North,24.0542,88.8359,538797,280174,59,52,2022-06-08,2023-09-05,,3,40.5,VEND070,0
WRK02873,Road Construction - Bikaner Rural,Road Construction,Rajasthan,Bikaner,Bikaner Rural,27.4863,75.2627,9760576,8979729,97,92,2024-02-04,2024-06-23,,10,36.2,VEND197,0
WRK00208,Health Sub-Centre - Kalaburagi Central,Health Sub-Centre,Karnataka,Kalaburagi,Kalaburagi Central,15.8862,74.9934,16037056,0,7,0,2024-05-17,2025-07-31,,8,32.6,VEND360,0
WRK01070,Streetlight Installation - Rourkela West,Streetlight Installation,Odisha,Rourkela,Rourkela West,20.8132,84.5681,4611487,1844594,44,40,2023-12-25,2024-07-19,,12,39.8,VEND161,0
WRK02097,Health Sub-Centre - Bhagalpur Central,Health Sub-Centre,Bihar,Bhagalpur,Bhagalpur Central,26.5186,85.2978,15402073,4466601,32,29,2022-09-15,2023-07-14,,3,43.9,VEND338,0
WRK02671,Road Construction - Ludhiana Rural,Road Construction,Punjab,Ludhiana,Ludhiana Rural,30.54,75.8186,21416655,13064159,62,61,2024-04-18,2025-04-30,,12,15.4,VEND051,0
WRK00670,Water Supply Scheme - Nizamabad Urban,Water Supply Scheme,Telangana,Nizamabad,Nizamabad Urban,17.5169,80.5571,18881871,14350221,77,76,2023-09-15,2024-12-17,,4,23.8,VEND276,0
WRK00852,Water Supply Scheme - Nagpur West,Water Supply Scheme,Maharashtra,Nagpur,Nagpur West,19.8162,74.6595,14556425,9461676,60,65,2022-04-14,2023-07-19,,8,10.7,VEND136,0
WRK01655,Streetlight Installation - Bhopal Central,Streetlight Installation,Madhya Pradesh,Bhopal,Bhopal Central,23.3682,79.0856,553270,44261,8,8,2024-07-05,2024-11-09,,5,40.9,VEND339,0
WRK00699,Public Toilet Complex - Gaya East,Public Toilet Complex,Bihar,Gaya,Gaya East,25.427,84.0577,23499027,13629435,51,58,2023-10-17,2024-12-14,,12,14.5,VEND005,0
WRK02882,Health Sub-Centre - Bhubaneswar Urban,Health Sub-Centre,Odisha,Bhubaneswar,Bhubaneswar Urban,19.7817,85.7706,2089850,1212113,55,58,2024-06-01,2025-08-16,,11,38.5,VEND200,0
WRK00294,Road Construction - Madurai West,Road Construction,Tamil Nadu,Madurai,Madurai West,11.882,77.7093,5487016,2578897,50,47,2022-06-28,2023-06-01,,12,41.2,VEND323,0
WRK03601,Community Hall - Prayagraj North,Community Hall,Uttar Pradesh,Prayagraj,Prayagraj North,26.6789,81.0195,1185658,699538,61,59,2024-05-23,2025-07-01,,3,21.2,VEND202,0
WRK00895,Water Supply Scheme - Panipat Urban,Water Supply Scheme,Haryana,Panipat,Panipat Urban,29.2258,76.4863,13384767,12046290,47,90,2024-06-29,2024-11-30,,2,96.2,VEND292,1
WRK01326,School Building - Bhopal West,School Building,Madhya Pradesh,Bhopal,Bhopal West,22.2898,78.6129,5826459,5010754,90,86,2023-10-28,2024-04-08,,3,22.9,VEND202,0
WRK00984,Public Toilet Complex - Bhubaneswar South,Public Toilet Complex,Odisha,Bhubaneswar,Bhubaneswar South,20.3618,84.2902,8573437,257203,1,3,2024-04-02,2025-03-30,,9,16.3,VEND241,0
WRK01113,Health Sub-Centre - Rourkela East,Health Sub-Centre,Odisha,Rourkela,Rourkela East,20.8024,85.6051,567074,113414,26,20,2023-05-31,2024-01-03,,11,22.6,VEND131,0
WRK00632,Anganwadi Centre - Hyderabad Central,Anganwadi Centre,Telangana,Hyderabad,Hyderabad Central,16.7947,79.4413,3488331,976732,36,28,2024-01-24,2025-07-13,,6,39.6,VEND170,0
WRK01968,Health Sub-Centre - Tiruchirappalli North,Health Sub-Centre,Tamil Nadu,Tiruchirappalli,Tiruchirappalli North,11.6256,78.7669,17132169,15076308,26,88,2024-04-07,2025-02-20,,2,89.4,VEND009,1
WRK00213,Water Supply Scheme - Erode Rural,Water Supply Scheme,Tamil Nadu,Erode,Erode Rural,10.7697,78.7934,7104311,3196939,46,45,2022-04-20,2023-07-01,,8,35.2,VEND338,0
WRK03339,Community Hall - Cuttack North,Community Hall,Odisha,Cuttack,Cuttack North,20.1464,84.4114,4720130,3964909,76,84,2022-09-16,2023-03-03,,8,36.5,VEND346,0
WRK01610,Health Sub-Centre - Hyderabad South,Health Sub-Centre,Telangana,Hyderabad,Hyderabad South,16.946,79.5851,921178,783001,92,85,2023-05-12,2024-09-16,,11,16.6,VEND020,0
WRK03822,Public Toilet Complex - Nashik West,Public Toilet Complex,Maharashtra,Nashik,Nashik West,19.0997,75.7855,23271983,6050715,20,26,2022-12-01,2023-09-10,,11,11.6,VEND322,0
WRK01288,School Building - Bhopal Rural,School Building,Madhya Pradesh,Bhopal,Bhopal Rural,22.2996,78.173,9145391,8322305,90,91,2024-05-28,2025-02-15,,10,17.1,VEND137,0
WRK00199,Water Supply Scheme - Varanasi North,Water Supply Scheme,Uttar Pradesh,Varanasi,Varanasi North,27.3188,81.1377,2617917,2303766,15,88,2022-05-21,2023-06-18,,4,50.8,VEND367,1
WRK02923,Water Supply Scheme - Gwalior South,Water Supply Scheme,Madhya Pradesh,Gwalior,Gwalior South,23.6269,78.0981,2163268,1535920,73,71,2023-05-02,2024-08-13,,7,27.7,VEND138,0
WRK03876,Drainage Project - Vellore West,Drainage Project,Tamil Nadu,Vellore,Vellore West,11.0955,79.5544,811597,56811,5,7,2024-02-05,2024-11-01,,11,18.1,VEND168,0
WRK01443,Road Construction - Surat North,Road Construction,Gujarat,Surat,Surat North,21.9518,70.1997,6556814,4458633,67,68,2024-05-06,2025-04-25,,6,24.5,VEND148,0
WRK00524,Streetlight Installation - Nizamabad North,Streetlight Installation,Telangana,Nizamabad,Nizamabad North,17.8095,79.2882,10181727,9672640,24,95,2023-01-31,2024-03-19,,3,72.2,VEND298,1
WRK01935,Water Supply Scheme - Mumbai Central,Water Supply Scheme,Maharashtra,Mumbai,Mumbai Central,20.4454,76.2652,2104680,2104680,5,100,2024-04-02,2025-03-11,,2,47.7,VEND009,1
WRK03828,Public Toilet Complex - Patiala Urban,Public Toilet Complex,Punjab,Patiala,Patiala Urban,30.9412,75.7164,5744819,5400129,20,94,2023-01-17,2024-06-14,,5,69.4,VEND171,1
WRK03655,School Building - Panipat East,School Building,Haryana,Panipat,Panipat East,29.6491,76.7711,438586,140347,32,32,2023-12-17,2025-05-19,,8,19.7,VEND088,0
WRK02831,Road Construction - Varanasi South,Road Construction,Uttar Pradesh,Varanasi,Varanasi South,27.1629,80.2314,4669487,3128556,65,67,2023-06-22,2024-07-07,,9,28.7,VEND153,0
WRK02480,Irrigation Canal - Panipat North,Irrigation Canal,Haryana,Panipat,Panipat North,30.0599,76.8762,15329459,10424032,60,68,2022-11-05,2023-10-14,,8,27.2,VEND151,0
WRK02931,Drainage Project - Indore East,Drainage Project,Madhya Pradesh,Indore,Indore East,23.2019,79.2194,869711,834922,21,96,2023-04-24,2023-09-02,,2,87.0,VEND133,1
WRK03992,Irrigation Canal - Agra Rural,Irrigation Canal,Uttar Pradesh,Agra,Agra Rural,27.708,80.1701,1183875,355162,22,30,2023-02-06,2024-02-06,,4,32.8,VEND082,0
WRK02626,School Building - Dibrugarh East,School Building,Assam,Dibrugarh,Dibrugarh East,25.7444,92.7832,2383409,1191704,56,50,2023-09-30,2024-10-26,,4,39.5,VEND158,0
WRK03976,Anganwadi Centre - Kochi East,Anganwadi Centre,Kerala,Kochi,Kochi East,9.8523,75.8553,16277782,14487225,28,89,2023-12-13,2024-11-03,,2,78.0,VEND329,1
WRK02801,Drainage Project - Kolkata North,Drainage Project,West Bengal,Kolkata,Kolkata North,23.6818,87.444,17497217,1574749,11,9,2024-04-11,2025-03-02,,6,12.9,VEND329,0
WRK00822,School Building - Dibrugarh Central,School Building,Assam,Dibrugarh,Dibrugarh Central,26.2075,92.1653,8942354,4650024,54,52,2023-12-13,2024-10-24,,12,22.4,VEND324,0
WRK01205,Anganwadi Centre - Kalaburagi North,Anganwadi Centre,Karnataka,Kalaburagi,Kalaburagi North,14.5019,75.6102,10022083,0,2,0,2023-09-13,2024-10-10,,8,23.0,VEND074,0
WRK02512,Road Construction - Nagpur South,Road Construction,Maharashtra,Nagpur,Nagpur South,20.649,74.8902,6780328,2101901,24,31,2023-09-07,2024-05-27,,9,31.6,VEND083,0
WRK01665,Road Construction - Muzaffarpur Rural,Road Construction,Bihar,Muzaffarpur,Muzaffarpur Rural,24.9034,85.8383,3071540,2395801,75,78,2022-12-30,2023-05-21,,6,35.0,VEND133,0
WRK03033,Drainage Project - Varanasi North,Drainage Project,Uttar Pradesh,Varanasi,Varanasi North,25.7513,81.8672,2375913,2138321,96,90,2022-07-05,2023-02-11,,11,13.6,VEND288,0
WRK02622,Irrigation Canal - Gorakhpur East,Irrigation Canal,Uttar Pradesh,Gorakhpur,Gorakhpur East,25.6972,80.6669,16094120,3057882,17,19,2023-10-01,2024-03-23,,8,31.8,VEND246,0
WRK02086,Health Sub-Centre - Salem Central,Health Sub-Centre,Tamil Nadu,Salem,Salem Central,11.5133,77.8722,16239298,16076905,94,99,2022-04-12,2023-04-21,,9,36.3,VEND115,0
WRK02403,Community Hall - Warangal Central,Community Hall,Telangana,Warangal,Warangal Central,17.872,78.3542,1835202,1486513,74,81,2022-07-31,2023-05-28,,8,25.9,VEND083,0
WRK01646,Streetlight Installation - Gorakhpur South,Streetlight Installation,Uttar Pradesh,Gorakhpur,Gorakhpur South,27.8591,81.8159,5549305,388451,7,7,2022-04-20,2022-09-03,,9,24.5,VEND052,0
WRK02595,Road Construction - Guwahati West,Road Construction,Assam,Guwahati,Guwahati West,25.1275,93.6094,4515314,0,4,0,2022-05-02,2023-05-15,,9,22.2,VEND293,0
WRK02556,Road Construction - Bhubaneswar Rural,Road Construction,Odisha,Bhubaneswar,Bhubaneswar Rural,21.8947,85.6028,2292560,2063304,90,90,2023-11-03,2025-02-22,,8,12.2,VEND203,0
WRK00751,School Building - Panipat West,School Building,Haryana,Panipat,Panipat West,29.3864,74.9883,1112252,144592,14,13,2023-08-17,2024-03-10,,4,43.5,VEND145,0
WRK01162,Road Construction - Amritsar South,Road Construction,Punjab,Amritsar,Amritsar South,31.8401,75.568,9321732,838955,2,9,2023-01-29,2023-09-30,,10,24.5,VEND283,0
WRK03775,Irrigation Canal - Prayagraj East,Irrigation Canal,Uttar Pradesh,Prayagraj,Prayagraj East,26.5836,80.8801,15223249,11874134,81,78,2022-09-24,2023-03-05,,5,17.2,VEND113,0
WRK02075,Anganwadi Centre - Vellore East,Anganwadi Centre,Tamil Nadu,Vellore,Vellore East,10.6325,79.737,496545,377374,76,76,2023-11-10,2025-01-13,,7,30.4,VEND361,0
WRK03180,Streetlight Installation - Bhagalpur Central,Streetlight Installation,Bihar,Bhagalpur,Bhagalpur Central,25.1485,85.2838,2376857,689288,32,29,2024-05-06,2025-02-08,,8,15.3,VEND340,0
WRK00159,Anganwadi Centre - Hubballi North,Anganwadi Centre,Karnataka,Hubballi,Hubballi North,15.7492,76.5267,978964,890857,83,91,2023-05-16,2024-07-23,,7,34.9,VEND306,0
WRK01147,School Building - Jaipur North,School Building,Rajasthan,Jaipur,Jaipur North,28.0783,75.111,12765421,7786906,62,61,2024-03-31,2025-09-14,,12,27.3,VEND303,0
WRK00295,Streetlight Installation - Silchar Rural,Streetlight Installation,Assam,Silchar,Silchar Rural,25.3858,93.6631,8772531,3596737,39,41,2023-12-23,2024-10-20,,6,35.0,VEND344,0
WRK00978,Streetlight Installation - Nizamabad Urban,Streetlight Installation,Telangana,Nizamabad,Nizamabad Urban,17.799,78.8437,450571,175722,40,39,2023-10-11,2024-10-20,,8,26.1,VEND248,0
WRK00260,Drainage Project - Ludhiana South,Drainage Project,Punjab,Ludhiana,Ludhiana South,30.6658,76.0894,530033,206712,38,39,2023-06-25,2024-05-13,,10,15.8,VEND151,0
WRK01762,Health Sub-Centre - Thiruvananthapuram East,Health Sub-Centre,Kerala,Thiruvananthapuram,Thiruvananthapuram East,10.0941,75.772,2283564,2100878,37,92,2022-05-25,2023-05-08,,1,81.8,VEND230,1
WRK03540,Irrigation Canal - Gwalior East,Irrigation Canal,Madhya Pradesh,Gwalior,Gwalior East,24.537,78.3532,15224808,9287132,53,61,2023-05-03,2024-03-17,,4,43.6,VEND063,0
WRK03750,Road Construction - Belagavi East,Road Construction,Karnataka,Belagavi,Belagavi East,14.9022,76.615,4436876,2351544,56,53,2023-01-29,2024-04-09,,6,23.7,VEND319,0
WRK01370,Community Hall - Belagavi East,Community Hall,Karnataka,Belagavi,Belagavi East,14.7183,75.5799,3298438,428796,21,13,2023-02-12,2024-02-26,,4,15.1,VEND365,0
WRK02943,Water Supply Scheme - Tiruchirappalli South,Water Supply Scheme,Tamil Nadu,Tiruchirappalli,Tiruchirappalli South,10.5498,79.7984,599509,335725,64,56,2023-10-07,2024-11-15,,10,10.2,VEND166,0
WRK00905,Community Hall - Faridabad East,Community Hall,Haryana,Faridabad,Faridabad East,30.1647,75.1985,14638442,878306,7,6,2023-03-18,2024-02-24,,6,13.2,VEND006,0
WRK00514,Water Supply Scheme - Udaipur Central,Water Supply Scheme,Rajasthan,Udaipur,Udaipur Central,27.116,73.3072,9573791,4978371,47,52,2022-06-27,2023-03-10,,8,32.0,VEND126,0
WRK00068,Public Toilet Complex - Asansol Rural,Public Toilet Complex,West Bengal,Asansol,Asansol Rural,22.0279,88.3014,9174367,4403696,43,48,2023-12-02,2024-12-24,,5,22.0,VEND251,0
WRK02596,Drainage Project - Bhubaneswar Rural,Drainage Project,Odisha,Bhubaneswar,Bhubaneswar Rural,20.579,84.842,22671332,11108952,43,49,2024-08-12,2025-08-06,,11,42.1,VEND105,0
WRK03427,Irrigation Canal - Faridabad Urban,Irrigation Canal,Haryana,Faridabad,Faridabad Urban,30.1278,76.3227,4671388,3923965,79,84,2023-07-06,2024-01-26,,12,26.4,VEND048,0
WRK01727,Anganwadi Centre - Warangal East,Anganwadi Centre,Telangana,Warangal,Warangal East,17.7413,80.0942,1926315,1810736,98,94,2024-06-10,2025-10-27,,6,21.0,VEND210,0
WRK01791,Public Toilet Complex - Guwahati South,Public Toilet Complex,Assam,Guwahati,Guwahati South,26.0935,93.3938,10486029,3040948,24,29,2022-04-07,2022-11-05,,5,13.5,VEND312,0
WRK03035,Drainage Project - Ahmedabad East,Drainage Project,Gujarat,Ahmedabad,Ahmedabad East,21.288,71.1767,7273638,4873337,64,67,2023-07-06,2023-11-22,,9,10.0,VEND382,0
WRK02482,Anganwadi Centre - Siliguri North,Anganwadi Centre,West Bengal,Siliguri,Siliguri North,22.0523,87.7496,7088272,5245321,73,74,2022-08-04,2024-01-06,,5,18.7,VEND078,0
WRK03364,Health Sub-Centre - Guwahati Rural,Health Sub-Centre,Assam,Guwahati,Guwahati Rural,25.4859,93.3038,15680744,5958682,30,38,2023-05-04,2023-09-17,,10,12.2,VEND267,0
WRK02174,School Building - Udaipur South,School Building,Rajasthan,Udaipur,Udaipur South,28.1863,74.3335,8089089,1860490,23,23,2022-04-16,2023-02-26,,4,29.8,VEND230,0
WRK03263,Streetlight Installation - Guwahati Rural,Streetlight Installation,Assam,Guwahati,Guwahati Rural,26.3683,93.462,5846352,5086326,93,87,2024-01-18,2025-01-29,,4,32.8,VEND344,0
WRK03314,Irrigation Canal - Ahmedabad Urban,Irrigation Canal,Gujarat,Ahmedabad,Ahmedabad Urban,22.962,71.1809,829548,414774,57,50,2024-08-11,2024-12-19,,6,27.1,VEND398,0
WRK02612,Streetlight Installation - Jabalpur Urban,Streetlight Installation,Madhya Pradesh,Jabalpur,Jabalpur Urban,24.3753,79.2817,8007365,8007365,98,100,2024-03-15,2024-11-21,,3,40.5,VEND368,0
WRK01398,Health Sub-Centre - Nashik South,Health Sub-Centre,Maharashtra,Nashik,Nashik South,19.38,75.4382,3445903,137836,4,4,2022-06-07,2022-10-30,,9,16.5,VEND255,0
WRK01245,School Building - Rourkela Central,School Building,Odisha,Rourkela,Rourkela Central,19.9608,86.155,9910968,9415419,93,95,2023-11-04,2024-07-15,,10,22.5,VEND246,0
WRK02531,Health Sub-Centre - Hyderabad East,Health Sub-Centre,Telangana,Hyderabad,Hyderabad East,19.0124,80.4847,2602217,1483263,56,57,2023-04-21,2024-01-14,,6,25.5,VEND379,0
WRK00150,Irrigation Canal - Warangal East,Irrigation Canal,Telangana,Warangal,Warangal East,17.8375,79.9021,1040774,957512,97,92,2024-07-02,2025-11-13,,9,14.7,VEND245,0
WRK01173,Water Supply Scheme - Indore Urban,Water Supply Scheme,Madhya Pradesh,Indore,Indore Urban,22.2022,79.5677,3000069,2400055,27,80,2022-05-01,2023-07-27,,1,72.8,VEND207,1
WRK03515,Drainage Project - Vellore North,Drainage Project,Tamil Nadu,Vellore,Vellore North,10.4278,79.6733,5615319,4323795,76,77,2023-03-05,2024-01-05,,11,39.1,VEND292,0
WRK03318,Drainage Project - Dibrugarh Urban,Drainage Project,Assam,Dibrugarh,Dibrugarh Urban,26.6692,93.0801,12512212,5880739,43,47,2024-02-19,2024-11-02,,8,25.5,VEND219,0
WRK00888,School Building - Pune North,School Building,Maharashtra,Pune,Pune North,18.8749,76.0263,2896592,1795887,60,62,2023-08-25,2024-12-04,,6,44.3,VEND376,0
WRK00921,Road Construction - Ahmedabad West,Road Construction,Gujarat,Ahmedabad,Ahmedabad West,23.1679,72.0357,435098,343727,81,79,2023-04-03,2024-04-02,,9,12.1,VEND041,0
WRK01819,Community Hall - Gorakhpur North,Community Hall,Uttar Pradesh,Gorakhpur,Gorakhpur North,26.5982,81.4288,8420390,7830962,90,93,2022-06-19,2022-11-26,,11,27.5,VEND015,0
WRK01488,Anganwadi Centre - Mysuru Rural,Anganwadi Centre,Karnataka,Mysuru,Mysuru Rural,16.07,75.1755,6581201,2237608,37,34,2023-12-25,2025-04-05,,11,30.0,VEND343,0
WRK03057,Streetlight Installation - Silchar South,Streetlight Installation,Assam,Silchar,Silchar South,25.4509,92.3271,2844069,1564237,49,55,2024-02-04,2025-07-23,,4,19.1,VEND041,0
WRK01873,Irrigation Canal - Gwalior East,Irrigation Canal,Madhya Pradesh,Gwalior,Gwalior East,22.4878,78.1698,17967997,5210719,23,29,2023-06-11,2024-08-19,,10,12.8,VEND326,0
WRK02961,Water Supply Scheme - Muzaffarpur West,Water Supply Scheme,Bihar,Muzaffarpur,Muzaffarpur West,24.9663,84.7249,499091,179672,38,36,2024-05-09,2025-01-16,,7,16.9,VEND176,0
WRK03415,Water Supply Scheme - Warangal Urban,Water Supply Scheme,Telangana,Warangal,Warangal Urban,19.0062,78.7385,10607541,10501465,98,99,2023-06-02,2024-01-17,,11,28.3,VEND273,0
WRK00673,Community Hall - Gwalior Rural,Community Hall,Madhya Pradesh,Gwalior,Gwalior Rural,24.4472,79.0203,537403,505158,90,94,2023-08-20,2024-05-15,,3,44.3,VEND171,0
WRK01909,Irrigation Canal - Pune East,Irrigation Canal,Maharashtra,Pune,Pune East,19.4713,75.0405,2397037,1821748,74,76,2022-05-12,2023-10-24,,9,23.8,VEND274,0
WRK02109,Anganwadi Centre - Panipat Urban,Anganwadi Centre,Haryana,Panipat,Panipat Urban,28.5991,76.4066,8155041,8155041,100,100,2022-09-07,2024-01-29,2024-02-07,2,68.9,VEND133,1
WRK01647,Irrigation Canal - Darjeeling Rural,Irrigation Canal,West Bengal,Darjeeling,Darjeeling Rural,23.0491,87.9265,23635382,709061,8,3,2022-04-26,2023-09-14,,3,25.6,VEND249,0
WRK02036,Streetlight Installation - Tirunelveli West,Streetlight Installation,Tamil Nadu,Tirunelveli,Tirunelveli West,9.9926,79.5093,23349654,22182171,94,95,2022-08-16,2022-12-17,,2,42.3,VEND354,1
WRK01682,Community Hall - Guwahati Urban,Community Hall,Assam,Guwahati,Guwahati Urban,26.0086,93.0491,2942823,2236545,79,76,2024-08-07,2025-05-21,,9,31.9,VEND136,0
WRK02232,Drainage Project - Thrissur Urban,Drainage Project,Kerala,Thrissur,Thrissur Urban,10.1154,75.8543,16838416,4209604,21,25,2023-12-17,2024-08-27,,12,20.2,VEND016,0
WRK00265,Water Supply Scheme - Thrissur North,Water Supply Scheme,Kerala,Thrissur,Thrissur North,11.6882,75.051,8741891,6993512,84,80,2023-03-10,2024-04-22,,5,40.4,VEND092,0
WRK01324,Health Sub-Centre - Prayagraj Rural,Health Sub-Centre,Uttar Pradesh,Prayagraj,Prayagraj Rural,26.1018,80.0128,3406330,2588810,77,76,2023-05-06,2024-04-20,,5,26.8,VEND261,0
WRK00597,Health Sub-Centre - Warangal East,Health Sub-Centre,Telangana,Warangal,Warangal East,16.9905,79.3055,3480385,1496565,51,43,2024-06-10,2025-05-02,,10,32.9,VEND390,0
WRK03216,Water Supply Scheme - Guwahati South,Water Supply Scheme,Assam,Guwahati,Guwahati South,26.2609,91.9753,3135746,1850090,55,59,2022-04-18,2022-11-30,,11,25.3,VEND151,0
WRK03157,Streetlight Installation - Cuttack South,Streetlight Installation,Odisha,Cuttack,Cuttack South,21.8456,86.1186,4280647,1755065,40,41,2024-06-07,2024-11-01,,12,29.6,VEND252,0
WRK03472,Anganwadi Centre - Agra Central,Anganwadi Centre,Uttar Pradesh,Agra,Agra Central,27.527,80.6591,1672719,1003631,67,60,2023-02-05,2024-06-18,,7,38.4,VEND015,0
WRK02609,Road Construction - Hyderabad Central,Road Construction,Telangana,Hyderabad,Hyderabad Central,17.4715,78.6831,21783208,4792305,29,22,2023-12-28,2025-05-09,,7,34.7,VEND325,0
WRK01692,Health Sub-Centre - Kota Urban,Health Sub-Centre,Rajasthan,Kota,Kota Urban,27.6766,73.4689,17982499,10429849,56,58,2023-08-15,2025-01-03,,11,41.2,VEND293,0
WRK00210,Water Supply Scheme - Cuttack East,Water Supply Scheme,Odisha,Cuttack,Cuttack East,21.9151,84.9177,1167381,793819,62,68,2022-12-13,2023-05-02,,11,20.3,VEND357,0
WRK02536,Anganwadi Centre - Rajkot North,Anganwadi Centre,Gujarat,Rajkot,Rajkot North,22.2766,70.1204,1199802,1019831,80,85,2024-01-05,2025-01-03,,6,21.7,VEND070,0
WRK03698,School Building - Howrah Central,School Building,West Bengal,Howrah,Howrah Central,23.6947,87.4369,5970912,5314111,59,89,2024-07-01,2025-06-23,,1,77.8,VEND294,1
WRK01501,Public Toilet Complex - Patna West,Public Toilet Complex,Bihar,Patna,Patna West,24.7179,84.9144,17164138,17164138,99,100,2024-08-26,2025-07-20,,3,10.4,VEND095,0
WRK01085,Streetlight Installation - Bhagalpur North,Streetlight Installation,Bihar,Bhagalpur,Bhagalpur North,25.5607,86.0872,4631546,3890498,87,84,2023-03-17,2024-06-05,,6,37.3,VEND391,0
WRK03252,Water Supply Scheme - Thrissur North,Water Supply Scheme,Kerala,Thrissur,Thrissur North,11.9696,76.3437,21777244,7186490,37,33,2023-08-19,2024-04-17,,4,36.9,VEND078,0
WRK01110,Water Supply Scheme - Warangal North,Water Supply Scheme,Telangana,Warangal,Warangal North,17.5204,80.3973,8906762,3562704,48,40,2023-06-25,2023-12-25,,10,40.4,VEND379,0
WRK00635,Water Supply Scheme - Kanpur North,Water Supply Scheme,Uttar Pradesh,Kanpur,Kanpur North,26.9184,79.8386,13654605,3413651,26,25,2023-11-28,2025-01-02,,11,12.7,VEND372,0
WRK02317,Drainage Project - Asansol Central,Drainage Project,West Bengal,Asansol,Asansol Central,22.3082,87.8121,22861283,10973415,48,48,2022-05-28,2023-09-23,,8,17.5,VEND349,0
WRK03115,Water Supply Scheme - Darjeeling Central,Water Supply Scheme,West Bengal,Darjeeling,Darjeeling Central,22.2548,87.4252,8810283,8545974,94,97,2022-05-17,2023-02-27,,12,24.2,VEND165,0
WRK02163,Road Construction - Thrissur East,Road Construction,Kerala,Thrissur,Thrissur East,11.1428,75.9168,440755,290898,63,66,2023-06-03,2024-10-18,,9,39.6,VEND012,0
WRK00810,Anganwadi Centre - Gurugram Central,Anganwadi Centre,Haryana,Gurugram,Gurugram Central,28.8621,76.3584,5567974,4955496,93,89,2022-04-26,2023-09-08,,10,32.2,VEND399,0
WRK03400,Public Toilet Complex - Gaya Urban,Public Toilet Complex,Bihar,Gaya,Gaya Urban,25.1139,85.3431,1853659,0,1,0,2023-05-14,2024-04-20,,7,30.9,VEND066,0
WRK02540,Health Sub-Centre - Agra Urban,Health Sub-Centre,Uttar Pradesh,Agra,Agra Urban,27.225,80.1774,17022132,11575049,72,68,2024-05-31,2025-01-31,,6,34.6,VEND038,0
WRK00052,Drainage Project - Siliguri Urban,Drainage Project,West Bengal,Siliguri,Siliguri Urban,23.3056,87.9936,21308014,17472571,82,82,2024-03-30,2025-07-26,,9,41.3,VEND179,0
WRK03578,Public Toilet Complex - Bikaner South,Public Toilet Complex,Rajasthan,Bikaner,Bikaner South,26.2902,74.3086,1097666,1097666,6,100,2024-02-26,2025-08-11,,5,43.7,VEND329,1
WRK02129,School Building - Kozhikode East,School Building,Kerala,Kozhikode,Kozhikode East,11.5807,75.3023,5728461,5270184,98,92,2022-08-19,2023-09-22,,10,41.8,VEND169,0
WRK02663,Public Toilet Complex - Silchar Central,Public Toilet Complex,Assam,Silchar,Silchar Central,25.4645,93.0292,9673056,6480947,64,67,2022-05-10,2023-02-11,,4,33.0,VEND333,0
WRK01038,Public Toilet Complex - Bhopal West,Public Toilet Complex,Madhya Pradesh,Bhopal,Bhopal West,23.8538,79.3759,8398186,3695201,43,44,2024-04-12,2024-09-19,,9,24.0,VEND095,0
WRK03509,Health Sub-Centre - Bhopal Rural,Health Sub-Centre,Madhya Pradesh,Bhopal,Bhopal Rural,24.4704,79.1086,486040,296484,65,61,2024-04-24,2024-09-06,,7,20.1,VEND365,0
WRK00370,Water Supply Scheme - Silchar West,Water Supply Scheme,Assam,Silchar,Silchar West,27.2581,93.6844,5154370,4432758,80,86,2024-06-17,2025-04-22,,3,40.1,VEND037,0
WRK03317,Drainage Project - Cuttack West,Drainage Project,Odisha,Cuttack,Cuttack West,19.744,85.6136,22635925,11091603,52,49,2023-10-06,2024-09-15,,12,24.3,VEND031,0
WRK01483,Road Construction - Bhubaneswar Central,Road Construction,Odisha,Bhubaneswar,Bhubaneswar Central,20.9069,85.7083,9563169,1051948,6,11,2024-01-01,2024-12-26,,6,18.4,VEND309,0
WRK01363,Streetlight Installation - Aurangabad Urban,Streetlight Installation,Maharashtra,Aurangabad,Aurangabad Urban,20.4767,76.2016,2256473,45129,4,2,2022-08-08,2024-01-22,,4,31.0,VEND189,0
WRK01515,Road Construction - Dibrugarh East,Road Construction,Assam,Dibrugarh,Dibrugarh East,25.0677,93.7524,9141616,2742484,38,30,2022-07-28,2023-03-28,,11,44.5,VEND400,0
WRK02153,Drainage Project - Solapur West,Drainage Project,Maharashtra,Solapur,Solapur West,19.2636,74.8984,17198902,2063868,7,12,2023-08-21,2024-01-27,,11,10.9,VEND037,0
WRK03505,Water Supply Scheme - Faridabad Urban,Water Supply Scheme,Haryana,Faridabad,Faridabad Urban,29.0295,76.6947,9558623,1911724,12,20,2023-11-22,2024-09-18,,8,16.5,VEND186,0
WRK03265,Road Construction - Dibrugarh North,Road Construction,Assam,Dibrugarh,Dibrugarh North,26.8308,92.581,12568625,9677841,77,77,2023-03-20,2024-05-17,,9,42.0,VEND204,0
WRK02553,Streetlight Installation - Pune East,Streetlight Installation,Maharashtra,Pune,Pune East,19.2803,75.6307,6798765,6526814,19,96,2023-07-17,2024-08-21,,5,68.9,VEND238,1
WRK01600,Streetlight Installation - Cuttack North,Streetlight Installation,Odisha,Cuttack,Cuttack North,19.9067,84.9131,9148659,5123249,58,56,2022-09-27,2023-02-26,,6,25.5,VEND368,0
WRK00576,Community Hall - Indore North,Community Hall,Madhya Pradesh,Indore,Indore North,24.0573,78.8446,2932056,1876515,71,64,2023-09-02,2025-02-22,,9,22.0,VEND103,0
WRK02344,Drainage Project - Bhubaneswar Central,Drainage Project,Odisha,Bhubaneswar,Bhubaneswar Central,19.8826,84.4574,2036839,224052,16,11,2023-04-26,2023-10-14,,5,35.2,VEND300,0
WRK03043,Irrigation Canal - Bengaluru Urban Central,Irrigation Canal,Karnataka,Bengaluru Urban,Bengaluru Urban Central,16.1392,76.8003,2757451,1185703,42,43,2023-05-21,2024-08-12,,9,37.5,VEND085,0
WRK02962,Streetlight Installation - Dibrugarh Central,Streetlight Installation,Assam,Dibrugarh,Dibrugarh Central,25.2405,93.5105,10896839,2724209,21,25,2023-09-14,2024-09-21,,8,26.7,VEND173,0
WRK00161,Water Supply Scheme - Kochi Central,Water Supply Scheme,Kerala,Kochi,Kochi Central,10.0375,76.3535,442289,199030,46,45,2024-02-20,2024-07-07,,3,44.1,VEND045,0
WRK01246,Streetlight Installation - Kota East,Streetlight Installation,Rajasthan,Kota,Kota East,26.9476,74.8431,1753612,1630859,95,93,2023-02-15,2024-03-20,,6,30.6,VEND022,0
WRK01355,Water Supply Scheme - Bhopal Central,Water Supply Scheme,Madhya Pradesh,Bhopal,Bhopal Central,22.8764,77.8423,4158426,2702976,60,65,2023-01-21,2024-02-25,,5,18.3,VEND101,0
WRK01290,Community Hall - Thrissur Urban,Community Hall,Kerala,Thrissur,Thrissur Urban,11.8324,76.2662,821130,57479,6,7,2024-04-02,2025-08-15,,8,13.1,VEND189,0
WRK00140,Road Construction - Rajkot Central,Road Construction,Gujarat,Rajkot,Rajkot Central,22.1521,70.9093,5240619,2777528,56,53,2023-08-27,2024-03-05,,6,12.7,VEND330,0
WRK01158,Public Toilet Complex - Jabalpur Central,Public Toilet Complex,Madhya Pradesh,Jabalpur,Jabalpur Central,22.6186,78.532,12185585,8286197,71,68,2023-01-29,2024-06-19,,9,31.6,VEND039,0
WRK03935,Health Sub-Centre - Kalaburagi West,Health Sub-Centre,Karnataka,Kalaburagi,Kalaburagi West,16.3037,75.4152,8102312,2187624,20,27,2024-05-31,2024-12-23,,12,36.3,VEND090,0
WRK01116,Road Construction - Rourkela East,Road Construction,Odisha,Rourkela,Rourkela East,21.2155,85.6826,16116537,16116537,0,100,2022-08-23,2023-04-27,,3,60.7,VEND072,1
WRK00854,Road Construction - Bengaluru Urban Urban,Road Construction,Karnataka,Bengaluru Urban,Bengaluru Urban Urban,15.9204,74.5351,2096379,754696,37,36,2023-11-02,2025-02-12,,11,27.6,VEND387,0
WRK02368,Water Supply Scheme - Nizamabad North,Water Supply Scheme,Telangana,Nizamabad,Nizamabad North,17.1288,80.1368,1837152,0,0,0,2024-02-03,2025-01-09,,12,18.8,VEND076,0
WRK03384,School Building - Patna Urban,School Building,Bihar,Patna,Patna Urban,26.7168,84.2559,3210172,353118,15,11,2023-10-08,2024-03-17,,6,40.6,VEND315,0
WRK03319,Drainage Project - Rajkot East,Drainage Project,Gujarat,Rajkot,Rajkot East,22.0665,71.9386,4623780,3883975,76,84,2022-07-01,2023-11-28,,5,27.6,VEND229,0
WRK03853,Irrigation Canal - Hyderabad Rural,Irrigation Canal,Telangana,Hyderabad,Hyderabad Rural,18.0982,78.6439,532516,0,0,0,2023-10-17,2025-04-02,,5,15.6,VEND015,0
WRK00054,Irrigation Canal - Jalandhar Central,Irrigation Canal,Punjab,Jalandhar,Jalandhar Central,30.9762,76.4867,3254615,1074022,38,33,2023-12-15,2024-09-04,,10,12.2,VEND142,0
WRK03460,Streetlight Installation - Surat South,Streetlight Installation,Gujarat,Surat,Surat South,22.9112,70.6984,7983846,798384,15,10,2023-07-23,2023-11-23,,8,20.8,VEND317,0
WRK03226,Public Toilet Complex - Muzaffarpur Central,Public Toilet Complex,Bihar,Muzaffarpur,Muzaffarpur Central,25.2609,85.0751,830128,423365,46,51,2024-08-22,2025-01-24,,7,24.0,VEND331,0
WRK02178,Irrigation Canal - Lucknow North,Irrigation Canal,Uttar Pradesh,Lucknow,Lucknow North,27.164,81.4102,9277267,7792904,84,84,2023-11-29,2024-06-17,,8,40.6,VEND139,0
WRK02195,Community Hall - Hyderabad Central,Community Hall,Telangana,Hyderabad,Hyderabad Central,17.2179,78.6807,2308012,2192611,97,95,2022-12-08,2023-10-13,,11,31.7,VEND069,0
WRK03839,Irrigation Canal - Jalandhar South,Irrigation Canal,Punjab,Jalandhar,Jalandhar South,30.3754,75.4125,5301766,3022006,59,57,2022-05-26,2023-06-29,,7,36.3,VEND207,0
WRK00620,Road Construction - Tiruchirappalli West,Road Construction,Tamil Nadu,Tiruchirappalli,Tiruchirappalli West,11.0005,78.0942,5670960,5330702,22,94,2024-08-04,2025-10-23,,5,42.1,VEND003,1
WRK00996,Health Sub-Centre - Tiruchirappalli West,Health Sub-Centre,Tamil Nadu,Tiruchirappalli,Tiruchirappalli West,11.9076,77.5205,1903693,19036,0,1,2023-09-21,2024-04-27,,8,13.3,VEND189,0
WRK03090,Public Toilet Complex - Lucknow Rural,Public Toilet Complex,Uttar Pradesh,Lucknow,Lucknow Rural,26.603,80.2902,19234499,13464149,73,70,2024-03-17,2024-09-27,,7,44.8,VEND287,0
WRK01602,Anganwadi Centre - Panipat South,Anganwadi Centre,Haryana,Panipat,Panipat South,29.287,76.3924,576564,565032,93,98,2022-09-23,2023-03-13,,8,33.0,VEND300,0
WRK01213,Community Hall - Solapur Central,Community Hall,Maharashtra,Solapur,Solapur Central,18.9902,75.5049,16843242,14990485,91,89,2022-12-08,2023-07-27,,12,16.8,VEND374,0
WRK02597,Public Toilet Complex - Varanasi East,Public Toilet Complex,Uttar Pradesh,Varanasi,Varanasi East,26.9285,81.1787,1913333,554866,26,29,2023-08-26,2024-12-23,,10,41.3,VEND308,0
WRK00168,Drainage Project - Thiruvananthapuram Rural,Drainage Project,Kerala,Thiruvananthapuram,Thiruvananthapuram Rural,9.9669,75.5903,3420981,513147,11,15,2022-12-11,2023-09-04,,8,12.7,VEND092,0
WRK02002,School Building - Rourkela Central,School Building,Odisha,Rourkela,Rourkela Central,20.6884,85.5462,5709481,2626361,38,46,2024-07-18,2025-01-24,,11,16.6,VEND312,0
WRK03766,School Building - Tiruchirappalli East,School Building,Tamil Nadu,Tiruchirappalli,Tiruchirappalli East,11.1806,77.7223,578904,492068,81,85,2024-07-19,2025-03-21,,8,32.9,VEND065,0
WRK02502,Water Supply Scheme - Jabalpur Urban,Water Supply Scheme,Madhya Pradesh,Jabalpur,Jabalpur Urban,23.3714,79.1089,586807,352084,65,60,2024-06-14,2025-11-06,,7,20.1,VEND285,0
WRK03576,Anganwadi Centre - Faridabad North,Anganwadi Centre,Haryana,Faridabad,Faridabad North,27.884,76.6462,444554,155593,29,35,2024-05-29,2025-02-07,,10,11.2,VEND332,0
WRK03836,Water Supply Scheme - Aurangabad Central,Water Supply Scheme,Maharashtra,Aurangabad,Aurangabad Central,20.8771,75.3982,568341,437622,79,77,2022-08-03,2022-12-09,,8,32.3,VEND077,0
WRK02739,Drainage Project - Hyderabad Urban,Drainage Project,Telangana,Hyderabad,Hyderabad Urban,18.4468,78.5254,1022007,807385,83,79,2022-08-08,2023-04-28,,7,10.1,VEND218,0
WRK03938,Drainage Project - Chennai Central,Drainage Project,Tamil Nadu,Chennai,Chennai Central,12.2688,79.3821,572331,211762,43,37,2024-05-17,2024-10-29,,5,19.9,VEND213,0
WRK03322,Water Supply Scheme - Bhagalpur East,Water Supply Scheme,Bihar,Bhagalpur,Bhagalpur East,26.6772,84.3787,894859,241611,28,27,2023-04-16,2024-03-27,,3,31.4,VEND367,0
WRK03404,Health Sub-Centre - Varanasi South,Health Sub-Centre,Uttar Pradesh,Varanasi,Varanasi South,27.394,80.7671,1691398,710387,49,42,2024-07-26,2025-12-08,,3,28.2,VEND382,0
WRK03096,School Building - Udaipur East,School Building,Rajasthan,Udaipur,Udaipur East,26.5792,74.7772,4373022,0,2,0,2024-03-01,2025-06-27,,8,41.0,VEND017,0
WRK02427,School Building - Hyderabad South,School Building,Telangana,Hyderabad,Hyderabad South,17.1064,80.2968,5167779,2015433,35,39,2022-12-15,2023-10-15,,4,23.1,VEND247,0
WRK00530,Public Toilet Complex - Solapur Central,Public Toilet Complex,Maharashtra,Solapur,Solapur Central,20.3528,74.5652,16753215,5528560,27,33,2022-07-30,2023-11-17,,10,11.1,VEND081,0
WRK02656,Water Supply Scheme - Gaya West,Water Supply Scheme,Bihar,Gaya,Gaya West,26.784,86.0438,4994280,2946625,53,59,2023-10-09,2024-04-01,,6,18.7,VEND129,0
WRK00060,Health Sub-Centre - Cuttack West,Health Sub-Centre,Odisha,Cuttack,Cuttack West,20.882,84.2686,2057603,1543202,74,75,2023-04-16,2023-12-25,,10,39.8,VEND241,0
WRK00949,Water Supply Scheme - Muzaffarpur Central,Water Supply Scheme,Bihar,Muzaffarpur,Muzaffarpur Central,25.4051,83.9996,9061985,2899835,37,32,2024-07-29,2025-07-16,,4,25.6,VEND222,0
WRK03781,Anganwadi Centre - Cuttack West,Anganwadi Centre,Odisha,Cuttack,Cuttack West,22.0473,85.7918,806757,524392,61,65,2024-08-29,2025-05-04,,3,29.7,VEND065,0
WRK02397,School Building - Kochi North,School Building,Kerala,Kochi,Kochi North,10.9539,76.5694,822687,378436,39,46,2023-02-13,2023-07-15,,3,32.8,VEND360,0
WRK00282,Anganwadi Centre - Faridabad West,Anganwadi Centre,Haryana,Faridabad,Faridabad West,28.3372,76.0887,23159371,15516778,66,67,2024-04-30,2024-09-25,,12,35.4,VEND162,0
WRK01184,Irrigation Canal - Jaipur West,Irrigation Canal,Rajasthan,Jaipur,Jaipur West,27.6911,75.1678,6748843,877349,11,13,2022-07-11,2023-08-01,,11,29.7,VEND360,0
WRK01630,School Building - Gurugram West,School Building,Haryana,Gurugram,Gurugram West,28.6562,75.1942,566040,152830,20,27,2023-04-06,2024-06-13,,6,29.5,VEND143,0
WRK02992,Public Toilet Complex - Gaya South,Public Toilet Complex,Bihar,Gaya,Gaya South,26.4502,84.6892,17385747,2781719,16,16,2024-01-07,2025-04-03,,9,18.6,VEND221,0
WRK02942,School Building - Aurangabad Urban,School Building,Maharashtra,Aurangabad,Aurangabad Urban,18.8279,75.3343,1918879,1477536,73,77,2023-07-30,2024-11-02,,7,20.5,VEND219,0
WRK03676,Public Toilet Complex - Gwalior Rural,Public Toilet Complex,Madhya Pradesh,Gwalior,Gwalior Rural,23.2275,79.7598,4044078,2709532,62,67,2024-08-17,2025-08-04,,10,35.7,VEND190,0
WRK02901,Road Construction - Vellore Rural,Road Construction,Tamil Nadu,Vellore,Vellore Rural,12.0278,79.1515,500578,90104,16,18,2022-11-21,2023-08-20,,4,34.7,VEND306,0
WRK03756,Anganwadi Centre - Hyderabad North,Anganwadi Centre,Telangana,Hyderabad,Hyderabad North,17.6365,79.4965,3151855,1922631,55,61,2024-01-22,2025-07-10,,5,44.2,VEND149,0
WRK01327,Health Sub-Centre - Asansol Rural,Health Sub-Centre,West Bengal,Asansol,Asansol Rural,22.6311,88.591,5953931,4703605,77,79,2023-02-05,2024-03-05,,7,39.9,VEND241,0
WRK01277,Drainage Project - Patna Rural,Drainage Project,Bihar,Patna,Patna Rural,25.9601,85.5975,16084034,10454622,57,65,2023-07-07,2023-11-18,,9,17.2,VEND058,0
WRK01284,Road Construction - Ludhiana East,Road Construction,Punjab,Ludhiana,Ludhiana East,30.8447,75.2362,1872003,1872003,8,100,2022-08-01,2023-05-02,,5,77.2,VEND105,1
WRK03077,Irrigation Canal - Vadodara Central,Irrigation Canal,Gujarat,Vadodara,Vadodara Central,21.9605,71.2846,5948485,1070727,21,18,2023-11-03,2024-08-13,,8,16.5,VEND315,0
WRK00806,Anganwadi Centre - Gaya Central,Anganwadi Centre,Bihar,Gaya,Gaya Central,25.3996,85.7498,584153,502371,82,86,2022-10-15,2023-12-24,,3,38.0,VEND296,0
WRK03569,Road Construction - Nizamabad South,Road Construction,Telangana,Nizamabad,Nizamabad South,18.9013,80.1744,4557675,1914223,34,42,2024-01-05,2024-11-09,,7,35.7,VEND359,0
WRK01530,School Building - Kota Rural,School Building,Rajasthan,Kota,Kota Rural,26.1548,75.2581,4099720,327977,1,8,2024-07-28,2025-03-15,,9,13.4,VEND352,0
WRK02551,Road Construction - Cuttack Rural,Road Construction,Odisha,Cuttack,Cuttack Rural,21.2963,84.8534,574080,413337,74,72,2023-12-20,2024-11-29,,7,34.0,VEND138,0
WRK00050,Community Hall - Aurangabad Urban,Community Hall,Maharashtra,Aurangabad,Aurangabad Urban,20.532,76.5552,8895601,7205436,82,81,2024-08-25,2025-04-15,,6,19.4,VEND210,0
WRK01571,Anganwadi Centre - Gurugram East,Anganwadi Centre,Haryana,Gurugram,Gurugram East,29.332,76.4785,8439687,1012762,10,12,2022-09-16,2023-05-27,,5,28.7,VEND173,0
WRK01559,Public Toilet Complex - Rourkela South,Public Toilet Complex,Odisha,Rourkela,Rourkela South,19.8839,85.3937,7740585,5882844,76,76,2023-06-18,2024-10-18,,11,43.9,VEND332,0
WRK02821,Anganwadi Centre - Rajkot East,Anganwadi Centre,Gujarat,Rajkot,Rajkot East,22.3595,70.2585,16747631,13063152,79,78,2024-03-14,2025-05-22,,4,17.2,VEND338,0
WRK00802,Anganwadi Centre - Jalandhar Urban,Anganwadi Centre,Punjab,Jalandhar,Jalandhar Urban,30.9195,74.6168,534574,534574,99,100,2022-11-03,2023-06-25,,11,23.3,VEND101,0
WRK02735,School Building - Patna Rural,School Building,Bihar,Patna,Patna Rural,25.1632,86.0186,4142902,1118583,25,27,2022-04-28,2023-07-21,,9,21.2,VEND137,0
WRK01311,School Building - Amritsar Urban,School Building,Punjab,Amritsar,Amritsar Urban,30.583,75.3413,2148139,1310364,62,61,2022-10-21,2023-10-22,,3,23.6,VEND382,0
WRK03715,Streetlight Installation - Cuttack West,Streetlight Installation,Odisha,Cuttack,Cuttack West,21.2135,86.042,6730992,2423157,36,36,2023-08-08,2024-04-13,,12,23.7,VEND301,0
WRK00425,Water Supply Scheme - Surat Rural,Water Supply Scheme,Gujarat,Surat,Surat Rural,22.7314,70.2391,9218716,8020282,94,87,2022-05-01,2022-10-18,,4,27.4,VEND014,0
WRK00001,Drainage Project - Hyderabad West,Drainage Project,Telangana,Hyderabad,Hyderabad West,17.5989,80.5817,15591950,1403275,15,9,2023-07-19,2024-03-30,,5,38.3,VEND156,0
WRK02456,Health Sub-Centre - Asansol Central,Health Sub-Centre,West Bengal,Asansol,Asansol Central,24.0585,88.6646,6928553,3672133,54,53,2023-08-26,2025-01-10,,12,10.9,VEND052,0
WRK03038,Health Sub-Centre - Hyderabad West,Health Sub-Centre,Telangana,Hyderabad,Hyderabad West,18.5855,80.0439,5259345,3997102,76,76,2024-02-07,2025-02-02,,3,25.9,VEND138,0
WRK03612,Streetlight Installation - Muzaffarpur Urban,Streetlight Installation,Bihar,Muzaffarpur,Muzaffarpur Urban,25.3945,85.4395,3512908,3337262,95,95,2022-04-05,2023-09-19,,5,62.9,VEND140,1
WRK00977,Health Sub-Centre - Jodhpur North,Health Sub-Centre,Rajasthan,Jodhpur,Jodhpur North,26.1463,73.2777,21536090,17444232,76,81,2024-03-06,2025-04-19,,3,19.4,VEND108,0
WRK02035,Water Supply Scheme - Nagpur East,Water Supply Scheme,Maharashtra,Nagpur,Nagpur East,20.4835,76.693,8601242,430062,8,5,2022-05-11,2023-01-20,,6,41.3,VEND313,0
WRK01270,Water Supply Scheme - Muzaffarpur Rural,Water Supply Scheme,Bihar,Muzaffarpur,Muzaffarpur Rural,26.1433,84.7141,3366116,1077157,26,32,2023-10-14,2024-03-27,,5,14.0,VEND134,0
WRK00177,Water Supply Scheme - Surat Central,Water Supply Scheme,Gujarat,Surat,Surat Central,21.3705,71.0547,1641458,393949,29,24,2023-11-11,2025-02-24,,7,38.1,VEND285,0
WRK03204,Anganwadi Centre - Kota Central,Anganwadi Centre,Rajasthan,Kota,Kota Central,27.4022,74.693,8899354,1334903,16,15,2022-08-18,2023-12-12,,3,43.8,VEND239,0
WRK00513,Community Hall - Guwahati North,Community Hall,Assam,Guwahati,Guwahati North,25.9866,92.5336,1092979,983681,98,90,2023-06-24,2024-05-21,,6,39.2,VEND243,0
WRK01287,Anganwadi Centre - Lucknow West,Anganwadi Centre,Uttar Pradesh,Lucknow,Lucknow West,26.8848,81.2248,7077586,4812758,63,68,2022-05-01,2022-09-17,,10,24.4,VEND007,0
WRK01463,Water Supply Scheme - Solapur North,Water Supply Scheme,Maharashtra,Solapur,Solapur North,18.9565,75.7501,12426224,0,0,0,2023-07-30,2024-06-07,,8,11.2,VEND090,0
WRK01813,Anganwadi Centre - Bhubaneswar Central,Anganwadi Centre,Odisha,Bhubaneswar,Bhubaneswar Central,19.7441,85.3696,7391510,3104434,38,42,2023-03-19,2023-07-21,,5,25.9,VEND067,0
WRK01140,Irrigation Canal - Patiala West,Irrigation Canal,Punjab,Patiala,Patiala West,31.9983,76.0935,14395995,5470478,44,38,2022-10-16,2023-06-20,,6,43.7,VEND142,0
WRK01856,Drainage Project - Patna Central,Drainage Project,Bihar,Patna,Patna Central,25.091,85.8498,23314723,8393300,29,36,2024-02-09,2024-12-29,,8,23.5,VEND161,0
WRK00767,Drainage Project - Agra South,Drainage Project,Uttar Pradesh,Agra,Agra South,26.1441,81.8104,17258185,7593601,48,44,2022-07-04,2023-07-26,,6,24.0,VEND029,0
WRK01349,Irrigation Canal - Howrah West,Irrigation Canal,West Bengal,Howrah,Howrah West,22.8266,88.6589,870268,748430,87,86,2023-07-25,2023-12-04,,4,25.8,VEND012,0
WRK02672,Irrigation Canal - Indore West,Irrigation Canal,Madhya Pradesh,Indore,Indore West,23.3424,79.7851,1040072,488833,41,47,2022-06-17,2023-11-21,,6,33.8,VEND223,0
WRK01055,Anganwadi Centre - Hubballi Central,Anganwadi Centre,Karnataka,Hubballi,Hubballi Central,16.0205,76.5712,6858500,5281045,78,77,2022-04-24,2023-02-04,,5,29.9,VEND242,0
WRK01318,Irrigation Canal - Nizamabad South,Irrigation Canal,Telangana,Nizamabad,Nizamabad South,16.7845,80.0908,19251332,12320852,71,64,2023-05-29,2023-11-24,,6,17.1,VEND154,0
WRK03015,Public Toilet Complex - Patiala South,Public Toilet Complex,Punjab,Patiala,Patiala South,30.6344,74.4058,5715914,1028864,17,18,2023-09-05,2024-09-03,,9,13.4,VEND110,0
WRK01263,Streetlight Installation - Patna East,Streetlight Installation,Bihar,Patna,Patna East,25.4868,84.793,422981,346844,60,82,2024-06-03,2024-12-15,,1,87.8,VEND389,1
WRK02357,Public Toilet Complex - Warangal Urban,Public Toilet Complex,Telangana,Warangal,Warangal Urban,17.3993,80.2746,2001157,600347,37,30,2024-08-24,2025-02-27,,8,12.5,VEND196,0
WRK02345,School Building - Rourkela Urban,School Building,Odisha,Rourkela,Rourkela Urban,21.1168,86.0432,1943458,835686,42,43,2024-02-06,2024-07-28,,11,42.6,VEND117,0
WRK03862,Irrigation Canal - Vadodara West,Irrigation Canal,Gujarat,Vadodara,Vadodara West,21.822,70.0844,5765852,2998243,59,52,2022-07-28,2023-01-22,,11,25.8,VEND069,0
WRK03167,Community Hall - Chennai East,Community Hall,Tamil Nadu,Chennai,Chennai East,11.0598,79.2965,16699666,15029699,82,90,2023-08-18,2024-01-23,,9,11.2,VEND199,0
WRK03241,Road Construction - Faridabad South,Road Construction,Haryana,Faridabad,Faridabad South,28.2898,76.4641,15497717,15497717,99,100,2023-07-09,2024-10-13,,11,15.7,VEND389,0
WRK00381,Public Toilet Complex - Guwahati Urban,Public Toilet Complex,Assam,Guwahati,Guwahati Urban,25.0615,92.519,4797645,2590728,52,54,2024-01-21,2024-11-07,,8,27.0,VEND341,0
WRK01867,Drainage Project - Warangal East,Drainage Project,Telangana,Warangal,Warangal East,16.9547,79.4827,1726816,1156966,65,67,2022-10-10,2023-02-22,,5,18.2,VEND075,0
WRK03259,Streetlight Installation - Bhopal Central,Streetlight Installation,Madhya Pradesh,Bhopal,Bhopal Central,22.6139,77.4498,21585863,7123334,41,33,2023-01-23,2023-06-10,,4,18.4,VEND106,0
WRK02874,Road Construction - Vadodara Central,Road Construction,Gujarat,Vadodara,Vadodara Central,22.9103,71.3633,11338674,8504005,58,75,2023-08-14,2024-09-15,,2,79.4,VEND051,1
WRK03146,Road Construction - Bhagalpur South,Road Construction,Bihar,Bhagalpur,Bhagalpur South,26.3119,84.834,1772788,868666,47,49,2022-12-19,2023-10-24,,8,30.3,VEND027,0
WRK03925,Public Toilet Complex - Meerut East,Public Toilet Complex,Uttar Pradesh,Meerut,Meerut East,27.373,79.771,14445206,0,0,0,2022-07-15,2023-04-23,,6,29.9,VEND122,0
WRK00420,School Building - Dibrugarh South,School Building,Assam,Dibrugarh,Dibrugarh South,25.8643,91.9103,20430417,15322812,43,75,2024-08-09,2026-01-21,,1,100.0,VEND252,1
WRK00626,Drainage Project - Gurugram West,Drainage Project,Haryana,Gurugram,Gurugram West,28.8571,75.5256,1741736,1010206,63,58,2024-05-25,2025-07-25,,11,37.7,VEND292,0
WRK02088,Drainage Project - Rajkot South,Drainage Project,Gujarat,Rajkot,Rajkot South,22.8799,72.2107,996562,69759,13,7,2023-04-28,2023-09-07,,8,18.3,VEND188,0
WRK01481,Anganwadi Centre - Siliguri South,Anganwadi Centre,West Bengal,Siliguri,Siliguri South,22.1256,86.6169,17691450,2476803,15,14,2023-04-22,2024-06-03,,9,15.2,VEND138,0
WRK01060,Anganwadi Centre - Chennai Rural,Anganwadi Centre,Tamil Nadu,Chennai,Chennai Rural,12.0665,79.4094,8505084,3657186,49,43,2023-09-15,2024-09-09,,9,43.5,VEND367,0
WRK01971,Road Construction - Surat West,Road Construction,Gujarat,Surat,Surat West,22.707,70.14,9421158,9421158,13,100,2022-05-02,2022-10-26,,4,75.5,VEND063,1
WRK00081,Anganwadi Centre - Cuttack Urban,Anganwadi Centre,Odisha,Cuttack,Cuttack Urban,19.8397,85.9965,895914,143346,21,16,2024-01-25,2025-07-06,,5,34.4,VEND031,0
WRK00074,School Building - Kolkata Urban,School Building,West Bengal,Kolkata,Kolkata Urban,21.7732,86.6896,7370449,5527836,77,75,2023-08-23,2024-03-31,,7,39.1,VEND104,0
WRK02412,Streetlight Installation - Dibrugarh Rural,Streetlight Installation,Assam,Dibrugarh,Dibrugarh Rural,25.8502,93.288,7351976,514638,7,7,2023-05-01,2024-08-20,,11,17.1,VEND250,0
WRK01253,Drainage Project - Howrah East,Drainage Project,West Bengal,Howrah,Howrah East,22.9626,88.4223,438632,214929,54,49,2024-03-01,2025-05-11,,12,14.5,VEND145,0
WRK02511,Anganwadi Centre - Patna South,Anganwadi Centre,Bihar,Patna,Patna South,25.6552,84.7745,963737,86736,8,9,2024-02-09,2025-03-21,,12,41.5,VEND030,0
WRK01895,Streetlight Installation - Kalaburagi Rural,Streetlight Installation,Karnataka,Kalaburagi,Kalaburagi Rural,14.8986,74.6708,9696740,1357543,8,14,2023-06-23,2024-03-15,,7,16.6,VEND020,0
WRK01865,Health Sub-Centre - Patna West,Health Sub-Centre,Bihar,Patna,Patna West,26.6796,85.9559,17698975,13097241,67,74,2024-03-13,2025-05-02,,11,24.7,VEND122,0
WRK01462,Water Supply Scheme - Surat Central,Water Supply Scheme,Gujarat,Surat,Surat Central,21.405,72.224,1073590,1073590,11,100,2022-05-03,2022-10-30,,4,73.4,VEND222,1
WRK00508,School Building - Silchar North,School Building,Assam,Silchar,Silchar North,27.2959,91.8655,7237458,940869,14,13,2023-03-12,2024-02-15,,4,29.7,VEND250,0
WRK01182,Water Supply Scheme - Surat Central,Water Supply Scheme,Gujarat,Surat,Surat Central,22.9081,70.677,2276899,1411677,58,62,2023-12-19,2024-10-06,,10,43.0,VEND343,0
WRK03276,Community Hall - Kolkata West,Community Hall,West Bengal,Kolkata,Kolkata West,22.6349,88.2592,2152858,150700,11,7,2023-08-16,2025-01-09,,3,24.0,VEND055,0
WRK00489,Streetlight Installation - Ludhiana East,Streetlight Installation,Punjab,Ludhiana,Ludhiana East,30.8397,75.0903,13070235,8103545,61,62,2023-06-22,2023-11-29,,5,44.4,VEND351,0
WRK01125,School Building - Bhagalpur Central,School Building,Bihar,Bhagalpur,Bhagalpur Central,24.7619,85.2279,2302426,667703,32,29,2022-12-12,2023-08-04,,7,21.5,VEND237,0
WRK02990,Drainage Project - Prayagraj Rural,Drainage Project,Uttar Pradesh,Prayagraj,Prayagraj Rural,26.1238,80.0942,21988674,20009693,97,91,2023-12-17,2024-08-23,,12,35.0,VEND241,0
WRK01542,School Building - Mangaluru Central,School Building,Karnataka,Mangaluru,Mangaluru Central,14.8125,74.5015,16793901,16793901,5,100,2023-07-20,2023-11-22,,2,43.1,VEND084,1
WRK00389,Streetlight Installation - Jaipur Rural,Streetlight Installation,Rajasthan,Jaipur,Jaipur Rural,26.7925,73.2925,10724471,8686821,86,81,2022-05-12,2022-11-19,,7,10.9,VEND317,0
WRK02972,Public Toilet Complex - Pune Central,Public Toilet Complex,Maharashtra,Pune,Pune Central,19.3435,74.901,1670187,1653485,97,99,2024-01-13,2024-09-13,,12,24.6,VEND213,0
WRK03662,Public Toilet Complex - Mangaluru North,Public Toilet Complex,Karnataka,Mangaluru,Mangaluru North,15.303,76.1916,2119832,2119832,11,100,2024-07-14,2025-09-25,,4,67.0,VEND380,1
WRK02212,Drainage Project - Jalandhar West,Drainage Project,Punjab,Jalandhar,Jalandhar West,30.413,74.5727,2368582,1184291,50,50,2022-09-26,2023-03-11,,6,21.2,VEND303,0
WRK01291,Water Supply Scheme - Rajkot Central,Water Supply Scheme,Gujarat,Rajkot,Rajkot Central,22.7426,70.1911,1985819,853902,47,43,2023-04-18,2024-07-18,,8,35.7,VEND178,0
WRK00862,Water Supply Scheme - Surat West,Water Supply Scheme,Gujarat,Surat,Surat West,22.911,70.5527,8106404,6160867,79,76,2023-09-18,2024-06-12,,7,27.0,VEND034,0
WRK02948,Drainage Project - Patiala East,Drainage Project,Punjab,Patiala,Patiala East,30.2385,75.8024,480645,158612,29,33,2022-09-22,2023-02-15,,3,26.8,VEND393,0
WRK02332,Anganwadi Centre - Bengaluru Urban North,Anganwadi Centre,Karnataka,Bengaluru Urban,Bengaluru Urban North,16.4062,76.6432,17634655,5114049,31,29,2024-06-16,2025-03-08,,5,16.5,VEND389,0
WRK00816,Health Sub-Centre - Bhopal North,Health Sub-Centre,Madhya Pradesh,Bhopal,Bhopal North,23.9294,79.3836,1688345,1181841,78,70,2023-03-22,2024-03-23,,5,28.3,VEND131,0
WRK01087,Irrigation Canal - Panipat South,Irrigation Canal,Haryana,Panipat,Panipat South,30.1197,76.3075,535221,203383,41,38,2024-02-18,2024-09-04,,6,36.8,VEND088,0
WRK02791,Public Toilet Complex - Dibrugarh North,Public Toilet Complex,Assam,Dibrugarh,Dibrugarh North,25.9948,93.7212,8022883,7541510,89,94,2024-05-05,2025-08-17,,9,20.9,VEND255,0
WRK01577,Community Hall - Surat North,Community Hall,Gujarat,Surat,Surat North,22.7895,72.2895,7979135,3271445,42,41,2023-09-17,2025-01-09,,7,37.8,VEND045,0
WRK02113,Community Hall - Ahmedabad Rural,Community Hall,Gujarat,Ahmedabad,Ahmedabad Rural,21.4403,71.7202,1611159,773356,53,48,2023-07-24,2024-01-17,,9,11.0,VEND354,0
WRK03802,Health Sub-Centre - Madurai West,Health Sub-Centre,Tamil Nadu,Madurai,Madurai West,11.4498,77.903,10351734,2691450,27,26,2023-06-10,2024-05-03,,12,17.4,VEND348,0
WRK03393,Anganwadi Centre - Bikaner North,Anganwadi Centre,Rajasthan,Bikaner,Bikaner North,26.0408,73.3559,479726,450942,88,94,2024-07-26,2025-01-29,,7,21.9,VEND222,0
WRK01280,Health Sub-Centre - Guwahati Urban,Health Sub-Centre,Assam,Guwahati,Guwahati Urban,25.3321,93.4716,3273739,3142789,92,96,2022-10-29,2023-11-08,,8,26.0,VEND201,0
WRK00605,Community Hall - Ahmedabad South,Community Hall,Gujarat,Ahmedabad,Ahmedabad South,22.3407,70.7236,11266892,3830743,36,34,2022-06-11,2023-04-24,,6,20.2,VEND269,0
WRK02783,Water Supply Scheme - Patiala Central,Water Supply Scheme,Punjab,Patiala,Patiala Central,31.205,74.3406,2497713,124885,2,5,2024-03-26,2025-06-03,,5,22.9,VEND176,0
WRK03940,Community Hall - Dibrugarh West,Community Hall,Assam,Dibrugarh,Dibrugarh West,26.8975,92.3723,4081039,3224020,78,79,2023-03-08,2023-09-26,,9,12.5,VEND067,0
WRK00353,Anganwadi Centre - Siliguri West,Anganwadi Centre,West Bengal,Siliguri,Siliguri West,22.4941,87.6771,19447100,13807441,78,71,2022-12-01,2023-06-28,,12,16.3,VEND256,0
WRK00324,Streetlight Installation - Indore Urban,Streetlight Installation,Madhya Pradesh,Indore,Indore Urban,24.568,77.742,8378098,8378098,98,100,2024-05-10,2025-04-06,,6,33.1,VEND372,0
WRK03412,Community Hall - Pune North,Community Hall,Maharashtra,Pune,Pune North,20.6302,75.8593,18243683,14594946,72,80,2023-08-17,2024-10-28,,4,27.6,VEND335,0
WRK03184,Streetlight Installation - Nizamabad Central,Streetlight Installation,Telangana,Nizamabad,Nizamabad Central,18.9457,79.8976,9063122,1631361,14,18,2023-04-24,2024-05-21,,3,39.3,VEND164,0
WRK02991,Streetlight Installation - Belagavi Rural,Streetlight Installation,Karnataka,Belagavi,Belagavi Rural,14.7773,76.451,6588147,2832903,40,43,2024-08-26,2026-01-15,,10,43.2,VEND201,0
WRK01656,Streetlight Installation - Mumbai South,Streetlight Installation,Maharashtra,Mumbai,Mumbai South,20.0791,76.4774,8948645,4921754,58,55,2022-05-23,2023-06-10,,4,13.1,VEND029,0
WRK02199,Health Sub-Centre - Rourkela Rural,Health Sub-Centre,Odisha,Rourkela,Rourkela Rural,20.5803,84.7665,5428306,4071229,73,75,2022-04-11,2022-08-16,,6,26.2,VEND103,0
WRK02083,Road Construction - Patiala North,Road Construction,Punjab,Patiala,Patiala North,32.0009,75.0972,1628965,1205434,77,74,2022-06-02,2023-05-25,,6,11.9,VEND219,0
WRK02528,Drainage Project - Rourkela Rural,Drainage Project,Odisha,Rourkela,Rourkela Rural,21.4254,85.5511,17761951,2841912,8,16,2024-03-17,2025-03-24,,8,22.4,VEND308,0
WRK01406,Irrigation Canal - Faridabad Central,Irrigation Canal,Haryana,Faridabad,Faridabad Central,29.2632,76.9962,479357,354724,75,74,2022-11-23,2023-08-31,,10,19.3,VEND334,0
WRK02988,School Building - Udaipur Urban,School Building,Rajasthan,Udaipur,Udaipur Urban,27.5955,75.3814,966420,357575,29,37,2022-08-13,2023-05-24,,3,42.9,VEND395,0
WRK01700,Water Supply Scheme - Rajkot Central,Water Supply Scheme,Gujarat,Rajkot,Rajkot Central,22.6264,70.4442,9263192,9263192,11,100,2022-10-18,2023-03-27,,5,77.2,VEND007,1
WRK01706,Health Sub-Centre - Darjeeling Rural,Health Sub-Centre,West Bengal,Darjeeling,Darjeeling Rural,23.6401,87.5313,9223024,5626044,59,61,2023-01-18,2024-04-15,,5,40.4,VEND040,0
WRK02068,Irrigation Canal - Hyderabad North,Irrigation Canal,Telangana,Hyderabad,Hyderabad North,17.7751,79.5731,10918713,4913420,49,45,2024-08-24,2025-02-07,,6,14.9,VEND254,0
WRK00623,Health Sub-Centre - Patna Urban,Health Sub-Centre,Bihar,Patna,Patna Urban,26.1565,84.2638,477102,372139,80,78,2023-02-25,2024-04-07,,12,17.2,VEND278,0
WRK02797,Community Hall - Nizamabad South,Community Hall,Telangana,Nizamabad,Nizamabad South,16.7768,79.0121,16650876,1831596,12,11,2023-10-03,2024-05-15,,7,28.6,VEND293,0
WRK02742,Anganwadi Centre - Kolkata Central,Anganwadi Centre,West Bengal,Kolkata,Kolkata Central,21.7268,87.1816,418974,196917,46,47,2024-06-03,2025-11-18,,5,19.9,VEND373,0
WRK03801,Anganwadi Centre - Darjeeling Rural,Anganwadi Centre,West Bengal,Darjeeling,Darjeeling Rural,23.4983,87.0707,8006979,7366420,92,92,2022-09-23,2023-06-26,,9,34.1,VEND078,0
WRK01832,Drainage Project - Warangal East,Drainage Project,Telangana,Warangal,Warangal East,18.0943,80.0517,1051687,946518,83,90,2024-08-12,2025-11-23,,3,13.9,VEND100,0
WRK01275,Public Toilet Complex - Gaya South,Public Toilet Complex,Bihar,Gaya,Gaya South,24.7645,84.8132,2373816,2278863,95,96,2022-04-08,2023-06-23,,7,29.5,VEND262,0
WRK02208,Anganwadi Centre - Varanasi East,Anganwadi Centre,Uttar Pradesh,Varanasi,Varanasi East,26.9021,82.0483,2247182,741570,25,33,2024-06-08,2025-03-26,,9,30.0,VEND230,0
WRK00164,Road Construction - Rajkot Central,Road Construction,Gujarat,Rajkot,Rajkot Central,22.2891,71.3084,15519212,9311527,52,60,2022-12-24,2023-07-21,,4,29.6,VEND258,0
WRK01754,Irrigation Canal - Nizamabad South,Irrigation Canal,Telangana,Nizamabad,Nizamabad South,18.1376,78.4722,11633640,10121266,57,87,2023-09-17,2024-09-10,,1,96.0,VEND212,1
WRK02048,Anganwadi Centre - Mysuru Central,Anganwadi Centre,Karnataka,Mysuru,Mysuru Central,15.7644,74.5953,21382840,21382840,95,100,2023-11-01,2024-03-21,,10,41.0,VEND336,0
WRK02601,Public Toilet Complex - Nagpur West,Public Toilet Complex,Maharashtra,Nagpur,Nagpur West,20.5649,75.8011,9709767,6991032,75,72,2023-03-08,2023-11-18,,10,33.4,VEND149,0
WRK02247,Community Hall - Hyderabad West,Community Hall,Telangana,Hyderabad,Hyderabad West,16.9809,78.7438,4540321,4358708,94,96,2024-02-18,2024-10-30,,4,72.1,VEND196,1
WRK02978,Water Supply Scheme - Muzaffarpur Central,Water Supply Scheme,Bihar,Muzaffarpur,Muzaffarpur Central,25.7041,86.1295,8580357,8408749,33,98,2024-04-11,2025-08-05,,5,78.0,VEND138,1
WRK00409,Drainage Project - Kozhikode South,Drainage Project,Kerala,Kozhikode,Kozhikode South,11.0227,76.6323,1752259,245316,15,14,2022-04-30,2023-09-13,,5,40.0,VEND073,0
WRK00143,Water Supply Scheme - Aurangabad Central,Water Supply Scheme,Maharashtra,Aurangabad,Aurangabad Central,19.5499,76.67,3056935,1773022,65,58,2022-08-16,2023-11-01,,12,15.1,VEND086,0
WRK00023,Health Sub-Centre - Solapur North,Health Sub-Centre,Maharashtra,Solapur,Solapur North,19.1593,75.847,1695675,525659,33,31,2023-07-02,2023-11-04,,6,34.3,VEND180,0
WRK02253,Streetlight Installation - Rourkela Urban,Streetlight Installation,Odisha,Rourkela,Rourkela Urban,21.7298,84.631,458858,454269,99,99,2024-06-17,2025-04-21,,3,44.0,VEND205,0
WRK01771,Drainage Project - Jaipur West,Drainage Project,Rajasthan,Jaipur,Jaipur West,26.2146,73.9105,12593240,2266783,12,18,2022-05-15,2023-05-22,,6,39.6,VEND238,0
WRK01006,Road Construction - Bikaner Rural,Road Construction,Rajasthan,Bikaner,Bikaner Rural,28.1768,73.0618,9838603,9051514,100,92,2024-05-25,2024-12-17,2024-12-15,8,26.1,VEND371,0
WRK00642,Streetlight Installation - Bhagalpur West,Streetlight Installation,Bihar,Bhagalpur,Bhagalpur West,25.1811,84.1622,2403801,1658622,75,69,2023-02-10,2024-05-03,,9,41.0,VEND064,0
WRK02495,Water Supply Scheme - Kochi South,Water Supply Scheme,Kerala,Kochi,Kochi South,11.4261,77.3665,4113225,4072092,90,99,2023-10-22,2024-05-08,,4,58.8,VEND080,1
WRK01344,Irrigation Canal - Asansol Central,Irrigation Canal,West Bengal,Asansol,Asansol Central,22.4079,87.7411,2157733,1186753,57,55,2024-08-17,2025-06-30,,6,13.5,VEND042,0
WRK00385,Streetlight Installation - Bikaner South,Streetlight Installation,Rajasthan,Bikaner,Bikaner South,26.7122,73.4732,7022586,1474743,23,21,2022-12-23,2023-10-28,,11,34.7,VEND341,0
WRK00889,Water Supply Scheme - Hyderabad North,Water Supply Scheme,Telangana,Hyderabad,Hyderabad North,17.19,78.4016,1067104,1067104,96,100,2024-04-15,2025-02-25,,4,12.2,VEND129,0
WRK02967,Water Supply Scheme - Nizamabad Urban,Water Supply Scheme,Telangana,Nizamabad,Nizamabad Urban,18.7713,79.5613,14836826,4302679,33,29,2022-08-07,2023-06-10,,3,17.7,VEND307,0
WRK01086,Public Toilet Complex - Kanpur East,Public Toilet Complex,Uttar Pradesh,Kanpur,Kanpur East,25.7365,81.5397,7369656,7369656,98,100,2023-02-07,2023-11-17,,10,13.6,VEND154,0
WRK03004,Community Hall - Bhubaneswar Central,Community Hall,Odisha,Bhubaneswar,Bhubaneswar Central,20.7784,85.5006,1151573,656396,51,57,2022-05-21,2023-10-16,,11,36.6,VEND300,0
WRK00532,Health Sub-Centre - Kochi North,Health Sub-Centre,Kerala,Kochi,Kochi North,10.4926,76.0841,837363,326571,38,39,2023-02-07,2023-12-15,,10,11.0,VEND074,0
WRK01854,School Building - Patiala East,School Building,Punjab,Patiala,Patiala East,32.0734,74.3874,1078164,75471,0,7,2024-07-26,2025-03-23,,8,18.0,VEND287,0
WRK01936,Drainage Project - Kolkata North,Drainage Project,West Bengal,Kolkata,Kolkata North,22.539,87.3024,16993434,5098030,32,30,2022-09-15,2023-11-22,,4,19.8,VEND249,0
WRK02448,Irrigation Canal - Kozhikode South,Irrigation Canal,Kerala,Kozhikode,Kozhikode South,9.9682,76.0107,15064435,7381573,45,49,2023-07-28,2024-03-22,,4,21.7,VEND091,0
WRK03642,Irrigation Canal - Prayagraj Rural,Irrigation Canal,Uttar Pradesh,Prayagraj,Prayagraj Rural,27.6119,82.0543,10157737,6907261,63,68,2024-05-09,2025-06-07,,9,41.8,VEND155,0
WRK03880,Road Construction - Dibrugarh Central,Road Construction,Assam,Dibrugarh,Dibrugarh Central,26.6522,92.2442,6590840,4547679,76,69,2022-06-14,2023-08-24,,8,11.0,VEND156,0
WRK01933,Public Toilet Complex - Faridabad West,Public Toilet Complex,Haryana,Faridabad,Faridabad West,29.0014,76.8534,526117,252536,40,48,2023-08-05,2024-04-06,,8,37.2,VEND199,0
WRK01672,Irrigation Canal - Mumbai Central,Irrigation Canal,Maharashtra,Mumbai,Mumbai Central,20.5601,75.0582,13956636,3907858,28,28,2024-06-17,2025-11-17,,11,24.0,VEND357,0
WRK02439,Drainage Project - Belagavi North,Drainage Project,Karnataka,Belagavi,Belagavi North,15.0456,75.4993,12588032,12588032,0,100,2023-02-22,2024-07-04,,2,79.3,VEND206,1
WRK02110,Drainage Project - Hubballi Rural,Drainage Project,Karnataka,Hubballi,Hubballi Rural,15.0378,76.398,881695,590735,59,67,2024-08-13,2025-11-01,,8,40.4,VEND005,0
WRK03640,Health Sub-Centre - Mumbai South,Health Sub-Centre,Maharashtra,Mumbai,Mumbai South,19.4331,74.7858,1725206,500309,32,29,2022-12-09,2024-04-29,,6,28.8,VEND226,0
WRK01149,School Building - Bhopal Central,School Building,Madhya Pradesh,Bhopal,Bhopal Central,23.3611,78.4041,1030237,1030237,11,100,2022-07-30,2023-12-23,,5,72.6,VEND368,1
WRK00787,Irrigation Canal - Belagavi East,Irrigation Canal,Karnataka,Belagavi,Belagavi East,14.9958,75.8528,21653038,20786916,89,96,2023-08-11,2024-03-26,,4,19.7,VEND020,0
WRK01586,Health Sub-Centre - Gwalior East,Health Sub-Centre,Madhya Pradesh,Gwalior,Gwalior East,22.6776,79.7996,6898724,5449991,78,79,2024-06-15,2025-10-12,,5,27.6,VEND156,0
WRK03826,Anganwadi Centre - Bhagalpur Central,Anganwadi Centre,Bihar,Bhagalpur,Bhagalpur Central,26.4396,86.0211,409837,90164,21,22,2022-08-02,2023-08-02,,10,32.9,VEND124,0
WRK03786,Public Toilet Complex - Surat Rural,Public Toilet Complex,Gujarat,Surat,Surat Rural,21.5057,71.9087,17493471,15219319,87,87,2023-06-17,2024-11-19,,3,12.2,VEND246,0
WRK03165,Public Toilet Complex - Aurangabad Central,Public Toilet Complex,Maharashtra,Aurangabad,Aurangabad Central,20.6988,76.6803,1802143,360428,19,20,2023-12-13,2024-11-29,,5,24.0,VEND032,0
WRK03238,Irrigation Canal - Jabalpur Central,Irrigation Canal,Madhya Pradesh,Jabalpur,Jabalpur Central,22.5957,77.8175,22485326,1124266,3,5,2023-04-15,2024-02-17,,8,41.4,VEND123,0
WRK00953,Road Construction - Silchar North,Road Construction,Assam,Silchar,Silchar North,26.3033,92.5325,1849503,1461107,75,79,2022-12-08,2023-06-16,,6,33.6,VEND136,0
WRK02161,Anganwadi Centre - Cuttack West,Anganwadi Centre,Odisha,Cuttack,Cuttack West,20.2807,84.4683,15817312,4270674,21,27,2024-01-22,2024-11-06,,5,29.4,VEND156,0
WRK02554,School Building - Guwahati East,School Building,Assam,Guwahati,Guwahati East,27.0584,93.854,974186,292255,37,30,2024-09-01,2025-09-22,,10,10.8,VEND118,0
WRK03858,Road Construction - Jabalpur Central,Road Construction,Madhya Pradesh,Jabalpur,Jabalpur Central,23.5924,77.8632,16151460,2907262,12,18,2024-08-16,2025-04-18,,10,32.2,VEND205,0
WRK01575,Road Construction - Silchar East,Road Construction,Assam,Silchar,Silchar East,25.4197,93.3143,1640258,1640258,96,100,2023-12-16,2024-09-25,,7,38.9,VEND115,0
WRK01956,Road Construction - Asansol Rural,Road Construction,West Bengal,Asansol,Asansol Rural,23.8455,88.9384,19506388,18531068,94,95,2024-05-22,2025-05-04,,5,30.3,VEND312,0
WRK03366,Streetlight Installation - Bhopal South,Streetlight Installation,Madhya Pradesh,Bhopal,Bhopal South,23.0481,79.3407,17718279,9922236,56,56,2023-05-18,2024-01-25,,10,25.1,VEND299,0
WRK03474,Drainage Project - Kanpur Urban,Drainage Project,Uttar Pradesh,Kanpur,Kanpur Urban,26.3588,80.8614,9716191,3400666,40,35,2024-08-06,2024-12-19,,3,38.1,VEND073,0
WRK03229,Water Supply Scheme - Guwahati Rural,Water Supply Scheme,Assam,Guwahati,Guwahati Rural,25.9322,93.6696,15181996,11993776,77,79,2023-01-16,2024-02-18,,8,28.7,VEND354,0
WRK02970,Health Sub-Centre - Asansol Urban,Health Sub-Centre,West Bengal,Asansol,Asansol Urban,22.3184,88.8144,13909891,12797099,100,92,2023-06-06,2024-07-22,2024-07-07,4,28.3,VEND065,0
WRK01332,Community Hall - Nizamabad East,Community Hall,Telangana,Nizamabad,Nizamabad East,18.2427,80.0224,19241188,9235770,46,48,2024-03-04,2025-06-18,,6,37.9,VEND298,0
WRK01843,Irrigation Canal - Panipat Central,Irrigation Canal,Haryana,Panipat,Panipat Central,28.6856,75.1252,6760349,2636536,36,39,2022-09-26,2023-01-24,,10,34.2,VEND114,0
WRK02209,Health Sub-Centre - Bhopal South,Health Sub-Centre,Madhya Pradesh,Bhopal,Bhopal South,24.1209,78.4969,14550014,10330509,68,71,2023-01-26,2024-06-24,,6,23.2,VEND390,0
WRK02779,Anganwadi Centre - Jalandhar Urban,Anganwadi Centre,Punjab,Jalandhar,Jalandhar Urban,31.515,75.1379,17570297,14759049,76,84,2022-06-19,2022-11-26,,12,30.7,VEND205,0
WRK00755,Health Sub-Centre - Nizamabad South,Health Sub-Centre,Telangana,Nizamabad,Nizamabad South,19.0338,79.3772,1078883,690485,57,64,2022-08-30,2023-07-15,,4,14.0,VEND219,0
WRK02586,Community Hall - Cuttack South,Community Hall,Odisha,Cuttack,Cuttack South,19.7492,84.3985,10574096,4652602,37,44,2023-01-28,2024-05-07,,6,41.1,VEND027,0
WRK01379,Irrigation Canal - Dibrugarh East,Irrigation Canal,Assam,Dibrugarh,Dibrugarh East,25.5385,92.9108,10044375,9642600,94,96,2023-10-24,2024-11-27,,8,28.4,VEND342,0
WRK03774,School Building - Vadodara South,School Building,Gujarat,Vadodara,Vadodara South,23.1648,72.185,15560916,15560916,92,100,2022-12-13,2023-06-06,,11,26.5,VEND215,0
WRK03205,Irrigation Canal - Erode East,Irrigation Canal,Tamil Nadu,Erode,Erode East,11.0237,78.0012,1922584,1768777,20,92,2022-12-15,2024-01-04,,2,55.2,VEND068,1
WRK02101,School Building - Hyderabad Rural,School Building,Telangana,Hyderabad,Hyderabad Rural,18.9237,80.4555,473399,189359,35,40,2023-09-23,2024-10-11,,11,10.8,VEND208,0
WRK00287,Water Supply Scheme - Warangal Central,Water Supply Scheme,Telangana,Warangal,Warangal Central,18.4362,79.4901,9478790,6540365,61,69,2022-10-12,2023-08-02,,7,37.1,VEND074,0
WRK03132,Streetlight Installation - Surat Rural,Streetlight Installation,Gujarat,Surat,Surat Rural,21.6168,71.9405,20919473,16526383,85,79,2023-03-04,2024-01-31,,9,26.7,VEND159,0
WRK03410,Community Hall - Faridabad Central,Community Hall,Haryana,Faridabad,Faridabad Central,28.903,75.2477,2673251,828707,25,31,2022-12-28,2024-04-16,,10,30.7,VEND279,0
WRK01080,Drainage Project - Meerut West,Drainage Project,Uttar Pradesh,Meerut,Meerut West,27.1307,81.6682,8074281,6378681,74,79,2023-11-04,2024-03-07,,4,35.2,VEND227,0
WRK01512,Water Supply Scheme - Guwahati West,Water Supply Scheme,Assam,Guwahati,Guwahati West,26.4951,92.7725,4604791,506527,9,11,2024-03-02,2025-02-18,,6,13.5,VEND090,0
WRK02927,Streetlight Installation - Faridabad West,Streetlight Installation,Haryana,Faridabad,Faridabad West,28.1135,77.1111,501556,260809,59,52,2023-12-02,2024-10-08,,6,29.9,VEND209,0
WRK00136,Streetlight Installation - Indore Rural,Streetlight Installation,Madhya Pradesh,Indore,Indore Rural,22.51,79.6897,2674371,936029,28,35,2023-04-03,2023-08-21,,6,12.2,VEND190,0
WRK03502,Streetlight Installation - Siliguri East,Streetlight Installation,West Bengal,Siliguri,Siliguri East,21.7623,86.816,559640,285416,45,51,2022-11-09,2023-11-28,,10,31.0,VEND105,0
WRK02192,Road Construction - Indore Central,Road Construction,Madhya Pradesh,Indore,Indore Central,23.3708,78.155,23621137,19369332,77,82,2024-06-15,2024-10-19,,9,16.0,VEND356,0
WRK00212,School Building - Panipat South,School Building,Haryana,Panipat,Panipat South,29.1863,75.1972,5829691,5596503,38,96,2023-09-26,2024-04-12,,2,86.2,VEND233,1
WRK03059,Health Sub-Centre - Patna East,Health Sub-Centre,Bihar,Patna,Patna East,27.0841,84.2158,2275492,432343,12,19,2023-10-25,2025-01-15,,6,38.9,VEND237,0
WRK00275,Irrigation Canal - Jabalpur West,Irrigation Canal,Madhya Pradesh,Jabalpur,Jabalpur West,23.6419,79.5689,866813,355393,33,41,2024-08-16,2025-05-25,,12,44.8,VEND182,0
WRK00089,Road Construction - Jaipur West,Road Construction,Rajasthan,Jaipur,Jaipur West,25.9087,73.8991,2002509,901129,52,45,2022-07-15,2023-06-06,,11,29.2,VEND047,0
WRK03138,Community Hall - Warangal East,Community Hall,Telangana,Warangal,Warangal East,19.0282,79.9029,442524,141607,30,32,2022-09-10,2023-08-30,,8,38.3,VEND146,0
WRK00299,Health Sub-Centre - Surat East,Health Sub-Centre,Gujarat,Surat,Surat East,23.3112,70.7205,4205019,1009204,16,24,2023-12-10,2025-01-27,,4,24.2,VEND366,0
WRK00568,Health Sub-Centre - Gurugram West,Health Sub-Centre,Haryana,Gurugram,Gurugram West,28.5198,76.5837,2477389,99095,8,4,2024-08-16,2025-12-04,,3,42.2,VEND227,0
WRK03309,Water Supply Scheme - Thiruvananthapuram Rural,Water Supply Scheme,Kerala,Thiruvananthapuram,Thiruvananthapuram Rural,9.8797,77.0389,2271076,545058,22,24,2023-03-15,2023-11-14,,4,15.5,VEND385,0
WRK00316,Public Toilet Complex - Warangal West,Public Toilet Complex,Telangana,Warangal,Warangal West,17.406,80.4884,1748367,1258824,78,72,2022-06-20,2023-07-12,,6,26.5,VEND380,0
WRK02152,Anganwadi Centre - Mumbai South,Anganwadi Centre,Maharashtra,Mumbai,Mumbai South,20.3538,76.3271,3465269,2148466,70,62,2023-11-04,2025-04-13,,4,44.9,VEND137,0
WRK03438,Public Toilet Complex - Silchar West,Public Toilet Complex,Assam,Silchar,Silchar West,25.5283,93.7073,3257612,2312904,71,71,2022-09-16,2023-09-17,,10,14.7,VEND134,0
WRK02021,School Building - Bhagalpur East,School Building,Bihar,Bhagalpur,Bhagalpur East,26.8516,86.2584,5769853,5308264,87,92,2024-07-15,2025-11-07,,4,11.2,VEND054,0
WRK03011,Community Hall - Hyderabad North,Community Hall,Telangana,Hyderabad,Hyderabad North,16.9683,79.6567,2111539,1478077,63,70,2022-07-11,2023-05-20,,4,30.7,VEND083,0
WRK03159,Public Toilet Complex - Solapur Rural,Public Toilet Complex,Maharashtra,Solapur,Solapur Rural,19.8879,76.1815,4098116,3565360,95,87,2024-07-29,2025-11-16,,4,44.3,VEND086,0
WRK03843,Anganwadi Centre - Nagpur Urban,Anganwadi Centre,Maharashtra,Nagpur,Nagpur Urban,20.1106,76.799,413510,239835,61,58,2022-09-17,2023-11-03,,9,23.3,VEND385,0
WRK00529,Anganwadi Centre - Rajkot Rural,Anganwadi Centre,Gujarat,Rajkot,Rajkot Rural,21.6132,72.1719,17909937,4656583,18,26,2024-07-22,2025-02-10,,5,27.0,VEND235,0
WRK03713,Streetlight Installation - Jaipur Urban,Streetlight Installation,Rajasthan,Jaipur,Jaipur Urban,25.8359,73.1321,21516345,12694643,65,59,2024-04-03,2025-07-07,,12,34.0,VEND323,0
WRK00309,Health Sub-Centre - Gwalior Rural,Health Sub-Centre,Madhya Pradesh,Gwalior,Gwalior Rural,22.5625,78.4376,5819049,3200476,51,55,2024-03-29,2025-02-07,,9,29.1,VEND340,0
WRK01506,Anganwadi Centre - Howrah South,Anganwadi Centre,West Bengal,Howrah,Howrah South,22.561,88.9895,426134,149146,43,35,2023-09-25,2024-09-23,,12,14.9,VEND209,0
WRK02497,Streetlight Installation - Rourkela East,Streetlight Installation,Odisha,Rourkela,Rourkela East,20.8156,85.0901,8139521,1058137,14,13,2023-12-11,2025-05-24,,8,41.1,VEND053,0
WRK01375,Irrigation Canal - Gurugram North,Irrigation Canal,Haryana,Gurugram,Gurugram North,30.1767,76.2672,570369,279480,50,49,2023-04-29,2024-01-15,,3,11.5,VEND007,0
WRK01135,Road Construction - Silchar Central,Road Construction,Assam,Silchar,Silchar Central,27.2961,93.1385,13892182,6251481,46,45,2024-06-28,2025-07-25,,11,15.8,VEND082,0
WRK01204,Public Toilet Complex - Guwahati Central,Public Toilet Complex,Assam,Guwahati,Guwahati Central,27.3419,92.5859,17372770,2779643,20,16,2023-01-20,2024-02-29,,11,43.7,VEND030,0
WRK01319,Anganwadi Centre - Solapur Rural,Anganwadi Centre,Maharashtra,Solapur,Solapur Rural,20.6116,76.0568,3148206,2675975,26,85,2022-04-12,2023-02-16,,2,61.0,VEND137,1
WRK02333,Streetlight Installation - Gaya South,Streetlight Installation,Bihar,Gaya,Gaya South,25.3,85.1843,10716988,6108683,59,57,2023-07-05,2024-06-28,,6,42.9,VEND213,0
WRK00834,Anganwadi Centre - Silchar Rural,Anganwadi Centre,Assam,Silchar,Silchar Rural,25.7861,93.012,526283,505231,16,96,2022-11-18,2023-06-13,,2,77.4,VEND027,1
WRK02111,Community Hall - Ludhiana North,Community Hall,Punjab,Ludhiana,Ludhiana North,30.4933,76.4906,13083976,3925192,28,30,2023-06-23,2024-04-12,,11,15.8,VEND062,0
WRK01683,Public Toilet Complex - Thrissur Central,Public Toilet Complex,Kerala,Thrissur,Thrissur Central,10.0066,76.5284,13624101,4768435,31,35,2023-12-24,2025-06-08,,12,29.2,VEND160,0
WRK02288,Streetlight Installation - Bhubaneswar Rural,Streetlight Installation,Odisha,Bhubaneswar,Bhubaneswar Rural,20.6566,84.2083,1025927,0,1,0,2023-09-29,2024-10-29,,9,21.3,VEND312,0
WRK02381,Drainage Project - Bhagalpur Urban,Drainage Project,Bihar,Bhagalpur,Bhagalpur Urban,26.032,86.0701,12599591,9449693,69,75,2024-06-27,2025-10-25,,3,33.5,VEND283,0
WRK03499,School Building - Jabalpur South,School Building,Madhya Pradesh,Jabalpur,Jabalpur South,24.0547,77.9992,3225327,0,0,0,2023-10-24,2024-08-06,,7,14.5,VEND041,0
WRK02005,Public Toilet Complex - Ludhiana South,Public Toilet Complex,Punjab,Ludhiana,Ludhiana South,30.2799,75.1936,5811700,5811700,96,100,2023-08-28,2024-06-17,,11,14.0,VEND042,0
WRK03018,Irrigation Canal - Kolkata West,Irrigation Canal,West Bengal,Kolkata,Kolkata West,23.7883,87.9894,22545696,12174675,52,54,2023-11-01,2025-01-23,,7,24.5,VEND199,0
WRK02621,Irrigation Canal - Pune Central,Irrigation Canal,Maharashtra,Pune,Pune Central,20.5137,76.7354,4505823,2703493,68,60,2024-02-22,2025-06-21,,10,20.2,VEND299,0
WRK01167,Drainage Project - Kochi West,Drainage Project,Kerala,Kochi,Kochi West,10.5608,76.9485,3179254,2034722,58,64,2023-11-10,2024-04-05,,10,30.7,VEND034,0
WRK00630,School Building - Hyderabad Central,School Building,Telangana,Hyderabad,Hyderabad Central,19.0852,80.4128,13954938,7535666,47,54,2022-06-01,2022-12-08,,7,17.1,VEND193,0
WRK03166,Public Toilet Complex - Nizamabad South,Public Toilet Complex,Telangana,Nizamabad,Nizamabad South,17.4853,79.5891,2872293,1292531,51,45,2024-06-24,2025-01-05,,9,19.0,VEND225,0
WRK03207,Streetlight Installation - Nizamabad Rural,Streetlight Installation,Telangana,Nizamabad,Nizamabad Rural,19.0732,80.1791,1148965,562992,52,49,2022-06-09,2023-07-08,,7,20.4,VEND181,0
WRK03602,Streetlight Installation - Kochi Central,Streetlight Installation,Kerala,Kochi,Kochi Central,10.3789,76.9169,8089100,2588512,30,32,2023-04-18,2023-12-12,,8,16.2,VEND354,0
WRK03617,School Building - Panipat North,School Building,Haryana,Panipat,Panipat North,28.0735,76.3765,3307219,3241074,91,98,2022-07-01,2023-04-13,,3,39.9,VEND154,0
WRK02141,Public Toilet Complex - Panipat West,Public Toilet Complex,Haryana,Panipat,Panipat West,29.4542,76.2585,1032294,722605,77,70,2024-08-03,2025-08-01,,9,41.4,VEND356,0
WRK01862,School Building - Ahmedabad South,School Building,Gujarat,Ahmedabad,Ahmedabad South,21.3539,69.9714,1063947,74476,9,7,2022-09-01,2023-06-05,,12,18.5,VEND367,0
WRK01223,Community Hall - Vadodara Rural,Community Hall,Gujarat,Vadodara,Vadodara Rural,22.1598,72.2686,13676671,3282401,18,24,2022-07-26,2023-10-28,,4,36.4,VEND070,0
WRK03760,Irrigation Canal - Vellore Rural,Irrigation Canal,Tamil Nadu,Vellore,Vellore Rural,11.7271,79.6902,1183147,449595,44,38,2022-10-23,2023-09-07,,11,39.3,VEND192,0
WRK02912,Irrigation Canal - Muzaffarpur North,Irrigation Canal,Bihar,Muzaffarpur,Muzaffarpur North,26.9021,84.9803,1973573,315771,16,16,2023-02-05,2023-07-12,,9,10.2,VEND048,0
WRK02509,Anganwadi Centre - Thrissur North,Anganwadi Centre,Kerala,Thrissur,Thrissur North,11.3317,77.0709,7034912,703491,6,10,2022-06-08,2023-10-13,,8,24.7,VEND124,0
WRK03291,Road Construction - Rajkot North,Road Construction,Gujarat,Rajkot,Rajkot North,21.3591,70.9793,591359,171494,22,29,2024-03-08,2025-02-06,,12,21.6,VEND339,0
WRK00160,Streetlight Installation - Coimbatore Rural,Streetlight Installation,Tamil Nadu,Coimbatore,Coimbatore Rural,11.1783,77.9819,21899241,7226749,25,33,2023-06-24,2023-10-27,,7,16.8,VEND307,0
WRK03654,Anganwadi Centre - Muzaffarpur Rural,Anganwadi Centre,Bihar,Muzaffarpur,Muzaffarpur Rural,26.8559,84.6307,19087045,1526963,9,8,2022-08-07,2024-01-02,,11,42.7,VEND167,0
WRK03197,School Building - Belagavi West,School Building,Karnataka,Belagavi,Belagavi West,15.4105,75.4623,7270669,4725934,63,65,2023-07-14,2024-02-12,,11,11.7,VEND139,0
WRK03736,Water Supply Scheme - Vellore West,Water Supply Scheme,Tamil Nadu,Vellore,Vellore West,10.1153,79.1613,16914831,4059559,24,24,2022-06-09,2023-02-15,,11,23.5,VEND292,0
WRK00372,Irrigation Canal - Nizamabad North,Irrigation Canal,Telangana,Nizamabad,Nizamabad North,18.7795,80.684,16723853,2508577,7,15,2023-03-10,2024-07-18,,8,41.1,VEND057,0
WRK02132,Drainage Project - Coimbatore East,Drainage Project,Tamil Nadu,Coimbatore,Coimbatore East,11.0673,78.5103,20606281,19988092,94,97,2023-06-20,2024-11-09,,7,24.8,VEND237,0
WRK03872,Road Construction - Prayagraj Urban,Road Construction,Uttar Pradesh,Prayagraj,Prayagraj Urban,27.5852,81.3094,4637754,4220356,21,91,2023-01-15,2024-04-23,,2,64.3,VEND144,1
WRK03748,Road Construction - Kolkata South,Road Construction,West Bengal,Kolkata,Kolkata South,22.291,88.6729,506446,354512,65,70,2022-05-19,2023-05-01,,10,32.7,VEND265,0
WRK02476,School Building - Vellore Central,School Building,Tamil Nadu,Vellore,Vellore Central,10.844,79.4317,4413832,441383,12,10,2023-08-11,2024-10-06,,11,23.4,VEND041,0
WRK02338,Health Sub-Centre - Rajkot South,Health Sub-Centre,Gujarat,Rajkot,Rajkot South,21.4448,71.4224,2995290,1557550,55,52,2023-11-04,2024-03-04,,3,39.5,VEND126,0
WRK01554,Community Hall - Amritsar South,Community Hall,Punjab,Amritsar,Amritsar South,31.2379,76.448,17695687,6724361,41,38,2024-01-05,2024-10-29,,4,44.7,VEND348,0
WRK00240,Road Construction - Asansol West,Road Construction,West Bengal,Asansol,Asansol West,23.86,88.6973,13504383,12424032,94,92,2023-03-06,2023-10-19,,6,29.1,VEND385,0
WRK01430,Road Construction - Faridabad Urban,Road Construction,Haryana,Faridabad,Faridabad Urban,28.3104,75.0328,5716660,743165,11,13,2023-02-14,2024-01-15,,7,35.9,VEND071,0
WRK01979,Irrigation Canal - Mysuru Rural,Irrigation Canal,Karnataka,Mysuru,Mysuru Rural,16.403,75.4244,835029,776576,94,93,2022-05-28,2022-09-26,,9,14.5,VEND095,0
WRK02450,Public Toilet Complex - Hyderabad Urban,Public Toilet Complex,Telangana,Hyderabad,Hyderabad Urban,18.4736,79.2525,9501994,5511156,53,58,2022-06-02,2023-08-13,,7,13.7,VEND243,0
WRK02203,Streetlight Installation - Surat West,Streetlight Installation,Gujarat,Surat,Surat West,21.2546,70.4593,17886787,12341883,66,69,2024-02-04,2024-12-18,,10,43.3,VEND386,0
WRK00619,Road Construction - Mumbai Rural,Road Construction,Maharashtra,Mumbai,Mumbai Rural,19.494,75.449,8819883,2204970,19,25,2024-02-23,2024-11-08,,8,16.2,VEND366,0
WRK02382,Irrigation Canal - Asansol West,Irrigation Canal,West Bengal,Asansol,Asansol West,23.632,87.4877,2651593,715930,33,27,2023-02-25,2024-06-19,,10,24.7,VEND161,0
WRK01091,Community Hall - Vadodara North,Community Hall,Gujarat,Vadodara,Vadodara North,21.1467,71.0983,1961391,1784865,91,91,2022-10-31,2024-02-01,,7,39.1,VEND013,0
WRK00296,Streetlight Installation - Nizamabad North,Streetlight Installation,Telangana,Nizamabad,Nizamabad North,16.9018,79.0834,21054508,3579266,11,17,2023-11-03,2024-05-08,,4,25.9,VEND351,0
WRK00431,Drainage Project - Bhagalpur Urban,Drainage Project,Bihar,Bhagalpur,Bhagalpur Urban,25.5821,84.0636,1002443,0,3,0,2023-02-23,2023-07-24,,5,39.3,VEND179,0
WRK00280,Irrigation Canal - Kota Rural,Irrigation Canal,Rajasthan,Kota,Kota Rural,27.2335,74.2601,2206590,441318,22,20,2023-12-22,2024-05-04,,8,39.2,VEND345,0
WRK03746,Community Hall - Nizamabad North,Community Hall,Telangana,Nizamabad,Nizamabad North,18.2678,79.0538,8893450,800410,1,9,2022-09-19,2023-04-27,,11,12.0,VEND223,0
WRK00028,Road Construction - Gwalior South,Road Construction,Madhya Pradesh,Gwalior,Gwalior South,23.6373,79.0675,1049741,251937,26,24,2022-07-13,2023-04-28,,9,34.4,VEND370,0
WRK03209,Water Supply Scheme - Vellore Central,Water Supply Scheme,Tamil Nadu,Vellore,Vellore Central,10.5542,79.5972,8004814,4962984,69,62,2023-10-23,2024-10-26,,9,24.6,VEND164,0
WRK02628,Water Supply Scheme - Darjeeling Central,Water Supply Scheme,West Bengal,Darjeeling,Darjeeling Central,23.1489,88.521,11702117,9127651,71,78,2023-09-18,2024-08-31,,8,32.4,VEND026,0
WRK01657,Road Construction - Guwahati Rural,Road Construction,Assam,Guwahati,Guwahati Rural,26.313,93.2599,4778356,4730572,91,99,2024-01-06,2025-06-20,,2,49.4,VEND351,1
WRK00723,Road Construction - Tiruchirappalli North,Road Construction,Tamil Nadu,Tiruchirappalli,Tiruchirappalli North,10.672,79.4353,16849652,11457763,67,68,2023-04-25,2024-03-18,,6,17.8,VEND219,0
WRK00970,Irrigation Canal - Indore North,Irrigation Canal,Madhya Pradesh,Indore,Indore North,23.8793,78.3861,23541273,5885318,24,25,2024-06-20,2025-05-06,,8,24.9,VEND381,0
WRK02673,Road Construction - Warangal North,Road Construction,Telangana,Warangal,Warangal North,17.3817,80.4133,907804,726243,72,80,2023-04-03,2023-10-10,,10,27.1,VEND227,0
WRK03861,Public Toilet Complex - Varanasi South,Public Toilet Complex,Uttar Pradesh,Varanasi,Varanasi South,25.6672,81.9363,8172892,1389391,14,17,2024-06-05,2025-06-06,,4,20.9,VEND369,0
WRK03040,Community Hall - Meerut North,Community Hall,Uttar Pradesh,Meerut,Meerut North,25.6798,80.2786,577289,456058,78,79,2023-05-08,2024-09-21,,4,16.5,VEND323,0
WRK00951,Drainage Project - Aurangabad East,Drainage Project,Maharashtra,Aurangabad,Aurangabad East,19.9871,75.9391,3286880,3286880,94,100,2023-07-09,2024-09-23,,4,34.7,VEND162,0
WRK01212,Streetlight Installation - Faridabad West,Streetlight Installation,Haryana,Faridabad,Faridabad West,28.423,74.8039,1643786,1019147,59,62,2023-06-29,2024-05-12,,8,21.4,VEND205,0
WRK01429,Public Toilet Complex - Silchar Urban,Public Toilet Complex,Assam,Silchar,Silchar Urban,25.6122,93.5429,8282770,7620148,91,92,2024-08-27,2025-02-03,,11,33.0,VEND052,0
WRK00427,Public Toilet Complex - Asansol West,Public Toilet Complex,West Bengal,Asansol,Asansol West,22.2367,88.8976,1056388,369735,43,35,2022-12-24,2024-01-25,,3,44.7,VEND061,0
WRK03873,Health Sub-Centre - Hyderabad North,Health Sub-Centre,Telangana,Hyderabad,Hyderabad North,17.1232,79.2802,2929241,1259573,41,43,2022-04-29,2023-04-13,,3,28.5,VEND257,0
WRK00176,Anganwadi Centre - Jodhpur West,Anganwadi Centre,Rajasthan,Jodhpur,Jodhpur West,27.4974,74.8427,8259962,7599165,89,92,2022-11-02,2023-10-02,,8,39.9,VEND144,0
WRK01924,Water Supply Scheme - Tirunelveli Central,Water Supply Scheme,Tamil Nadu,Tirunelveli,Tirunelveli Central,11.6961,79.2814,2176927,674847,36,31,2022-09-02,2023-10-30,,4,21.3,VEND394,0
WRK03684,Community Hall - Dibrugarh Central,Community Hall,Assam,Dibrugarh,Dibrugarh Central,27.2197,93.9089,21884967,15538326,74,71,2024-05-25,2025-01-20,,10,12.8,VEND289,0
WRK00594,School Building - Ludhiana East,School Building,Punjab,Ludhiana,Ludhiana East,31.6313,76.1709,10870288,6413469,65,59,2023-01-27,2024-02-07,,7,42.4,VEND051,0
WRK00405,Health Sub-Centre - Warangal East,Health Sub-Centre,Telangana,Warangal,Warangal East,17.5093,80.4733,2502789,1927147,74,77,2022-07-08,2023-08-05,,5,10.5,VEND266,0
WRK00492,School Building - Nizamabad North,School Building,Telangana,Nizamabad,Nizamabad North,18.092,79.6476,2463364,1379483,59,56,2024-04-28,2025-07-30,,5,39.5,VEND024,0
WRK03164,Anganwadi Centre - Rourkela East,Anganwadi Centre,Odisha,Rourkela,Rourkela East,20.0742,85.6959,16414267,10669273,59,65,2023-02-20,2024-02-20,,3,44.8,VEND045,0
WRK00825,Health Sub-Centre - Prayagraj East,Health Sub-Centre,Uttar Pradesh,Prayagraj,Prayagraj East,27.2655,80.251,9718434,3401451,40,35,2022-08-27,2024-01-28,,3,21.2,VEND006,0
WRK02543,Irrigation Canal - Rajkot East,Irrigation Canal,Gujarat,Rajkot,Rajkot East,23.2275,71.1726,3356586,1141239,26,34,2022-06-13,2023-04-03,,5,11.4,VEND051,0
WRK00848,School Building - Jabalpur South,School Building,Madhya Pradesh,Jabalpur,Jabalpur South,24.1292,78.4403,1776089,603870,35,34,2023-09-27,2024-03-16,,12,34.5,VEND208,0
WRK02765,Drainage Project - Prayagraj Central,Drainage Project,Uttar Pradesh,Prayagraj,Prayagraj Central,27.4638,80.471,16943831,16943831,99,100,2023-05-18,2024-06-01,,6,18.1,VEND276,0
WRK03764,Water Supply Scheme - Solapur East,Water Supply Scheme,Maharashtra,Solapur,Solapur East,20.6941,75.7144,2965983,1571970,49,53,2023-03-15,2024-08-13,,3,10.2,VEND277,0
WRK01712,Health Sub-Centre - Siliguri South,Health Sub-Centre,West Bengal,Siliguri,Siliguri South,22.6621,87.3137,1658189,514038,39,31,2024-08-16,2025-04-10,,3,40.0,VEND359,0
WRK03517,Anganwadi Centre - Jabalpur Urban,Anganwadi Centre,Madhya Pradesh,Jabalpur,Jabalpur Urban,23.5403,78.0005,544801,59928,15,11,2024-02-04,2025-02-08,,8,22.7,VEND114,0
WRK01789,Road Construction - Gaya Urban,Road Construction,Bihar,Gaya,Gaya Urban,24.7746,86.1726,447989,273273,58,61,2024-03-11,2024-09-19,,8,28.2,VEND040,0
WRK02292,Irrigation Canal - Ludhiana Central,Irrigation Canal,Punjab,Ludhiana,Ludhiana Central,31.6671,75.4712,8465782,7873177,92,93,2022-07-04,2023-08-04,,6,12.8,VEND103,0
WRK01371,Road Construction - Kozhikode North,Road Construction,Kerala,Kozhikode,Kozhikode North,10.1115,77.0812,8122304,7147627,80,88,2023-09-04,2024-04-22,,8,10.8,VEND207,0
WRK02871,Health Sub-Centre - Cuttack Central,Health Sub-Centre,Odisha,Cuttack,Cuttack Central,20.7591,83.9575,840773,748287,91,89,2022-05-13,2023-06-02,,10,42.9,VEND191,0
WRK02146,Health Sub-Centre - Rajkot West,Health Sub-Centre,Gujarat,Rajkot,Rajkot West,22.8401,72.2269,2172530,543132,20,25,2023-03-19,2023-11-24,,4,30.5,VEND015,0
WRK00410,Water Supply Scheme - Bhubaneswar East,Water Supply Scheme,Odisha,Bhubaneswar,Bhubaneswar East,19.8256,84.7083,8184906,7202717,23,88,2022-11-01,2023-05-06,,2,40.8,VEND248,1
WRK02061,Drainage Project - Mumbai West,Drainage Project,Maharashtra,Mumbai,Mumbai West,18.9397,76.0427,8165851,4817852,51,59,2022-05-15,2022-10-07,,6,23.8,VEND374,0
WRK02638,Anganwadi Centre - Panipat Central,Anganwadi Centre,Haryana,Panipat,Panipat Central,28.2579,76.1268,450759,112689,25,25,2023-03-29,2024-04-15,,11,16.9,VEND152,0
WRK02914,Public Toilet Complex - Kozhikode North,Public Toilet Complex,Kerala,Kozhikode,Kozhikode North,10.5134,75.0445,4699544,2678740,51,57,2023-07-09,2024-12-01,,10,40.3,VEND224,0
WRK02453,Anganwadi Centre - Rourkela Rural,Anganwadi Centre,Odisha,Rourkela,Rourkela Rural,19.8054,85.3689,5655657,4694195,81,83,2022-08-09,2024-01-01,,6,15.4,VEND104,0
WRK01842,Water Supply Scheme - Amritsar South,Water Supply Scheme,Punjab,Amritsar,Amritsar South,30.4389,75.2172,9431382,8205302,81,87,2022-09-21,2023-04-06,,6,34.5,VEND098,0
WRK00952,School Building - Gurugram West,School Building,Haryana,Gurugram,Gurugram West,28.4659,75.4759,3213736,2185340,66,68,2024-03-23,2025-08-31,,6,39.5,VEND339,0
WRK01305,Streetlight Installation - Faridabad Rural,Streetlight Installation,Haryana,Faridabad,Faridabad Rural,27.9487,76.1843,8145844,896042,4,11,2022-04-28,2023-03-08,,4,26.6,VEND279,0
WRK01210,Water Supply Scheme - Nashik East,Water Supply Scheme,Maharashtra,Nashik,Nashik East,19.1645,74.6106,3015449,2834522,23,94,2023-04-12,2024-08-22,,3,41.7,VEND211,1
WRK02392,Community Hall - Faridabad North,Community Hall,Haryana,Faridabad,Faridabad North,29.4929,76.0317,9133907,913390,5,10,2024-03-31,2025-01-06,,10,21.5,VEND262,0
WRK00975,Water Supply Scheme - Bengaluru Urban Central,Water Supply Scheme,Karnataka,Bengaluru Urban,Bengaluru Urban Central,15.4631,75.2113,7755353,5738961,75,74,2022-10-30,2023-11-04,,4,14.9,VEND316,0
WRK00475,Water Supply Scheme - Kota Urban,Water Supply Scheme,Rajasthan,Kota,Kota Urban,26.4464,74.2949,843177,733563,81,87,2023-10-22,2025-01-20,,3,16.6,VEND028,0
WRK00216,School Building - Mangaluru South,School Building,Karnataka,Mangaluru,Mangaluru South,15.5289,74.661,9707155,8348153,82,86,2022-05-03,2023-06-19,,10,28.4,VEND360,0
WRK03759,Water Supply Scheme - Bikaner Central,Water Supply Scheme,Rajasthan,Bikaner,Bikaner Central,27.1425,75.2386,9381785,4503256,56,48,2022-12-21,2023-08-24,,7,25.4,VEND150,0
WRK00501,Streetlight Installation - Jabalpur North,Streetlight Installation,Madhya Pradesh,Jabalpur,Jabalpur North,23.0694,78.2028,517162,372356,65,72,2023-05-15,2024-05-17,,6,35.0,VEND271,0
WRK02520,Water Supply Scheme - Kolkata Urban,Water Supply Scheme,West Bengal,Kolkata,Kolkata Urban,23.043,88.1972,8020102,3769447,50,47,2023-12-11,2024-11-17,,12,31.0,VEND227,0
WRK01584,Road Construction - Warangal West,Road Construction,Telangana,Warangal,Warangal West,17.2786,78.3377,7351085,6395443,48,87,2023-02-27,2024-07-26,,2,78.4,VEND086,1
WRK02286,Public Toilet Complex - Hyderabad Central,Public Toilet Complex,Telangana,Hyderabad,Hyderabad Central,18.9302,79.0283,8860482,177209,10,2,2022-09-01,2023-03-31,,6,30.6,VEND202,0
WRK01635,Streetlight Installation - Bhopal East,Streetlight Installation,Madhya Pradesh,Bhopal,Bhopal East,23.9589,78.6201,9119067,9119067,99,100,2023-11-26,2025-03-06,,8,20.0,VEND089,0
WRK02037,Irrigation Canal - Vadodara North,Irrigation Canal,Gujarat,Vadodara,Vadodara North,22.4359,69.9743,2316080,856949,34,37,2022-11-07,2023-05-27,,6,39.4,VEND330,0
WRK00539,Streetlight Installation - Tiruchirappalli Urban,Streetlight Installation,Tamil Nadu,Tiruchirappalli,Tiruchirappalli Urban,12.0456,78.9703,4880646,585677,15,12,2023-08-28,2024-01-04,,3,19.6,VEND106,0
WRK02683,School Building - Tiruchirappalli Rural,School Building,Tamil Nadu,Tiruchirappalli,Tiruchirappalli Rural,9.9216,77.9651,5421859,3090459,49,57,2024-05-10,2025-08-17,,4,35.3,VEND327,0
WRK01131,Public Toilet Complex - Jalandhar Urban,Public Toilet Complex,Punjab,Jalandhar,Jalandhar Urban,32.2748,75.7424,30295708,30295708,96,100,2022-12-26,2023-05-27,,2,78.6,VEND065,1
WRK02064,Road Construction - Pune Rural,Road Construction,Maharashtra,Pune,Pune Rural,19.0024,75.0781,1086174,206373,21,19,2022-09-20,2023-02-20,,10,34.0,VEND381,0
WRK03857,Public Toilet Complex - Pune North,Public Toilet Complex,Maharashtra,Pune,Pune North,19.5521,74.5405,1890927,1096737,61,58,2023-12-01,2024-11-03,,3,39.2,VEND094,0
WRK00497,Road Construction - Tiruchirappalli North,Road Construction,Tamil Nadu,Tiruchirappalli,Tiruchirappalli North,10.4661,78.2914,519645,5196,3,1,2024-03-13,2024-10-15,,10,32.7,VEND333,0
WRK00312,Anganwadi Centre - Mysuru Rural,Anganwadi Centre,Karnataka,Mysuru,Mysuru Rural,14.6115,74.5747,21719392,21719392,100,100,2024-08-28,2025-08-16,2025-09-09,5,25.9,VEND218,0
WRK00132,Road Construction - Kalaburagi North,Road Construction,Karnataka,Kalaburagi,Kalaburagi North,15.2249,75.4956,402734,289968,80,72,2024-08-17,2025-08-31,,12,30.3,VEND394,0
WRK00252,Health Sub-Centre - Bhubaneswar Urban,Health Sub-Centre,Odisha,Bhubaneswar,Bhubaneswar Urban,21.1166,84.6663,925311,925311,97,100,2023-05-29,2024-04-23,,4,46.1,VEND097,1
WRK03899,Health Sub-Centre - Bhubaneswar East,Health Sub-Centre,Odisha,Bhubaneswar,Bhubaneswar East,20.1619,84.4342,3439009,1066092,27,31,2022-09-29,2023-08-27,,5,38.0,VEND271,0
WRK01315,Anganwadi Centre - Bikaner North,Anganwadi Centre,Rajasthan,Bikaner,Bikaner North,26.6239,75.0449,806411,322564,35,40,2023-07-30,2023-12-14,,11,34.6,VEND035,0
WRK02887,Health Sub-Centre - Kochi Urban,Health Sub-Centre,Kerala,Kochi,Kochi Urban,9.7659,75.3537,3471120,1492581,39,43,2024-07-08,2025-09-17,,8,25.8,VEND136,0
WRK02185,Streetlight Installation - Coimbatore East,Streetlight Installation,Tamil Nadu,Coimbatore,Coimbatore East,11.6619,78.9881,3209030,2759765,85,86,2024-04-03,2025-05-05,,9,19.6,VEND267,0
WRK00648,Drainage Project - Faridabad Central,Drainage Project,Haryana,Faridabad,Faridabad Central,29.4244,76.7883,8009270,7208343,96,90,2024-04-21,2025-03-17,,4,32.3,VEND398,0
WRK00595,Road Construction - Bengaluru Urban East,Road Construction,Karnataka,Bengaluru Urban,Bengaluru Urban East,16.091,74.5973,3223907,1289562,42,40,2023-10-12,2024-05-21,,8,18.8,VEND382,0
WRK03402,Water Supply Scheme - Bhagalpur West,Water Supply Scheme,Bihar,Bhagalpur,Bhagalpur West,24.8552,85.3907,5580331,5580331,95,100,2024-08-07,2025-08-16,,7,11.6,VEND033,0
WRK02633,Community Hall - Warangal Rural,Community Hall,Telangana,Warangal,Warangal Rural,18.4724,80.2346,1894388,568316,33,30,2022-04-21,2022-10-27,,9,32.8,VEND217,0
WRK00811,Community Hall - Jodhpur South,Community Hall,Rajasthan,Jodhpur,Jodhpur South,26.8065,74.2002,17608789,11797888,68,67,2023-01-30,2023-09-06,,9,37.0,VEND338,0
WRK03212,Water Supply Scheme - Jodhpur North,Water Supply Scheme,Rajasthan,Jodhpur,Jodhpur North,27.3882,74.7307,2507099,2356673,90,94,2024-02-08,2025-03-01,,9,30.4,VEND162,0
WRK02785,Water Supply Scheme - Lucknow Rural,Water Supply Scheme,Uttar Pradesh,Lucknow,Lucknow Rural,26.8328,81.3669,2115870,634761,23,30,2023-11-10,2025-03-04,,9,41.8,VEND009,0
WRK00279,School Building - Darjeeling Urban,School Building,West Bengal,Darjeeling,Darjeeling Urban,21.8388,88.9258,503652,332410,64,66,2023-02-10,2023-11-10,,3,14.0,VEND171,0
WRK02408,Streetlight Installation - Asansol Urban,Streetlight Installation,West Bengal,Asansol,Asansol Urban,22.0397,88.6019,11697417,5380811,49,46,2024-03-27,2024-12-02,,4,22.1,VEND324,0
WRK00030,Road Construction - Thrissur South,Road Construction,Kerala,Thrissur,Thrissur South,10.8944,76.9379,18544027,14649781,25,79,2023-04-05,2023-08-04,,2,76.0,VEND014,1
WRK03123,Health Sub-Centre - Nashik North,Health Sub-Centre,Maharashtra,Nashik,Nashik North,20.817,76.5448,16834108,841705,6,5,2024-03-13,2025-01-28,,6,28.2,VEND249,0
WRK01732,Anganwadi Centre - Kozhikode North,Anganwadi Centre,Kerala,Kozhikode,Kozhikode North,11.7738,77.3402,3132878,2349658,75,75,2023-12-20,2025-06-10,,12,26.4,VEND268,0
WRK02399,Public Toilet Complex - Kota Urban,Public Toilet Complex,Rajasthan,Kota,Kota Urban,26.7023,74.2837,3454932,3040340,95,88,2023-12-08,2024-05-14,,12,32.4,VEND231,0
WRK02824,Road Construction - Tiruchirappalli Central,Road Construction,Tamil Nadu,Tiruchirappalli,Tiruchirappalli Central,10.5416,78.9131,2482784,372417,15,15,2022-10-30,2023-08-14,,11,30.5,VEND392,0
WRK02287,Road Construction - Hyderabad Urban,Road Construction,Telangana,Hyderabad,Hyderabad Urban,18.6809,80.669,2733658,1394165,47,51,2022-12-01,2023-12-19,,7,32.0,VEND356,0
WRK02076,Streetlight Installation - Asansol West,Streetlight Installation,West Bengal,Asansol,Asansol West,22.4944,88.3767,17937467,179374,6,1,2022-08-30,2023-12-29,,3,29.3,VEND137,0
WRK01878,Drainage Project - Darjeeling Urban,Drainage Project,West Bengal,Darjeeling,Darjeeling Urban,22.0424,87.8218,8620362,2499904,28,29,2023-01-25,2024-06-09,,7,37.5,VEND157,0
WRK00148,Public Toilet Complex - Bhopal Urban,Public Toilet Complex,Madhya Pradesh,Bhopal,Bhopal Urban,23.3043,78.8034,8632536,776928,15,9,2023-08-29,2025-01-15,,10,33.1,VEND309,0
WRK00660,Streetlight Installation - Nizamabad East,Streetlight Installation,Telangana,Nizamabad,Nizamabad East,17.2263,78.3808,1886251,1244925,62,66,2022-11-26,2024-01-30,,12,37.8,VEND179,0
WRK03106,School Building - Nagpur North,School Building,Maharashtra,Nagpur,Nagpur North,18.9966,76.4095,7272099,2327071,40,32,2023-04-03,2023-08-04,,12,43.8,VEND209,0
WRK01975,Water Supply Scheme - Hyderabad South,Water Supply Scheme,Telangana,Hyderabad,Hyderabad South,18.3686,78.6411,2043246,61297,1,3,2022-08-06,2023-10-11,,6,17.5,VEND326,0
WRK03714,Community Hall - Dibrugarh Urban,Community Hall,Assam,Dibrugarh,Dibrugarh Urban,27.176,94.0011,17594702,17594702,100,100,2023-04-05,2023-12-13,2023-12-06,8,16.3,VEND361,0
WRK00571,School Building - Panipat Central,School Building,Haryana,Panipat,Panipat Central,28.83,75.4427,1029339,802884,86,78,2023-03-14,2024-06-09,,10,28.1,VEND301,0
WRK02709,Community Hall - Jalandhar West,Community Hall,Punjab,Jalandhar,Jalandhar West,30.8819,74.7097,6457195,1291439,25,20,2022-07-06,2023-05-30,,5,30.9,VEND188,0
WRK00047,Health Sub-Centre - Vellore North,Health Sub-Centre,Tamil Nadu,Vellore,Vellore North,10.3199,79.7572,3035580,1153520,35,38,2024-03-22,2024-10-29,,10,27.7,VEND326,0
WRK00650,School Building - Dibrugarh North,School Building,Assam,Dibrugarh,Dibrugarh North,25.3428,93.5082,5643853,5305221,89,94,2022-06-11,2023-11-09,,11,24.6,VEND148,0
WRK01887,School Building - Mysuru Urban,School Building,Karnataka,Mysuru,Mysuru Urban,14.4927,75.3706,2146747,1309515,59,61,2022-10-26,2024-03-04,,9,40.3,VEND271,0
WRK00869,Public Toilet Complex - Panipat West,Public Toilet Complex,Haryana,Panipat,Panipat West,29.3121,76.8595,7772751,7772751,100,100,2022-10-05,2023-08-13,2023-08-04,5,28.4,VEND356,0
WRK02804,Public Toilet Complex - Bhagalpur Central,Public Toilet Complex,Bihar,Bhagalpur,Bhagalpur Central,25.6475,85.686,941562,941562,98,100,2023-02-05,2024-05-09,,8,26.0,VEND380,0
WRK00891,Irrigation Canal - Rajkot South,Irrigation Canal,Gujarat,Rajkot,Rajkot South,21.0599,70.3114,16816865,4204216,25,25,2023-10-22,2024-05-31,,10,25.3,VEND147,0
WRK01321,Water Supply Scheme - Surat North,Water Supply Scheme,Gujarat,Surat,Surat North,22.825,71.5234,3307741,2480805,81,75,2023-05-03,2024-06-09,,5,33.3,VEND262,0
WRK02681,Community Hall - Dibrugarh North,Community Hall,Assam,Dibrugarh,Dibrugarh North,25.9953,91.8976,569750,233597,48,41,2022-12-07,2023-08-27,,4,29.1,VEND082,0
WRK03122,School Building - Asansol North,School Building,West Bengal,Asansol,Asansol North,23.1239,87.1601,410666,410666,93,100,2024-05-05,2025-01-06,,12,40.9,VEND305,0
WRK00828,Health Sub-Centre - Patiala East,Health Sub-Centre,Punjab,Patiala,Patiala East,30.8941,75.8578,1793229,233119,6,13,2022-10-20,2023-05-28,,10,11.6,VEND141,0
WRK03413,Irrigation Canal - Chennai Urban,Irrigation Canal,Tamil Nadu,Chennai,Chennai Urban,11.517,79.6265,2794942,1006179,39,36,2023-04-28,2023-11-11,,9,22.0,VEND238,0
WRK03068,Community Hall - Kochi Rural,Community Hall,Kerala,Kochi,Kochi Rural,11.9227,76.7374,22197772,19756017,85,89,2023-09-26,2024-06-27,,12,31.9,VEND392,0
WRK01663,Irrigation Canal - Bhopal East,Irrigation Canal,Madhya Pradesh,Bhopal,Bhopal East,23.1872,77.7485,592591,539257,97,91,2023-05-18,2023-10-31,,5,27.9,VEND256,0
WRK02024,Streetlight Installation - Salem South,Streetlight Installation,Tamil Nadu,Salem,Salem South,11.8466,77.6102,14477467,7238733,54,50,2023-06-04,2024-01-16,,11,40.5,VEND135,0
WRK00034,Health Sub-Centre - Bengaluru Urban Rural,Health Sub-Centre,Karnataka,Bengaluru Urban,Bengaluru Urban Rural,14.8757,75.7451,19230689,9807651,52,51,2024-07-06,2025-08-07,,11,12.1,VEND199,0
WRK01844,Water Supply Scheme - Warangal South,Water Supply Scheme,Telangana,Warangal,Warangal South,18.9416,78.7406,9754445,4682133,54,48,2022-11-19,2023-10-21,,11,22.3,VEND018,0
WRK01417,Road Construction - Kozhikode Rural,Road Construction,Kerala,Kozhikode,Kozhikode Rural,10.644,75.7024,888130,817079,98,92,2023-12-27,2025-06-10,,4,15.7,VEND176,0
WRK03437,Water Supply Scheme - Guwahati North,Water Supply Scheme,Assam,Guwahati,Guwahati North,26.6853,92.8444,5866945,4576217,82,78,2024-06-15,2025-09-29,,4,30.3,VEND109,0
WRK02504,Community Hall - Lucknow West,Community Hall,Uttar Pradesh,Lucknow,Lucknow West,26.08,80.014,20479065,11263485,63,55,2024-05-14,2025-03-06,,6,26.3,VEND300,0
WRK01058,Irrigation Canal - Bengaluru Urban South,Irrigation Canal,Karnataka,Bengaluru Urban,Bengaluru Urban South,14.81,74.5027,5323669,1969757,31,37,2023-07-17,2024-07-06,,6,37.9,VEND237,0
WRK00598,Community Hall - Nashik South,Community Hall,Maharashtra,Nashik,Nashik South,19.4702,75.2706,23533805,7766155,26,33,2024-04-10,2025-08-26,,6,28.1,VEND283,0
WRK00861,Anganwadi Centre - Bikaner North,Anganwadi Centre,Rajasthan,Bikaner,Bikaner North,26.1208,74.0653,10638043,7978532,72,75,2024-06-23,2025-06-10,,7,13.9,VEND005,0
WRK00010,Public Toilet Complex - Gaya Rural,Public Toilet Complex,Bihar,Gaya,Gaya Rural,25.2785,85.5398,12206331,7445861,69,61,2022-12-12,2024-02-27,,9,37.4,VEND184,0
WRK02139,Anganwadi Centre - Vellore Rural,Anganwadi Centre,Tamil Nadu,Vellore,Vellore Rural,11.5894,78.9619,22318916,5579729,18,25,2024-02-29,2024-10-11,,4,40.1,VEND362,0
WRK01985,Drainage Project - Asansol West,Drainage Project,West Bengal,Asansol,Asansol West,22.7209,87.1933,9476423,3032455,29,32,2023-01-01,2023-12-28,,6,22.5,VEND073,0
WRK00790,Water Supply Scheme - Bhagalpur East,Water Supply Scheme,Bihar,Bhagalpur,Bhagalpur East,25.0716,86.1674,9404982,9122832,18,97,2022-06-25,2023-01-03,,2,51.9,VEND365,1
WRK02311,Health Sub-Centre - Pune Central,Health Sub-Centre,Maharashtra,Pune,Pune Central,19.5196,75.5009,16240161,11368112,63,70,2022-08-31,2023-03-02,,3,21.0,VEND209,0
WRK02532,Health Sub-Centre - Hubballi East,Health Sub-Centre,Karnataka,Hubballi,Hubballi East,14.173,75.2876,425524,310632,78,73,2022-10-18,2024-01-27,,4,33.5,VEND256,0
WRK02197,Public Toilet Complex - Erode North,Public Toilet Complex,Tamil Nadu,Erode,Erode North,11.7307,78.6314,2277884,1252836,62,55,2022-08-26,2023-08-17,,8,24.0,VEND205,0
WRK03526,Community Hall - Nizamabad Rural,Community Hall,Telangana,Nizamabad,Nizamabad Rural,17.8721,78.3644,9554792,8790408,87,92,2022-06-10,2023-09-15,,3,28.3,VEND266,0
WRK01244,Streetlight Installation - Gwalior North,Streetlight Installation,Madhya Pradesh,Gwalior,Gwalior North,23.1413,79.6747,1105406,884324,86,80,2022-04-13,2023-08-27,,8,30.6,VEND186,0
WRK03652,Road Construction - Cuttack Rural,Road Construction,Odisha,Cuttack,Cuttack Rural,19.9293,84.067,3262577,1696540,60,52,2023-03-21,2023-07-22,,10,26.8,VEND004,0
WRK00079,Water Supply Scheme - Guwahati North,Water Supply Scheme,Assam,Guwahati,Guwahati North,25.65,92.7535,9003442,2070791,21,23,2024-02-09,2025-05-05,,8,41.3,VEND319,0
WRK03358,Anganwadi Centre - Tirunelveli West,Anganwadi Centre,Tamil Nadu,Tirunelveli,Tirunelveli West,12.0817,79.7269,444602,302329,70,68,2023-03-20,2023-08-31,,10,29.0,VEND156,0
WRK03133,Road Construction - Guwahati East,Road Construction,Assam,Guwahati,Guwahati East,27.3453,91.9672,6616169,1257072,26,19,2023-08-14,2024-12-01,,10,32.8,VEND051,0
WRK02407,Irrigation Canal - Siliguri South,Irrigation Canal,West Bengal,Siliguri,Siliguri South,21.9649,87.7227,2216105,908603,49,41,2023-06-18,2024-11-27,,10,41.9,VEND154,0
WRK02084,School Building - Patna North,School Building,Bihar,Patna,Patna North,26.0227,85.6008,7371916,2875047,31,39,2022-08-09,2023-09-20,,5,26.0,VEND016,0
WRK02825,Water Supply Scheme - Jodhpur Central,Water Supply Scheme,Rajasthan,Jodhpur,Jodhpur Central,28.1242,75.1292,17654417,6708678,37,38,2024-04-05,2025-05-21,,4,30.6,VEND386,0
WRK00235,Water Supply Scheme - Gaya Urban,Water Supply Scheme,Bihar,Gaya,Gaya Urban,26.2203,84.5189,8464173,2708535,25,32,2023-08-06,2024-09-15,,9,32.8,VEND101,0
WRK02799,Irrigation Canal - Howrah Rural,Irrigation Canal,West Bengal,Howrah,Howrah Rural,23.7599,87.7538,5323350,1916406,39,36,2024-07-15,2025-02-08,,4,34.1,VEND190,0
WRK02372,Public Toilet Complex - Jalandhar North,Public Toilet Complex,Punjab,Jalandhar,Jalandhar North,32.292,76.2438,3531495,1483227,34,42,2023-06-10,2024-10-19,,5,17.1,VEND257,0
WRK00003,Drainage Project - Thiruvananthapuram Rural,Drainage Project,Kerala,Thiruvananthapuram,Thiruvananthapuram Rural,11.1621,75.1354,16994655,2379251,22,14,2022-12-23,2024-06-14,,9,39.9,VEND285,0
WRK03789,School Building - Gorakhpur North,School Building,Uttar Pradesh,Gorakhpur,Gorakhpur North,25.6909,81.1839,9506330,6179114,65,65,2022-07-21,2023-01-14,,3,24.0,VEND129,0
WRK03946,Anganwadi Centre - Howrah West,Anganwadi Centre,West Bengal,Howrah,Howrah West,23.0272,87.2862,20235863,3035379,23,15,2022-05-26,2023-08-29,,12,42.1,VEND045,0
WRK01756,Community Hall - Indore West,Community Hall,Madhya Pradesh,Indore,Indore West,23.7213,77.5726,9193056,5699694,68,62,2024-07-03,2025-04-08,,6,41.6,VEND372,0
WRK01477,Drainage Project - Nizamabad Rural,Drainage Project,Telangana,Nizamabad,Nizamabad Rural,17.3432,80.4893,1088421,326526,33,30,2024-05-10,2025-02-03,,4,29.1,VEND076,0
WRK01049,Streetlight Installation - Warangal Central,Streetlight Installation,Telangana,Warangal,Warangal Central,17.4967,79.4168,20981858,20981858,12,100,2022-11-27,2023-10-05,,2,43.9,VEND112,1
WRK01241,Health Sub-Centre - Kanpur Urban,Health Sub-Centre,Uttar Pradesh,Kanpur,Kanpur Urban,25.8837,80.6636,1901890,456453,20,24,2024-05-14,2025-01-05,,12,20.4,VEND212,0
WRK01419,Public Toilet Complex - Warangal North,Public Toilet Complex,Telangana,Warangal,Warangal North,17.9677,79.4214,5299112,2596564,51,49,2024-06-03,2025-11-20,,5,16.7,VEND327,0
WRK00939,Health Sub-Centre - Faridabad West,Health Sub-Centre,Haryana,Faridabad,Faridabad West,29.9855,76.0236,4100486,3608427,89,88,2022-08-09,2023-06-30,,7,14.2,VEND173,0
WRK00396,Anganwadi Centre - Panipat Urban,Anganwadi Centre,Haryana,Panipat,Panipat Urban,29.1359,75.4135,2729767,1419478,52,52,2022-06-30,2022-10-31,,9,16.1,VEND237,0
WRK00863,Streetlight Installation - Warangal North,Streetlight Installation,Telangana,Warangal,Warangal North,18.2282,80.0958,505744,156780,36,31,2022-05-12,2022-12-29,,3,27.1,VEND003,0
WRK03679,Health Sub-Centre - Lucknow East,Health Sub-Centre,Uttar Pradesh,Lucknow,Lucknow East,27.4162,81.5606,5559268,1890151,32,34,2022-07-29,2023-09-22,,8,35.9,VEND210,0
WRK02552,Water Supply Scheme - Guwahati North,Water Supply Scheme,Assam,Guwahati,Guwahati North,26.3398,92.4795,9801532,4214658,38,43,2023-11-11,2024-05-05,,8,41.5,VEND096,0
WRK03293,Health Sub-Centre - Muzaffarpur Central,Health Sub-Centre,Bihar,Muzaffarpur,Muzaffarpur Central,26.309,84.204,7065242,1201091,10,17,2023-01-26,2023-08-04,,8,39.6,VEND067,0
WRK02432,School Building - Bhopal East,School Building,Madhya Pradesh,Bhopal,Bhopal East,23.6971,77.8536,1011774,344003,29,34,2022-06-06,2023-02-09,,10,28.7,VEND088,0
WRK00311,School Building - Pune North,School Building,Maharashtra,Pune,Pune North,20.8615,75.4824,7135854,1783963,18,25,2024-01-24,2024-05-31,,9,44.1,VEND070,0
WRK01619,Anganwadi Centre - Panipat West,Anganwadi Centre,Haryana,Panipat,Panipat West,28.8231,75.8616,23605957,18884765,84,80,2023-07-22,2024-12-08,,3,14.0,VEND395,0
WRK02989,School Building - Thiruvananthapuram Central,School Building,Kerala,Thiruvananthapuram,Thiruvananthapuram Central,10.0135,75.278,2027281,1946189,93,96,2024-08-12,2025-04-16,,3,22.2,VEND381,0
WRK01941,Water Supply Scheme - Jaipur East,Water Supply Scheme,Rajasthan,Jaipur,Jaipur East,27.0829,74.6203,13332493,13332493,0,100,2023-01-02,2023-09-04,,4,62.1,VEND083,1
WRK02569,Road Construction - Lucknow Central,Road Construction,Uttar Pradesh,Lucknow,Lucknow Central,25.9286,80.5184,8085660,5498248,66,68,2022-07-15,2023-06-06,,9,19.9,VEND057,0
WRK02868,School Building - Warangal Rural,School Building,Telangana,Warangal,Warangal Rural,16.7595,79.2211,4361192,2136984,52,49,2024-06-04,2025-01-09,,6,17.5,VEND377,0
WRK01780,Irrigation Canal - Dibrugarh East,Irrigation Canal,Assam,Dibrugarh,Dibrugarh East,27.1801,91.9235,2831789,566357,28,20,2024-03-16,2025-01-21,,3,23.7,VEND235,0
WRK03135,Public Toilet Complex - Ludhiana West,Public Toilet Complex,Punjab,Ludhiana,Ludhiana West,31.7295,74.194,8211891,6158918,57,75,2023-09-30,2024-05-18,,1,75.7,VEND367,1
WRK01230,Streetlight Installation - Jaipur East,Streetlight Installation,Rajasthan,Jaipur,Jaipur East,26.8528,75.346,2935548,2788770,98,95,2024-02-05,2024-07-15,,3,74.9,VEND320,1
WRK02725,School Building - Hyderabad East,School Building,Telangana,Hyderabad,Hyderabad East,17.6177,80.5429,3049130,1798986,65,59,2023-06-03,2024-04-23,,4,40.7,VEND111,0
WRK00760,Health Sub-Centre - Mumbai North,Health Sub-Centre,Maharashtra,Mumbai,Mumbai North,19.849,76.773,462396,83231,17,18,2023-04-05,2024-09-04,,10,15.0,VEND283,0
WRK01812,Road Construction - Warangal East,Road Construction,Telangana,Warangal,Warangal East,17.3187,79.2764,1059240,508435,50,48,2023-06-26,2024-05-31,,7,31.2,VEND097,0
WRK03558,Drainage Project - Patna North,Drainage Project,Bihar,Patna,Patna North,25.5919,84.5553,849150,526473,64,62,2022-11-07,2023-08-16,,3,20.9,VEND004,0
WRK01368,Drainage Project - Solapur North,Drainage Project,Maharashtra,Solapur,Solapur North,20.4456,76.7761,10280726,5140363,44,50,2023-04-19,2023-09-13,,9,41.0,VEND222,0
WRK02238,Drainage Project - Muzaffarpur Rural,Drainage Project,Bihar,Muzaffarpur,Muzaffarpur Rural,25.1726,85.7655,9134775,7399167,86,81,2024-02-09,2024-09-29,,8,40.9,VEND271,0
WRK01734,Irrigation Canal - Nashik Central,Irrigation Canal,Maharashtra,Nashik,Nashik Central,20.0267,74.8954,1829806,878306,51,48,2023-10-31,2025-01-11,,9,31.2,VEND008,0
WRK03971,Road Construction - Jaipur East,Road Construction,Rajasthan,Jaipur,Jaipur East,26.2576,74.3265,9839176,7280990,66,74,2023-06-08,2024-04-23,,4,22.2,VEND381,0
WRK00664,Anganwadi Centre - Bhubaneswar North,Anganwadi Centre,Odisha,Bhubaneswar,Bhubaneswar North,21.6741,85.7295,8202524,8202524,10,100,2024-04-02,2024-08-14,,5,70.7,VEND113,1
WRK03961,Drainage Project - Rourkela Central,Drainage Project,Odisha,Rourkela,Rourkela Central,22.0728,85.0021,9261873,4723555,50,51,2023-02-16,2024-08-07,,7,25.1,VEND393,0
WRK02623,Health Sub-Centre - Surat West,Health Sub-Centre,Gujarat,Surat,Surat West,22.4109,71.1034,8336006,4084642,48,49,2023-12-09,2024-12-16,,3,29.2,VEND097,0
WRK03882,Anganwadi Centre - Mangaluru North,Anganwadi Centre,Karnataka,Mangaluru,Mangaluru North,16.3905,75.0063,21444438,10936663,45,51,2023-01-04,2024-02-04,,12,25.2,VEND262,0
WRK02364,Irrigation Canal - Hubballi West,Irrigation Canal,Karnataka,Hubballi,Hubballi West,14.8384,74.6016,8994142,7195313,73,80,2023-08-10,2025-01-31,,5,39.4,VEND173,0
WRK00743,Water Supply Scheme - Surat Urban,Water Supply Scheme,Gujarat,Surat,Surat Urban,21.0902,70.2069,16000093,9440054,62,59,2022-10-11,2023-11-26,,7,10.7,VEND084,0
WRK02971,Community Hall - Panipat Urban,Community Hall,Haryana,Panipat,Panipat Urban,27.9315,76.4879,3346423,2877923,78,86,2022-11-09,2023-08-24,,7,25.7,VEND157,0
WRK03916,Public Toilet Complex - Faridabad South,Public Toilet Complex,Haryana,Faridabad,Faridabad South,30.0087,75.8779,480341,355452,69,74,2024-07-09,2025-09-19,,11,43.7,VEND328,0
WRK03949,Health Sub-Centre - Bhagalpur East,Health Sub-Centre,Bihar,Bhagalpur,Bhagalpur East,26.7526,84.3264,7392005,5322243,79,72,2023-01-31,2023-11-16,,6,18.8,VEND259,0
WRK01513,Health Sub-Centre - Hyderabad East,Health Sub-Centre,Telangana,Hyderabad,Hyderabad East,16.8219,79.4239,23412683,14749990,55,63,2023-03-31,2023-08-24,,11,16.4,VEND293,0
WRK03503,Health Sub-Centre - Indore East,Health Sub-Centre,Madhya Pradesh,Indore,Indore East,23.6772,77.7085,23082392,9232956,41,40,2024-01-14,2025-04-26,,11,39.0,VEND192,0
WRK00027,Irrigation Canal - Thiruvananthapuram East,Irrigation Canal,Kerala,Thiruvananthapuram,Thiruvananthapuram East,10.1983,75.9849,3531424,2895767,90,82,2023-12-20,2024-12-21,,9,43.0,VEND085,0
WRK03921,Health Sub-Centre - Faridabad North,Health Sub-Centre,Haryana,Faridabad,Faridabad North,29.3186,77.1606,5307676,1539226,21,29,2023-11-14,2024-09-17,,8,35.9,VEND363,0
WRK01015,Health Sub-Centre - Ludhiana South,Health Sub-Centre,Punjab,Ludhiana,Ludhiana South,30.0215,74.1945,401937,225084,59,56,2023-02-08,2023-08-30,,3,25.4,VEND316,0
WRK03706,Drainage Project - Mumbai Rural,Drainage Project,Maharashtra,Mumbai,Mumbai Rural,20.1597,74.6861,1189351,1034735,82,87,2022-12-28,2023-07-19,,10,32.9,VEND126,0
WRK02305,Water Supply Scheme - Jabalpur East,Water Supply Scheme,Madhya Pradesh,Jabalpur,Jabalpur East,24.1075,77.6709,2766691,2766691,98,100,2024-03-06,2024-10-14,,8,29.9,VEND357,0
WRK03092,Water Supply Scheme - Kochi North,Water Supply Scheme,Kerala,Kochi,Kochi North,11.2107,75.0777,525117,178539,29,34,2024-01-12,2024-12-22,,8,36.7,VEND149,0
WRK00967,Road Construction - Bhubaneswar North,Road Construction,Odisha,Bhubaneswar,Bhubaneswar North,21.2174,85.2007,4710263,4568955,26,97,2024-08-13,2024-12-21,,5,41.7,VEND145,1
WRK01601,Irrigation Canal - Bhubaneswar Central,Irrigation Canal,Odisha,Bhubaneswar,Bhubaneswar Central,20.4866,84.0775,3059852,1162743,41,38,2022-10-08,2023-02-19,,5,15.4,VEND291,0
WRK01973,Anganwadi Centre - Kota Central,Anganwadi Centre,Rajasthan,Kota,Kota Central,27.0897,75.0179,4653378,1023743,21,22,2024-07-17,2025-05-24,,3,23.2,VEND399,0
WRK00683,Irrigation Canal - Amritsar North,Irrigation Canal,Punjab,Amritsar,Amritsar North,30.4178,75.7268,957893,584314,61,61,2023-11-08,2024-12-25,,4,37.8,VEND093,0
WRK02737,Anganwadi Centre - Muzaffarpur Central,Anganwadi Centre,Bihar,Muzaffarpur,Muzaffarpur Central,24.7537,84.0195,596408,572551,99,96,2023-12-06,2024-07-01,,12,22.1,VEND119,0
WRK03907,School Building - Vellore East,School Building,Tamil Nadu,Vellore,Vellore East,12.1866,78.2699,2439825,1878665,83,77,2022-12-24,2023-10-28,,11,17.7,VEND143,0
WRK00864,Road Construction - Bhagalpur Rural,Road Construction,Bihar,Bhagalpur,Bhagalpur Rural,26.6822,85.0115,3388520,677704,17,20,2022-05-22,2023-01-25,,7,37.5,VEND258,0
WRK02547,Drainage Project - Gwalior West,Drainage Project,Madhya Pradesh,Gwalior,Gwalior West,22.4631,79.1991,4673585,3084566,65,66,2023-09-24,2024-09-03,,12,24.9,VEND085,0
WRK02090,Public Toilet Complex - Mangaluru West,Public Toilet Complex,Karnataka,Mangaluru,Mangaluru West,16.0337,74.7596,563206,197122,40,35,2022-09-21,2023-04-12,,5,38.9,VEND343,0
WRK00992,Public Toilet Complex - Hyderabad South,Public Toilet Complex,Telangana,Hyderabad,Hyderabad South,17.5518,79.2916,4140216,3353574,50,81,2023-05-08,2024-03-16,,2,95.2,VEND163,1
WRK00915,Public Toilet Complex - Salem North,Public Toilet Complex,Tamil Nadu,Salem,Salem North,11.2783,79.0013,15985210,799260,3,5,2024-05-21,2025-03-15,,7,38.4,VEND303,0
WRK02777,Water Supply Scheme - Gurugram Urban,Water Supply Scheme,Haryana,Gurugram,Gurugram Urban,29.1363,76.5009,3376880,0,4,0,2023-05-27,2024-05-01,,3,19.1,VEND015,0
WRK03349,Anganwadi Centre - Amritsar East,Anganwadi Centre,Punjab,Amritsar,Amritsar East,32.0183,76.3667,1180220,672725,59,57,2024-02-02,2025-07-12,,5,16.0,VEND374,0
WRK02148,Community Hall - Guwahati West,Community Hall,Assam,Guwahati,Guwahati West,25.6611,93.6373,4998072,4348322,90,87,2022-10-02,2023-03-01,,5,43.0,VEND076,0
WRK00186,Irrigation Canal - Dibrugarh Rural,Irrigation Canal,Assam,Dibrugarh,Dibrugarh Rural,26.955,93.2965,2779435,1361923,52,49,2023-09-16,2024-08-31,,5,39.9,VEND065,0
WRK01765,Irrigation Canal - Bhubaneswar Rural,Irrigation Canal,Odisha,Bhubaneswar,Bhubaneswar Rural,21.7038,85.6141,579247,34754,12,6,2022-07-14,2023-03-10,,4,26.2,VEND260,0
WRK00923,Water Supply Scheme - Pune Rural,Water Supply Scheme,Maharashtra,Pune,Pune Rural,19.8264,75.3932,6821291,5184181,83,76,2022-08-29,2023-11-08,,6,14.0,VEND020,0
WRK00075,Water Supply Scheme - Kota East,Water Supply Scheme,Rajasthan,Kota,Kota East,27.089,73.784,16619961,10138176,63,61,2022-05-11,2023-06-15,,10,21.6,VEND002,0
WRK02969,School Building - Surat North,School Building,Gujarat,Surat,Surat North,22.8214,70.5379,540140,108028,23,20,2024-05-10,2025-04-30,,9,20.9,VEND034,0
WRK02769,Streetlight Installation - Vellore Urban,Streetlight Installation,Tamil Nadu,Vellore,Vellore Urban,11.115,77.4615,16851580,11122042,63,66,2022-12-28,2024-06-01,,12,19.5,VEND147,0
WRK03741,Streetlight Installation - Solapur Rural,Streetlight Installation,Maharashtra,Solapur,Solapur Rural,19.7335,76.2009,12052935,8316525,77,69,2024-02-15,2024-12-22,,11,15.2,VEND279,0
WRK03664,Community Hall - Dibrugarh Urban,Community Hall,Assam,Dibrugarh,Dibrugarh Urban,26.5281,93.825,19161192,7089641,39,37,2022-06-12,2022-11-23,,6,44.7,VEND054,0
WRK02485,Drainage Project - Solapur West,Drainage Project,Maharashtra,Solapur,Solapur West,19.8807,74.8141,2566054,513210,17,20,2022-06-16,2022-10-15,,7,27.0,VEND034,0
WRK00741,Irrigation Canal - Silchar Rural,Irrigation Canal,Assam,Silchar,Silchar Rural,26.8507,93.2712,2012527,1106889,56,55,2023-10-17,2024-05-29,,8,19.4,VEND298,0
WRK03114,Water Supply Scheme - Belagavi Urban,Water Supply Scheme,Karnataka,Belagavi,Belagavi Urban,15.501,75.4673,10188949,3158574,28,31,2022-09-30,2023-12-05,,8,43.6,VEND394,0
WRK03435,Road Construction - Dibrugarh East,Road Construction,Assam,Dibrugarh,Dibrugarh East,26.5295,93.5905,428162,137011,28,32,2023-07-15,2023-11-21,,9,24.4,VEND391,0
WRK01744,Drainage Project - Silchar East,Drainage Project,Assam,Silchar,Silchar East,25.1308,93.2997,20069471,1404862,5,7,2023-04-17,2024-04-19,,9,37.3,VEND065,0
WRK02565,Road Construction - Nizamabad Rural,Road Construction,Telangana,Nizamabad,Nizamabad Rural,16.9394,80.5127,444979,155742,27,35,2023-10-06,2024-02-27,,11,30.2,VEND388,0
WRK00820,Drainage Project - Muzaffarpur South,Drainage Project,Bihar,Muzaffarpur,Muzaffarpur South,25.4842,84.7506,8927134,7766606,87,87,2022-09-25,2023-05-04,,9,13.6,VEND393,0
WRK02926,Community Hall - Cuttack North,Community Hall,Odisha,Cuttack,Cuttack North,20.5878,84.8776,3369801,2864330,55,85,2023-09-14,2024-03-19,,1,88.7,VEND227,1
WRK01117,Road Construction - Cuttack Urban,Road Construction,Odisha,Cuttack,Cuttack Urban,20.2938,85.8791,10420358,2813496,26,27,2022-06-02,2023-08-01,,8,31.6,VEND081,0
WRK01710,Public Toilet Complex - Bhubaneswar Rural,Public Toilet Complex,Odisha,Bhubaneswar,Bhubaneswar Rural,21.7987,83.9042,8497395,1019687,8,12,2022-06-02,2023-11-14,,6,38.9,VEND131,0
WRK00157,Public Toilet Complex - Warangal Urban,Public Toilet Complex,Telangana,Warangal,Warangal Urban,17.5891,79.4629,10125063,8100050,87,80,2023-12-20,2025-04-09,,5,23.6,VEND326,0
WRK02468,Community Hall - Madurai West,Community Hall,Tamil Nadu,Madurai,Madurai West,11.8614,78.7446,2715060,733066,34,27,2023-11-03,2025-01-04,,4,16.8,VEND119,0
WRK00832,Irrigation Canal - Warangal West,Irrigation Canal,Telangana,Warangal,Warangal West,18.0365,79.2979,508181,223599,38,44,2022-05-19,2023-04-05,,10,39.7,VEND063,0
WRK01359,Irrigation Canal - Pune South,Irrigation Canal,Maharashtra,Pune,Pune South,19.1021,75.7232,23151468,16900571,73,73,2024-08-02,2025-06-06,,10,18.6,VEND090,0
WRK03356,Drainage Project - Guwahati Rural,Drainage Project,Assam,Guwahati,Guwahati Rural,25.125,92.5451,920569,681221,73,74,2023-06-03,2024-05-10,,7,42.0,VEND110,0
WRK00503,Anganwadi Centre - Kota Rural,Anganwadi Centre,Rajasthan,Kota,Kota Rural,26.8312,75.0946,4961812,1687016,36,34,2022-04-22,2022-11-10,,10,22.0,VEND119,0
WRK03473,Community Hall - Surat West,Community Hall,Gujarat,Surat,Surat West,22.2354,70.0533,5475822,1587988,35,29,2022-05-27,2023-11-09,,8,10.0,VEND198,0
WRK02365,School Building - Aurangabad East,School Building,Maharashtra,Aurangabad,Aurangabad East,19.23,76.35,2205921,1080901,49,49,2022-11-01,2023-09-02,,11,10.5,VEND163,0
WRK02599,Anganwadi Centre - Thrissur Rural,Anganwadi Centre,Kerala,Thrissur,Thrissur Rural,10.6691,77.0968,20151116,17128448,86,85,2024-08-21,2025-05-13,,5,10.8,VEND107,0
WRK03347,School Building - Jalandhar South,School Building,Punjab,Jalandhar,Jalandhar South,32.2392,74.6594,8193515,5899330,65,72,2023-07-26,2023-12-22,,6,11.1,VEND077,0
WRK03178,Irrigation Canal - Nizamabad South,Irrigation Canal,Telangana,Nizamabad,Nizamabad South,17.3254,79.5917,505611,10112,10,2,2022-09-27,2023-02-10,,5,31.7,VEND241,0
WRK02398,Health Sub-Centre - Mysuru South,Health Sub-Centre,Karnataka,Mysuru,Mysuru South,14.1707,74.9278,20624600,5981134,25,29,2024-08-19,2025-01-11,,11,44.7,VEND059,0
WRK02045,Anganwadi Centre - Jabalpur South,Anganwadi Centre,Madhya Pradesh,Jabalpur,Jabalpur South,22.8229,78.1017,841792,0,3,0,2023-10-09,2024-11-30,,8,26.3,VEND310,0
WRK01981,Public Toilet Complex - Siliguri Rural,Public Toilet Complex,West Bengal,Siliguri,Siliguri Rural,21.8889,88.049,4266937,3498888,79,82,2024-04-19,2024-12-21,,11,21.2,VEND346,0
WRK03173,Streetlight Installation - Jodhpur North,Streetlight Installation,Rajasthan,Jodhpur,Jodhpur North,25.8353,74.7953,20006042,1200362,13,6,2023-07-23,2024-10-17,,10,38.9,VEND030,0
WRK01057,Health Sub-Centre - Guwahati West,Health Sub-Centre,Assam,Guwahati,Guwahati West,25.7389,93.7101,3535109,1025181,22,29,2024-04-10,2024-12-08,,6,21.3,VEND151,0
WRK02684,Road Construction - Gaya West,Road Construction,Bihar,Gaya,Gaya West,25.4291,85.1228,1036046,683790,72,66,2022-11-30,2023-12-30,,10,44.7,VEND378,0
WRK01347,Community Hall - Muzaffarpur Central,Community Hall,Bihar,Muzaffarpur,Muzaffarpur Central,25.1896,85.8835,4124410,3464504,90,84,2023-04-17,2023-10-27,,12,39.3,VEND350,0
WRK03330,Streetlight Installation - Gurugram South,Streetlight Installation,Haryana,Gurugram,Gurugram South,28.0647,75.7204,862125,198288,25,23,2022-04-12,2022-12-24,,6,41.0,VEND101,0
WRK02367,Community Hall - Tirunelveli West,Community Hall,Tamil Nadu,Tirunelveli,Tirunelveli West,10.989,78.6166,1864635,1454415,86,78,2023-11-08,2024-07-13,,8,30.5,VEND322,0
WRK02592,Drainage Project - Bhopal Urban,Drainage Project,Madhya Pradesh,Bhopal,Bhopal Urban,24.2827,78.2884,3335782,2735341,90,82,2022-12-06,2024-02-18,,10,10.7,VEND355,0
WRK00356,Streetlight Installation - Hyderabad Rural,Streetlight Installation,Telangana,Hyderabad,Hyderabad Rural,17.9804,80.1763,16834020,2188422,20,13,2023-08-23,2024-03-20,,3,32.6,VEND146,0
WRK03148,Community Hall - Nizamabad East,Community Hall,Telangana,Nizamabad,Nizamabad East,18.1349,80.1724,7614974,1827593,17,24,2022-11-24,2024-02-17,,9,40.0,VEND099,0
WRK02542,Public Toilet Complex - Nashik Urban,Public Toilet Complex,Maharashtra,Nashik,Nashik Urban,19.1475,75.7274,1027660,205532,13,20,2024-03-31,2024-12-08,,11,17.1,VEND350,0
WRK03529,Community Hall - Bhubaneswar Rural,Community Hall,Odisha,Bhubaneswar,Bhubaneswar Rural,21.3733,84.2978,2396416,1869204,73,78,2024-03-25,2024-11-11,,6,27.5,VEND022,0
WRK00724,Anganwadi Centre - Ahmedabad Central,Anganwadi Centre,Gujarat,Ahmedabad,Ahmedabad Central,21.6092,70.4899,2315714,764185,38,33,2024-01-20,2024-06-14,,7,22.7,VEND180,0
WRK02229,School Building - Guwahati Urban,School Building,Assam,Guwahati,Guwahati Urban,27.0317,91.8533,5801332,696159,20,12,2023-05-17,2024-10-08,,10,16.7,VEND298,0
WRK01977,Irrigation Canal - Jalandhar East,Irrigation Canal,Punjab,Jalandhar,Jalandhar East,32.128,74.2315,9698290,5528025,55,57,2022-11-15,2024-01-16,,5,13.4,VEND119,0
WRK00245,Public Toilet Complex - Meerut West,Public Toilet Complex,Uttar Pradesh,Meerut,Meerut West,26.3131,81.0594,958659,38346,5,4,2024-03-30,2024-08-08,,11,20.7,VEND251,0
WRK03688,Public Toilet Complex - Guwahati West,Public Toilet Complex,Assam,Guwahati,Guwahati West,25.1514,93.5939,4864961,4427114,86,91,2024-03-26,2025-05-23,,10,26.4,VEND258,0
WRK01299,Community Hall - Surat Urban,Community Hall,Gujarat,Surat,Surat Urban,22.2057,70.6869,9076529,5355152,64,59,2024-04-03,2024-08-01,,10,15.1,VEND037,0
WRK03623,School Building - Panipat Central,School Building,Haryana,Panipat,Panipat Central,29.3345,76.8949,12623973,9594219,73,76,2022-05-23,2023-05-04,,4,23.7,VEND173,0
WRK00393,Road Construction - Kota East,Road Construction,Rajasthan,Kota,Kota East,27.0636,73.2695,10551940,4748373,44,45,2023-01-17,2023-11-09,,10,40.6,VEND045,0
WRK01747,Public Toilet Complex - Aurangabad South,Public Toilet Complex,Maharashtra,Aurangabad,Aurangabad South,20.8178,75.0166,823970,758052,92,92,2023-12-17,2024-09-29,,3,12.0,VEND249,0
WRK03488,Streetlight Installation - Vellore North,Streetlight Installation,Tamil Nadu,Vellore,Vellore North,10.9192,77.4427,6765546,6630235,97,98,2023-09-23,2024-05-04,,10,28.6,VEND138,0
WRK00086,Public Toilet Complex - Gaya Urban,Public Toilet Complex,Bihar,Gaya,Gaya Urban,25.4474,86.2508,4948347,0,1,0,2023-12-19,2024-05-14,,11,39.7,VEND254,0
WRK00747,Road Construction - Solapur Central,Road Construction,Maharashtra,Solapur,Solapur Central,19.0383,76.0913,22787403,3418110,13,15,2024-06-20,2024-10-22,,4,17.1,VEND246,0
WRK01181,Drainage Project - Gurugram Urban,Drainage Project,Haryana,Gurugram,Gurugram Urban,27.8164,76.0562,16951268,6950019,44,41,2023-01-24,2023-07-18,,12,28.1,VEND052,0
WRK02936,Public Toilet Complex - Udaipur South,Public Toilet Complex,Rajasthan,Udaipur,Udaipur South,27.4473,73.5097,2658578,1063431,41,40,2024-06-30,2024-10-31,,10,24.4,VEND155,0
WRK01316,Health Sub-Centre - Bengaluru Urban East,Health Sub-Centre,Karnataka,Bengaluru Urban,Bengaluru Urban East,16.4128,75.4048,8623738,5432954,64,63,2023-07-31,2024-06-20,,5,14.2,VEND083,0
WRK02091,Road Construction - Nashik West,Road Construction,Maharashtra,Nashik,Nashik West,20.4261,75.6673,10637401,6063318,53,57,2023-09-04,2024-07-20,,8,42.6,VEND205,0
WRK01102,Irrigation Canal - Kalaburagi North,Irrigation Canal,Karnataka,Kalaburagi,Kalaburagi North,14.8112,74.8443,3137280,2949043,99,94,2022-07-04,2023-08-13,,11,15.5,VEND263,0
WRK00913,Anganwadi Centre - Darjeeling Central,Anganwadi Centre,West Bengal,Darjeeling,Darjeeling Central,22.803,87.3355,21721491,1520504,7,7,2023-02-02,2023-07-15,,12,23.4,VEND010,0
WRK00963,Community Hall - Asansol West,Community Hall,West Bengal,Asansol,Asansol West,23.3585,87.2519,21837695,14412878,68,66,2023-11-08,2024-05-31,,4,43.2,VEND315,0
WRK00555,Anganwadi Centre - Ahmedabad East,Anganwadi Centre,Gujarat,Ahmedabad,Ahmedabad East,21.5173,70.7649,4066378,1992525,45,49,2024-07-26,2025-09-26,,5,39.4,VEND357,0
WRK03131,Irrigation Canal - Ludhiana West,Irrigation Canal,Punjab,Ludhiana,Ludhiana West,31.0646,75.9835,14799724,11543784,73,78,2024-03-21,2025-08-23,,8,27.7,VEND161,0
WRK02429,Health Sub-Centre - Rajkot Central,Health Sub-Centre,Gujarat,Rajkot,Rajkot Central,22.24,71.6664,475593,42803,17,9,2022-11-05,2023-04-06,,7,10.5,VEND165,0
WRK03920,Road Construction - Nagpur West,Road Construction,Maharashtra,Nagpur,Nagpur West,20.0012,75.4411,18547450,18547450,15,100,2024-01-18,2025-01-15,,3,49.9,VEND274,1
WRK02558,School Building - Gaya North,School Building,Bihar,Gaya,Gaya North,26.8266,85.6497,14939362,1643329,19,11,2022-06-08,2022-12-15,,3,41.2,VEND369,0
WRK03771,Public Toilet Complex - Dibrugarh South,Public Toilet Complex,Assam,Dibrugarh,Dibrugarh South,25.0443,91.8487,8752593,4551348,55,52,2024-03-20,2025-03-09,,4,41.7,VEND245,0
WRK00107,Health Sub-Centre - Guwahati Rural,Health Sub-Centre,Assam,Guwahati,Guwahati Rural,26.8951,91.9189,11983724,11983724,6,100,2024-05-13,2025-07-08,,4,58.0,VEND350,1
WRK02008,Anganwadi Centre - Jodhpur Central,Anganwadi Centre,Rajasthan,Jodhpur,Jodhpur Central,27.8219,73.5483,7980837,1995209,26,25,2023-06-08,2024-07-31,,8,13.1,VEND337,0
WRK00438,Drainage Project - Silchar South,Drainage Project,Assam,Silchar,Silchar South,26.6599,93.1833,3596036,1510335,38,42,2022-12-28,2023-05-21,,6,31.9,VEND048,0
WRK01801,Road Construction - Indore Rural,Road Construction,Madhya Pradesh,Indore,Indore Rural,22.5688,79.4711,22271774,19153725,14,86,2024-02-19,2024-08-21,,3,79.1,VEND142,1
WRK02236,Public Toilet Complex - Udaipur Central,Public Toilet Complex,Rajasthan,Udaipur,Udaipur Central,25.8739,74.4819,2524607,934104,29,37,2022-09-14,2023-05-31,,7,33.1,VEND126,0
WRK02213,Road Construction - Bhopal Urban,Road Construction,Madhya Pradesh,Bhopal,Bhopal Urban,23.3989,77.669,19591293,6856952,28,35,2023-11-17,2025-04-19,,11,12.7,VEND345,0
WRK02442,Irrigation Canal - Madurai Rural,Irrigation Canal,Tamil Nadu,Madurai,Madurai Rural,11.573,78.8084,2486726,99469,9,4,2024-05-15,2024-10-05,,6,19.0,VEND158,0
WRK00171,Streetlight Installation - Bengaluru Urban North,Streetlight Installation,Karnataka,Bengaluru Urban,Bengaluru Urban North,16.4934,76.6519,3563364,3207027,97,90,2023-12-20,2024-04-21,,10,23.0,VEND162,0
WRK03531,Irrigation Canal - Hubballi Central,Irrigation Canal,Karnataka,Hubballi,Hubballi Central,15.1263,76.4664,33675137,33001634,94,98,2022-11-03,2023-11-28,,2,70.1,VEND212,1
WRK01986,Public Toilet Complex - Asansol Urban,Public Toilet Complex,West Bengal,Asansol,Asansol Urban,23.1464,87.9427,15463029,14535247,93,94,2024-04-19,2025-09-01,,4,39.2,VEND237,0
WRK01372,Health Sub-Centre - Bikaner West,Health Sub-Centre,Rajasthan,Bikaner,Bikaner West,27.08,73.9735,3572947,1393449,36,39,2023-12-28,2024-10-10,,3,38.0,VEND300,0
WRK02123,School Building - Rourkela Rural,School Building,Odisha,Rourkela,Rourkela Rural,20.2766,84.0993,440227,105654,28,24,2023-12-26,2025-01-24,,7,29.0,VEND150,0
WRK01677,Health Sub-Centre - Thiruvananthapuram West,Health Sub-Centre,Kerala,Thiruvananthapuram,Thiruvananthapuram West,10.661,75.8019,5171308,0,2,0,2024-06-07,2025-09-28,,8,41.7,VEND143,0
WRK01159,Irrigation Canal - Lucknow North,Irrigation Canal,Uttar Pradesh,Lucknow,Lucknow North,27.3146,80.568,15128262,4387195,33,29,2024-02-09,2025-01-01,,8,28.6,VEND204,0
WRK01128,Road Construction - Nashik East,Road Construction,Maharashtra,Nashik,Nashik East,20.0494,74.6094,13779674,8818991,61,64,2023-11-07,2024-11-07,,6,32.0,VEND296,0
WRK02058,Public Toilet Complex - Siliguri Urban,Public Toilet Complex,West Bengal,Siliguri,Siliguri Urban,21.9418,88.2981,1977286,1305008,61,66,2023-05-29,2024-02-03,,11,33.6,VEND065,0
WRK03161,Anganwadi Centre - Cuttack West,Anganwadi Centre,Odisha,Cuttack,Cuttack West,20.5222,84.0534,15002969,6751336,53,45,2022-04-14,2023-05-29,,9,41.0,VEND136,0
WRK02059,Road Construction - Agra West,Road Construction,Uttar Pradesh,Agra,Agra West,27.3064,80.7537,1740537,1166159,67,67,2022-04-10,2023-04-21,,7,26.0,VEND013,0
WRK02356,Drainage Project - Asansol West,Drainage Project,West Bengal,Asansol,Asansol West,23.7317,86.906,1914020,191402,6,10,2022-04-06,2022-08-07,,11,25.6,VEND267,0
WRK00827,Community Hall - Indore Central,Community Hall,Madhya Pradesh,Indore,Indore Central,23.4358,77.7873,469045,136023,35,29,2022-07-15,2023-08-26,,12,41.2,VEND216,0
WRK03217,Streetlight Installation - Nashik Urban,Streetlight Installation,Maharashtra,Nashik,Nashik Urban,19.7744,76.1391,22280737,4901762,17,22,2023-10-11,2024-08-25,,11,34.6,VEND399,0
WRK00285,Road Construction - Darjeeling Rural,Road Construction,West Bengal,Darjeeling,Darjeeling Rural,21.785,87.3897,20406858,3673234,11,18,2023-01-04,2023-12-01,,6,23.0,VEND155,0
WRK03307,Public Toilet Complex - Prayagraj Urban,Public Toilet Complex,Uttar Pradesh,Prayagraj,Prayagraj Urban,26.2803,81.8586,20655900,20449341,97,99,2023-10-12,2025-01-07,,5,18.4,VEND370,0
WRK03757,Irrigation Canal - Hubballi West,Irrigation Canal,Karnataka,Hubballi,Hubballi West,14.2951,76.6129,1111884,889507,74,80,2022-11-28,2024-02-25,,11,31.4,VEND163,0
WRK02665,Community Hall - Aurangabad South,Community Hall,Maharashtra,Aurangabad,Aurangabad South,20.2898,74.9927,7507555,2102115,32,28,2022-07-19,2023-03-22,,10,22.7,VEND190,0
WRK02894,Anganwadi Centre - Thrissur Urban,Anganwadi Centre,Kerala,Thrissur,Thrissur Urban,11.868,77.3704,5604903,3026647,61,54,2023-01-24,2024-01-18,,12,10.4,VEND216,0
WRK03863,Water Supply Scheme - Surat Central,Water Supply Scheme,Gujarat,Surat,Surat Central,22.3734,71.9819,2542988,0,6,0,2022-05-04,2023-01-09,,12,18.3,VEND376,0
WRK02650,School Building - Dibrugarh South,School Building,Assam,Dibrugarh,Dibrugarh South,27.0825,91.7051,7833840,6815440,92,87,2024-06-25,2025-10-27,,4,15.0,VEND337,0
WRK03447,Community Hall - Hyderabad North,Community Hall,Telangana,Hyderabad,Hyderabad North,16.7462,78.5693,2750454,770127,24,28,2024-05-21,2025-04-15,,8,30.2,VEND091,0
WRK02281,Community Hall - Mangaluru Rural,Community Hall,Karnataka,Mangaluru,Mangaluru Rural,15.3055,76.2316,10369763,7362531,68,71,2024-02-03,2024-08-26,,4,19.4,VEND197,0
WRK01441,Public Toilet Complex - Muzaffarpur Rural,Public Toilet Complex,Bihar,Muzaffarpur,Muzaffarpur Rural,26.0115,84.1192,6997088,3778427,56,54,2024-02-26,2024-11-12,,5,17.2,VEND181,0
WRK02522,Health Sub-Centre - Surat North,Health Sub-Centre,Gujarat,Surat,Surat North,21.4927,71.6093,7071566,5091527,75,72,2024-03-01,2024-10-30,,9,23.4,VEND108,0
WRK02921,School Building - Warangal West,School Building,Telangana,Warangal,Warangal West,16.9871,79.3001,16936583,2201755,6,13,2022-07-17,2023-01-08,,12,26.5,VEND158,0
WRK02188,Water Supply Scheme - Solapur Central,Water Supply Scheme,Maharashtra,Solapur,Solapur Central,18.7297,76.695,482638,482638,10,100,2023-04-07,2024-01-08,,4,43.2,VEND300,1
WRK02941,School Building - Surat Urban,School Building,Gujarat,Surat,Surat Urban,23.2568,70.6048,1119549,235105,20,21,2022-12-14,2024-05-27,,12,22.7,VEND210,0
WRK03417,Community Hall - Solapur East,Community Hall,Maharashtra,Solapur,Solapur East,20.711,75.2348,1133142,158639,8,14,2023-03-01,2023-08-27,,11,33.8,VEND388,0
WRK02004,Water Supply Scheme - Muzaffarpur Urban,Water Supply Scheme,Bihar,Muzaffarpur,Muzaffarpur Urban,25.0013,85.8527,9204993,5615045,66,61,2023-09-18,2024-08-03,,4,16.4,VEND112,0
WRK01251,Anganwadi Centre - Cuttack West,Anganwadi Centre,Odisha,Cuttack,Cuttack West,20.2804,84.8224,1789986,984492,62,55,2024-08-20,2025-03-09,,8,43.7,VEND035,0
WRK01955,Drainage Project - Kota South,Drainage Project,Rajasthan,Kota,Kota South,26.5839,74.496,10228027,7364179,75,72,2023-12-23,2025-01-05,,8,21.4,VEND309,0
WRK02154,Road Construction - Rajkot Urban,Road Construction,Gujarat,Rajkot,Rajkot Urban,22.3724,70.5087,6817090,954392,10,14,2022-11-08,2024-04-23,,6,25.6,VEND399,0
WRK02240,Road Construction - Agra Urban,Road Construction,Uttar Pradesh,Agra,Agra Urban,27.368,79.9726,17991431,359828,6,2,2022-07-27,2023-07-25,,9,32.1,VEND022,0
WRK01257,Health Sub-Centre - Rajkot North,Health Sub-Centre,Gujarat,Rajkot,Rajkot North,21.5779,70.8283,12882979,5797340,49,45,2023-09-06,2024-02-21,,12,21.3,VEND271,0
WRK00056,Irrigation Canal - Lucknow Urban,Irrigation Canal,Uttar Pradesh,Lucknow,Lucknow Urban,27.386,81.4303,508508,183062,40,36,2023-05-19,2024-08-19,,3,32.9,VEND152,0
WRK00483,Health Sub-Centre - Nizamabad East,Health Sub-Centre,Telangana,Nizamabad,Nizamabad East,18.4594,79.7784,942153,838516,95,89,2024-06-26,2024-11-21,,11,43.3,VEND196,0
WRK00044,Anganwadi Centre - Vadodara East,Anganwadi Centre,Gujarat,Vadodara,Vadodara East,21.2308,72.1573,14320412,1288837,11,9,2023-12-11,2025-03-05,,10,17.4,VEND209,0
WRK03332,Streetlight Installation - Mysuru East,Streetlight Installation,Karnataka,Mysuru,Mysuru East,14.1412,76.7744,12060542,120605,1,1,2023-10-13,2024-12-26,,10,17.7,VEND052,0
WRK01822,Irrigation Canal - Muzaffarpur Rural,Irrigation Canal,Bihar,Muzaffarpur,Muzaffarpur Rural,24.994,85.1817,15503559,6511494,48,42,2024-06-04,2025-06-16,,9,17.3,VEND144,0
WRK01544,School Building - Jabalpur West,School Building,Madhya Pradesh,Jabalpur,Jabalpur West,22.2382,78.8788,1078701,550137,57,51,2022-10-12,2023-05-31,,11,20.4,VEND136,0
WRK00321,Drainage Project - Thiruvananthapuram Urban,Drainage Project,Kerala,Thiruvananthapuram,Thiruvananthapuram Urban,9.7739,75.942,7333320,5719989,78,78,2022-12-15,2023-06-20,,7,40.0,VEND008,0
WRK01342,Irrigation Canal - Coimbatore North,Irrigation Canal,Tamil Nadu,Coimbatore,Coimbatore North,11.1348,79.4564,543452,222815,34,41,2024-04-28,2025-07-06,,4,13.3,VEND209,0
WRK02135,Road Construction - Agra Rural,Road Construction,Uttar Pradesh,Agra,Agra Rural,26.7229,81.2519,3422926,2190672,62,64,2022-11-08,2023-04-27,,7,44.3,VEND272,0
WRK02803,Streetlight Installation - Kolkata West,Streetlight Installation,West Bengal,Kolkata,Kolkata West,23.3858,87.937,3193200,2554560,85,80,2023-09-28,2024-03-11,,3,31.6,VEND380,0
WRK03960,Irrigation Canal - Jabalpur Urban,Irrigation Canal,Madhya Pradesh,Jabalpur,Jabalpur Urban,24.4784,77.4269,13427544,6848047,49,51,2023-04-02,2023-09-11,,12,30.4,VEND384,0
WRK02479,School Building - Thiruvananthapuram East,School Building,Kerala,Thiruvananthapuram,Thiruvananthapuram East,11.2125,77.1879,9490684,7023106,68,74,2022-08-01,2023-02-04,,7,21.1,VEND249,0
WRK03952,Community Hall - Pune Rural,Community Hall,Maharashtra,Pune,Pune Rural,19.4614,75.6588,939949,75195,10,8,2022-10-11,2024-01-08,,8,33.8,VEND036,0
WRK01438,Community Hall - Bhopal Rural,Community Hall,Madhya Pradesh,Bhopal,Bhopal Rural,24.3051,77.9836,5343320,213732,5,4,2022-08-14,2023-12-11,,6,36.1,VEND375,0
WRK03219,Public Toilet Complex - Vellore West,Public Toilet Complex,Tamil Nadu,Vellore,Vellore West,11.5276,79.5653,3479855,1739927,56,50,2022-11-18,2023-08-02,,3,24.2,VEND341,0
WRK03340,Health Sub-Centre - Bhagalpur Urban,Health Sub-Centre,Bihar,Bhagalpur,Bhagalpur Urban,25.7093,84.1373,10695777,8449663,87,79,2024-06-07,2024-11-15,,5,21.6,VEND203,0
WRK02256,Anganwadi Centre - Patna West,Anganwadi Centre,Bihar,Patna,Patna West,27.0233,85.5871,7365870,6260989,77,85,2024-07-05,2025-06-27,,9,19.9,VEND038,0
WRK00238,Water Supply Scheme - Gwalior Central,Water Supply Scheme,Madhya Pradesh,Gwalior,Gwalior Central,23.3954,77.5612,5302840,1431766,29,27,2023-06-26,2023-11-15,,8,15.5,VEND373,0
WRK01798,Road Construction - Warangal South,Road Construction,Telangana,Warangal,Warangal South,18.6024,79.7491,2860177,1944920,70,68,2022-05-26,2022-12-22,,12,20.3,VEND066,0
WRK01810,Anganwadi Centre - Bhagalpur Urban,Anganwadi Centre,Bihar,Bhagalpur,Bhagalpur Urban,24.8786,85.1089,411655,209944,58,51,2024-08-09,2025-06-26,,9,18.2,VEND202,0
WRK01004,Road Construction - Thrissur South,Road Construction,Kerala,Thrissur,Thrissur South,10.1061,77.0573,16832580,12456109,71,74,2023-02-13,2023-10-31,,4,22.0,VEND291,0
WRK03842,Water Supply Scheme - Thrissur Central,Water Supply Scheme,Kerala,Thrissur,Thrissur Central,10.0454,75.5264,1805301,667961,45,37,2024-02-28,2025-07-12,,11,21.4,VEND297,0
WRK02394,Community Hall - Vellore West,Community Hall,Tamil Nadu,Vellore,Vellore West,11.6023,77.5201,2242143,2130035,98,95,2024-04-27,2024-10-15,,6,13.5,VEND169,0
WRK03019,Streetlight Installation - Aurangabad Central,Streetlight Installation,Maharashtra,Aurangabad,Aurangabad Central,18.5136,76.8808,10349497,4139798,45,40,2024-03-10,2024-10-15,,11,31.2,VEND194,0
WRK03341,Public Toilet Complex - Muzaffarpur Rural,Public Toilet Complex,Bihar,Muzaffarpur,Muzaffarpur Rural,25.9896,84.9659,509449,397370,85,78,2023-05-20,2024-08-08,,9,32.6,VEND115,0
WRK03053,Irrigation Canal - Gurugram East,Irrigation Canal,Haryana,Gurugram,Gurugram East,28.0363,77.1506,464705,329940,74,71,2024-03-12,2025-08-22,,9,31.9,VEND179,0
WRK02917,Anganwadi Centre - Siliguri Urban,Anganwadi Centre,West Bengal,Siliguri,Siliguri Urban,22.0041,88.3593,9291257,9198344,41,99,2024-05-06,2025-09-07,,2,96.9,VEND136,1
WRK02506,Irrigation Canal - Silchar West,Irrigation Canal,Assam,Silchar,Silchar West,25.6229,93.2873,900741,378311,40,42,2023-11-11,2024-03-17,,11,21.3,VEND177,0
WRK01200,Health Sub-Centre - Agra Central,Health Sub-Centre,Uttar Pradesh,Agra,Agra Central,25.9342,81.1688,9236417,2216740,18,24,2023-06-23,2024-11-02,,12,36.9,VEND340,0
WRK00301,Water Supply Scheme - Indore Central,Water Supply Scheme,Madhya Pradesh,Indore,Indore Central,22.5993,79.2504,516434,51643,8,10,2023-08-07,2024-06-18,,6,38.5,VEND303,0
WRK03073,Road Construction - Amritsar Urban,Road Construction,Punjab,Amritsar,Amritsar Urban,30.2056,76.2705,2938746,1528147,52,52,2022-09-07,2023-04-12,,4,34.2,VEND224,0
WRK02508,Anganwadi Centre - Bhopal Urban,Anganwadi Centre,Madhya Pradesh,Bhopal,Bhopal Urban,22.2532,78.6041,3178374,2065943,72,65,2023-12-09,2024-11-13,,7,22.6,VEND079,0
WRK00943,School Building - Kozhikode Urban,School Building,Kerala,Kozhikode,Kozhikode Urban,10.2745,75.4164,522154,339400,63,65,2022-11-24,2023-08-23,,3,29.7,VEND269,0
WRK03039,Streetlight Installation - Tiruchirappalli South,Streetlight Installation,Tamil Nadu,Tiruchirappalli,Tiruchirappalli South,12.2686,78.3553,4935725,4294080,79,87,2022-12-28,2023-09-06,,10,10.1,VEND118,0
WRK02371,Drainage Project - Rajkot West,Drainage Project,Gujarat,Rajkot,Rajkot West,22.9452,72.2436,13667201,8336992,58,61,2023-09-28,2024-09-05,,12,22.8,VEND059,0
WRK01260,Drainage Project - Kochi Urban,Drainage Project,Kerala,Kochi,Kochi Urban,11.8225,75.3881,16288174,6189506,40,38,2023-02-22,2024-02-25,,6,43.5,VEND306,0
WRK03627,Public Toilet Complex - Hyderabad South,Public Toilet Complex,Telangana,Hyderabad,Hyderabad South,17.8913,79.4345,22963241,22503976,20,98,2023-03-15,2024-05-13,,4,62.1,VEND225,1
WRK02523,Community Hall - Ahmedabad West,Community Hall,Gujarat,Ahmedabad,Ahmedabad West,22.4378,70.1134,19346997,7351858,45,38,2022-08-08,2024-01-29,,6,14.2,VEND119,0
WRK00464,Anganwadi Centre - Howrah North,Anganwadi Centre,West Bengal,Howrah,Howrah North,21.725,87.213,3329560,2530465,76,76,2023-12-24,2024-11-27,,5,13.1,VEND189,0
WRK00006,Streetlight Installation - Madurai South,Streetlight Installation,Tamil Nadu,Madurai,Madurai South,11.3684,77.7348,1905969,247775,11,13,2024-07-07,2025-01-08,,4,11.5,VEND237,0
WRK00842,Anganwadi Centre - Surat Urban,Anganwadi Centre,Gujarat,Surat,Surat Urban,21.4882,70.2057,8932986,3573194,35,40,2022-10-10,2023-03-14,,5,34.0,VEND296,0
WRK01869,Streetlight Installation - Siliguri Rural,Streetlight Installation,West Bengal,Siliguri,Siliguri Rural,23.213,87.303,533993,283016,61,53,2024-06-27,2025-03-19,,3,10.0,VEND216,0
WRK00327,Public Toilet Complex - Vadodara South,Public Toilet Complex,Gujarat,Vadodara,Vadodara South,21.8587,70.673,8216130,3450774,36,42,2023-06-20,2023-10-24,,9,33.7,VEND272,0
WRK03002,Road Construction - Surat Urban,Road Construction,Gujarat,Surat,Surat Urban,22.7883,70.2049,6815905,4430338,70,65,2024-04-11,2025-07-01,,7,25.7,VEND324,0
WRK03044,Road Construction - Jodhpur West,Road Construction,Rajasthan,Jodhpur,Jodhpur West,27.1449,73.9551,4700077,4371071,11,93,2023-05-03,2024-01-25,,5,51.6,VEND267,1
WRK03425,Irrigation Canal - Jodhpur Central,Irrigation Canal,Rajasthan,Jodhpur,Jodhpur Central,27.3078,74.4124,3343040,1704950,45,51,2023-04-27,2024-01-28,,7,19.5,VEND105,0
WRK01465,Water Supply Scheme - Prayagraj Urban,Water Supply Scheme,Uttar Pradesh,Prayagraj,Prayagraj Urban,26.6151,81.6094,1704256,1261149,66,74,2022-12-29,2024-04-27,,12,41.5,VEND300,0
WRK00893,Road Construction - Ludhiana South,Road Construction,Punjab,Ludhiana,Ludhiana South,32.0159,75.5028,455402,13662,0,3,2024-07-08,2025-01-15,,9,29.9,VEND037,0
WRK02062,Community Hall - Amritsar Urban,Community Hall,Punjab,Amritsar,Amritsar Urban,31.4163,74.7171,5931306,1720078,29,29,2024-06-13,2025-03-26,,11,19.4,VEND224,0
WRK00695,Public Toilet Complex - Belagavi North,Public Toilet Complex,Karnataka,Belagavi,Belagavi North,14.1421,75.2039,547805,410853,70,75,2022-07-22,2023-11-04,,4,21.5,VEND046,0
WRK00388,Drainage Project - Jalandhar West,Drainage Project,Punjab,Jalandhar,Jalandhar West,30.1151,75.8223,909049,736329,85,81,2024-05-12,2025-06-29,,12,35.5,VEND227,0
WRK02572,Anganwadi Centre - Bikaner West,Anganwadi Centre,Rajasthan,Bikaner,Bikaner West,27.583,75.1597,11745371,5755231,54,49,2024-06-27,2025-07-16,,4,29.9,VEND241,0
WRK00604,Drainage Project - Gwalior Rural,Drainage Project,Madhya Pradesh,Gwalior,Gwalior Rural,22.4025,78.3585,4246006,424600,13,10,2022-07-05,2023-01-28,,3,38.9,VEND309,0
WRK00843,Streetlight Installation - Ludhiana South,Streetlight Installation,Punjab,Ludhiana,Ludhiana South,30.9831,74.5403,961827,817552,17,85,2022-07-19,2023-12-02,,5,47.5,VEND015,1
WRK00323,Streetlight Installation - Nizamabad South,Streetlight Installation,Telangana,Nizamabad,Nizamabad South,18.4383,80.098,17936360,10761816,67,60,2022-10-03,2024-03-15,,8,44.4,VEND075,0
WRK02748,Irrigation Canal - Varanasi East,Irrigation Canal,Uttar Pradesh,Varanasi,Varanasi East,27.4051,79.8899,15477665,13775121,85,89,2024-01-21,2024-12-11,,11,43.7,VEND221,0
WRK01868,Irrigation Canal - Coimbatore North,Irrigation Canal,Tamil Nadu,Coimbatore,Coimbatore North,11.0699,78.2739,1120647,67238,3,6,2022-06-10,2023-04-06,,10,38.3,VEND140,0
WRK03832,Drainage Project - Cuttack Central,Drainage Project,Odisha,Cuttack,Cuttack Central,20.736,84.5973,4500798,135023,11,3,2024-01-13,2024-07-22,,12,15.6,VEND066,0
WRK03034,Road Construction - Ludhiana East,Road Construction,Punjab,Ludhiana,Ludhiana East,32.1193,76.3446,3076164,2707024,89,88,2023-03-17,2023-08-27,,5,21.0,VEND060,0
WRK03359,School Building - Cuttack West,School Building,Odisha,Cuttack,Cuttack West,20.9615,84.019,14875656,14875656,96,100,2023-11-29,2024-12-23,,6,44.2,VEND141,0
WRK02614,Irrigation Canal - Muzaffarpur South,Irrigation Canal,Bihar,Muzaffarpur,Muzaffarpur South,25.2719,86.0003,12110738,7871979,64,65,2023-07-03,2024-09-11,,5,13.3,VEND300,0
WRK03282,Anganwadi Centre - Faridabad South,Anganwadi Centre,Haryana,Faridabad,Faridabad South,28.935,76.6008,840234,470531,48,56,2023-08-26,2024-04-28,,7,42.4,VEND399,0
WRK03966,Water Supply Scheme - Jalandhar North,Water Supply Scheme,Punjab,Jalandhar,Jalandhar North,31.3729,74.2668,6989377,0,3,0,2023-08-29,2024-12-18,,7,33.3,VEND237,0
WRK02564,Road Construction - Jaipur Urban,Road Construction,Rajasthan,Jaipur,Jaipur Urban,26.2995,73.7469,3075253,1322358,42,43,2022-06-19,2022-12-11,,9,13.8,VEND177,0
WRK02603,Anganwadi Centre - Madurai East,Anganwadi Centre,Tamil Nadu,Madurai,Madurai East,11.1926,78.0011,8448156,2872373,40,34,2024-06-17,2024-10-23,,12,10.8,VEND393,0
WRK01281,Streetlight Installation - Indore West,Streetlight Installation,Madhya Pradesh,Indore,Indore West,23.6406,79.155,1142220,399777,36,35,2023-10-27,2024-12-25,,4,31.6,VEND001,0
WRK00831,Anganwadi Centre - Mangaluru North,Anganwadi Centre,Karnataka,Mangaluru,Mangaluru North,15.0385,75.0621,15697802,5808186,35,37,2024-04-10,2025-01-09,,8,24.0,VEND285,0
WRK01905,Road Construction - Kolkata East,Road Construction,West Bengal,Kolkata,Kolkata East,23.2474,87.4152,2273897,2205680,92,97,2023-06-24,2024-12-11,,7,33.1,VEND280,0
WRK00456,Community Hall - Kolkata Urban,Community Hall,West Bengal,Kolkata,Kolkata Urban,21.9537,88.9719,10720911,2787436,20,26,2023-01-30,2023-09-14,,8,40.8,VEND393,0
WRK00308,Public Toilet Complex - Chennai Rural,Public Toilet Complex,Tamil Nadu,Chennai,Chennai Rural,11.7548,77.9521,2360690,354103,14,15,2024-07-19,2025-05-18,,3,18.2,VEND360,0
WRK02121,Anganwadi Centre - Bhubaneswar Urban,Anganwadi Centre,Odisha,Bhubaneswar,Bhubaneswar Urban,21.7073,85.7925,16189635,6961543,49,43,2023-01-31,2023-08-13,,3,26.8,VEND005,0
WRK02306,School Building - Jabalpur South,School Building,Madhya Pradesh,Jabalpur,Jabalpur South,23.4423,78.3167,3369558,909780,23,27,2023-11-10,2025-02-04,,3,11.7,VEND367,0
WRK02263,Community Hall - Panipat Urban,Community Hall,Haryana,Panipat,Panipat Urban,29.3663,74.9471,494059,163039,25,33,2022-07-07,2023-04-20,,6,44.2,VEND307,0
WRK02051,Water Supply Scheme - Agra North,Water Supply Scheme,Uttar Pradesh,Agra,Agra North,27.7458,80.8949,1869168,1831784,97,98,2024-07-23,2025-03-15,,7,40.0,VEND068,0
WRK01303,Irrigation Canal - Asansol Central,Irrigation Canal,West Bengal,Asansol,Asansol Central,22.3752,87.6982,485829,344938,78,71,2023-08-03,2024-10-21,,10,44.2,VEND256,0
WRK00329,Streetlight Installation - Siliguri West,Streetlight Installation,West Bengal,Siliguri,Siliguri West,23.3089,88.8837,2316977,2177958,95,94,2024-05-31,2025-09-08,,12,37.0,VEND267,0
WRK03968,Drainage Project - Patna South,Drainage Project,Bihar,Patna,Patna South,24.9143,84.8299,10890598,6316546,62,58,2022-04-13,2023-08-28,,4,23.5,VEND138,0
WRK01705,Health Sub-Centre - Kozhikode East,Health Sub-Centre,Kerala,Kozhikode,Kozhikode East,9.9239,75.7108,943600,254772,34,27,2024-06-25,2025-11-12,,3,33.7,VEND220,0
WRK02975,Irrigation Canal - Bhubaneswar South,Irrigation Canal,Odisha,Bhubaneswar,Bhubaneswar South,19.79,86.0027,10207117,6736697,73,66,2023-10-29,2024-03-05,,3,25.1,VEND233,0
WRK01719,Anganwadi Centre - Amritsar East,Anganwadi Centre,Punjab,Amritsar,Amritsar East,30.9507,74.6538,5182602,777390,11,15,2022-11-25,2023-04-12,,7,16.1,VEND068,0
WRK02613,School Building - Lucknow Urban,School Building,Uttar Pradesh,Lucknow,Lucknow Urban,25.9991,81.3929,9131790,7762021,87,85,2022-05-08,2023-03-02,,6,10.3,VEND314,0
WRK00480,School Building - Warangal Rural,School Building,Telangana,Warangal,Warangal Rural,17.0842,79.4077,13480073,4178822,36,31,2023-03-03,2023-07-14,,9,23.1,VEND055,0
WRK03885,School Building - Hubballi North,School Building,Karnataka,Hubballi,Hubballi North,15.2409,76.3025,1756782,650009,35,37,2022-07-12,2023-11-29,,9,27.5,VEND356,0
WRK03337,Community Hall - Bhagalpur Central,Community Hall,Bihar,Bhagalpur,Bhagalpur Central,26.0971,85.9805,10701418,2568340,16,24,2022-12-26,2024-04-30,,11,17.5,VEND293,0
WRK02958,School Building - Kota East,School Building,Rajasthan,Kota,Kota East,27.2566,74.3556,935062,224414,23,24,2024-06-19,2025-03-24,,11,38.4,VEND122,0
WRK00118,Water Supply Scheme - Bengaluru Urban North,Water Supply Scheme,Karnataka,Bengaluru Urban,Bengaluru Urban North,14.7857,76.5846,7796274,5067578,71,65,2024-06-22,2025-02-25,,12,38.8,VEND133,0
WRK01972,Drainage Project - Tiruchirappalli East,Drainage Project,Tamil Nadu,Tiruchirappalli,Tiruchirappalli East,10.018,77.4745,8838504,795465,16,9,2023-02-05,2023-10-12,,9,26.9,VEND341,0
WRK01558,Public Toilet Complex - Kozhikode Urban,Public Toilet Complex,Kerala,Kozhikode,Kozhikode Urban,10.0426,76.194,3277212,294949,16,9,2022-04-17,2022-11-04,,8,37.9,VEND310,0
WRK02863,Drainage Project - Ludhiana Urban,Drainage Project,Punjab,Ludhiana,Ludhiana Urban,31.9025,74.9439,3145955,1793194,61,57,2024-03-11,2025-04-09,,5,22.3,VEND188,0
WRK03797,Water Supply Scheme - Panipat East,Water Supply Scheme,Haryana,Panipat,Panipat East,28.8026,76.6245,935434,383527,46,41,2023-06-16,2024-07-08,,10,43.8,VEND235,0
WRK01030,Irrigation Canal - Rourkela North,Irrigation Canal,Odisha,Rourkela,Rourkela North,21.2555,85.9003,17128860,11133759,57,65,2024-07-05,2025-12-17,,8,37.3,VEND365,0
WRK00467,Drainage Project - Indore Urban,Drainage Project,Madhya Pradesh,Indore,Indore Urban,23.5978,79.1954,851238,246859,24,29,2024-04-14,2025-07-24,,5,24.3,VEND075,0
WRK03507,Road Construction - Bhopal South,Road Construction,Madhya Pradesh,Bhopal,Bhopal South,23.3771,77.4955,834265,650726,73,78,2023-09-08,2024-03-09,,12,21.5,VEND156,0
WRK03249,Water Supply Scheme - Jabalpur North,Water Supply Scheme,Madhya Pradesh,Jabalpur,Jabalpur North,24.0319,79.1891,2198221,571537,30,26,2024-06-28,2025-09-26,,8,20.6,VEND005,0
WRK02999,Public Toilet Complex - Thiruvananthapuram West,Public Toilet Complex,Kerala,Thiruvananthapuram,Thiruvananthapuram West,10.0948,75.9666,8538636,6062431,68,71,2023-07-29,2024-11-22,,4,28.5,VEND351,0
WRK02494,Anganwadi Centre - Mumbai West,Anganwadi Centre,Maharashtra,Mumbai,Mumbai West,20.077,76.2575,15804330,15172156,13,96,2022-09-20,2023-04-26,,3,45.6,VEND074,1
WRK03451,Irrigation Canal - Kanpur Central,Irrigation Canal,Uttar Pradesh,Kanpur,Kanpur Central,26.731,79.7642,23010435,15186887,62,66,2022-04-14,2023-07-25,,4,22.7,VEND015,0
WRK01970,Streetlight Installation - Dibrugarh West,Streetlight Installation,Assam,Dibrugarh,Dibrugarh West,25.9946,93.3549,2717579,1929481,64,71,2023-11-05,2024-03-30,,3,32.9,VEND272,0
WRK01199,School Building - Rajkot North,School Building,Gujarat,Rajkot,Rajkot North,21.9653,71.0251,460848,211990,49,46,2022-11-21,2023-04-09,,4,36.7,VEND035,0
WRK01357,Water Supply Scheme - Warangal Rural,Water Supply Scheme,Telangana,Warangal,Warangal Rural,17.728,78.3651,3074322,676350,23,22,2022-09-04,2023-10-02,,3,21.4,VEND088,0
WRK01902,School Building - Jodhpur North,School Building,Rajasthan,Jodhpur,Jodhpur North,26.2643,73.5049,579349,544588,94,94,2022-09-25,2023-05-21,,10,16.0,VEND015,0
WRK01976,Road Construction - Jalandhar West,Road Construction,Punjab,Jalandhar,Jalandhar West,32.134,74.1128,8214504,3778671,39,46,2022-12-21,2023-12-31,,9,20.6,VEND148,0
WRK00777,Water Supply Scheme - Jalandhar West,Water Supply Scheme,Punjab,Jalandhar,Jalandhar West,30.904,75.9023,17942170,9150506,46,51,2023-03-14,2023-12-07,,3,41.2,VEND397,0
WRK02653,Public Toilet Complex - Kota South,Public Toilet Complex,Rajasthan,Kota,Kota South,27.3192,73.1273,3376820,3174210,91,94,2022-10-15,2023-11-22,,8,20.2,VEND042,0
WRK00569,Anganwadi Centre - Salem Central,Anganwadi Centre,Tamil Nadu,Salem,Salem Central,12.0054,79.5054,9255367,7311739,86,79,2022-06-07,2022-11-26,,11,11.8,VEND196,0
WRK01787,Irrigation Canal - Faridabad East,Irrigation Canal,Haryana,Faridabad,Faridabad East,30.0436,76.8039,989030,741772,69,75,2023-10-22,2025-03-29,,8,40.0,VEND096,0
WRK03206,Drainage Project - Bhubaneswar West,Drainage Project,Odisha,Bhubaneswar,Bhubaneswar West,20.5978,84.449,4720823,188832,6,4,2022-12-04,2023-08-08,,10,43.6,VEND091,0
WRK03036,Anganwadi Centre - Kolkata Urban,Anganwadi Centre,West Bengal,Kolkata,Kolkata Urban,23.2035,88.587,1123641,505638,37,45,2023-07-09,2023-12-27,,10,28.4,VEND036,0
WRK03922,Streetlight Installation - Silchar East,Streetlight Installation,Assam,Silchar,Silchar East,25.1826,93.1486,973735,632927,60,65,2023-02-26,2024-05-28,,6,41.3,VEND251,0
WRK01093,School Building - Dibrugarh North,School Building,Assam,Dibrugarh,Dibrugarh North,25.0004,93.1736,4884066,2344351,41,48,2022-12-05,2023-06-25,,12,26.4,VEND024,0
WRK01258,Drainage Project - Rajkot Central,Drainage Project,Gujarat,Rajkot,Rajkot Central,21.7151,70.1154,5697847,2677988,49,47,2022-06-08,2023-05-24,,7,34.9,VEND187,0
WRK01999,Public Toilet Complex - Siliguri Urban,Public Toilet Complex,West Bengal,Siliguri,Siliguri Urban,22.6965,88.0762,972603,972603,96,100,2023-01-30,2024-04-11,,12,23.0,VEND088,0
WRK00085,Anganwadi Centre - Rourkela North,Anganwadi Centre,Odisha,Rourkela,Rourkela North,19.7345,84.0786,4188313,1591558,31,38,2024-02-07,2025-06-13,,8,33.2,VEND329,0
WRK01666,Irrigation Canal - Gurugram Urban,Irrigation Canal,Haryana,Gurugram,Gurugram Urban,28.4704,75.6373,4104665,2052332,45,50,2023-06-08,2023-12-02,,3,27.3,VEND283,0
WRK03574,Health Sub-Centre - Varanasi West,Health Sub-Centre,Uttar Pradesh,Varanasi,Varanasi West,25.7914,80.6646,4725877,1559539,28,33,2024-04-10,2024-12-12,,6,36.7,VEND004,0
WRK02686,Water Supply Scheme - Chennai East,Water Supply Scheme,Tamil Nadu,Chennai,Chennai East,10.0582,78.6764,19453862,16341244,89,84,2022-06-22,2023-02-28,,3,43.8,VEND005,0
WRK02790,Road Construction - Darjeeling North,Road Construction,West Bengal,Darjeeling,Darjeeling North,22.8874,87.3199,19790467,3958093,21,20,2024-05-04,2025-08-11,,11,26.8,VEND116,0
WRK00756,School Building - Cuttack South,School Building,Odisha,Cuttack,Cuttack South,21.4144,84.9081,424406,424406,12,100,2023-02-25,2023-08-29,,4,52.8,VEND218,1
WRK02144,Community Hall - Hyderabad West,Community Hall,Telangana,Hyderabad,Hyderabad West,18.7461,78.9191,9521687,8474301,95,89,2023-11-13,2024-10-12,,8,30.9,VEND231,0
WRK02200,Streetlight Installation - Asansol North,Streetlight Installation,West Bengal,Asansol,Asansol North,23.767,86.9712,19264160,15411328,84,80,2024-07-24,2025-06-26,,6,33.6,VEND106,0
WRK00512,Streetlight Installation - Solapur East,Streetlight Installation,Maharashtra,Solapur,Solapur East,19.9873,75.8488,5064841,2937607,63,58,2024-05-20,2025-06-03,,5,32.6,VEND172,0
WRK03867,School Building - Guwahati South,School Building,Assam,Guwahati,Guwahati South,25.7284,93.0417,8106772,1378151,12,17,2022-11-12,2023-05-08,,10,29.7,VEND372,0
WRK02437,Public Toilet Complex - Lucknow South,Public Toilet Complex,Uttar Pradesh,Lucknow,Lucknow South,27.2097,81.1461,1655384,1390522,82,84,2023-06-17,2024-04-03,,3,33.6,VEND071,0
WRK00732,Streetlight Installation - Mangaluru North,Streetlight Installation,Karnataka,Mangaluru,Mangaluru North,16.3952,74.8556,13694872,7669128,64,56,2023-06-04,2024-06-26,,5,31.0,VEND357,0
WRK02221,Streetlight Installation - Prayagraj South,Streetlight Installation,Uttar Pradesh,Prayagraj,Prayagraj South,27.0052,80.4576,7390183,6133851,75,83,2022-12-30,2023-12-02,,6,17.4,VEND203,0
WRK03093,Water Supply Scheme - Kozhikode South,Water Supply Scheme,Kerala,Kozhikode,Kozhikode South,9.7241,75.5065,1123022,101071,17,9,2022-04-03,2023-03-30,,4,31.6,VEND012,0
WRK00531,Irrigation Canal - Kozhikode North,Irrigation Canal,Kerala,Kozhikode,Kozhikode North,10.4248,75.6778,3358013,302221,14,9,2024-08-20,2025-07-15,,8,30.0,VEND021,0
WRK03128,Road Construction - Kolkata Urban,Road Construction,West Bengal,Kolkata,Kolkata Urban,24.0798,88.9597,19933700,14152927,74,71,2023-07-07,2024-05-28,,9,14.7,VEND328,0
WRK00766,Anganwadi Centre - Mumbai West,Anganwadi Centre,Maharashtra,Mumbai,Mumbai West,20.5703,74.9302,2361973,1653381,70,70,2024-02-26,2025-02-12,,12,27.6,VEND364,0
WRK01480,Drainage Project - Chennai Rural,Drainage Project,Tamil Nadu,Chennai,Chennai Rural,11.3305,77.6579,1165042,535919,44,46,2022-12-08,2023-10-17,,4,22.7,VEND265,0
WRK02784,Public Toilet Complex - Jabalpur North,Public Toilet Complex,Madhya Pradesh,Jabalpur,Jabalpur North,23.246,78.734,8320648,665651,8,8,2024-01-18,2025-03-29,,5,34.5,VEND355,0
WRK02003,Streetlight Installation - Faridabad North,Streetlight Installation,Haryana,Faridabad,Faridabad North,30.031,75.2421,34137388,33113266,94,97,2022-04-15,2023-01-28,,2,71.6,VEND106,1
WRK01362,Public Toilet Complex - Panipat West,Public Toilet Complex,Haryana,Panipat,Panipat West,28.1428,76.1916,9446860,7651956,77,81,2023-03-29,2024-09-01,,7,28.3,VEND209,0
WRK03477,Streetlight Installation - Silchar Central,Streetlight Installation,Assam,Silchar,Silchar Central,26.2642,92.9908,14891445,5658749,42,38,2022-12-27,2023-06-22,,3,34.8,VEND389,0
WRK03311,Anganwadi Centre - Gwalior Rural,Anganwadi Centre,Madhya Pradesh,Gwalior,Gwalior Rural,24.2901,77.9123,5878961,5761381,14,98,2023-05-27,2024-09-30,,4,76.4,VEND105,1
WRK03313,Water Supply Scheme - Silchar Central,Water Supply Scheme,Assam,Silchar,Silchar Central,25.3007,92.48,490420,407048,91,83,2022-07-21,2023-12-16,,3,16.6,VEND382,0
WRK00375,Community Hall - Gorakhpur Rural,Community Hall,Uttar Pradesh,Gorakhpur,Gorakhpur Rural,27.7069,80.4613,424041,178097,34,42,2023-02-23,2023-12-20,,9,19.7,VEND033,0
WRK01634,Streetlight Installation - Tirunelveli West,Streetlight Installation,Tamil Nadu,Tirunelveli,Tirunelveli West,11.1721,77.4668,2313647,2012872,81,87,2023-10-30,2025-03-26,,8,24.8,VEND158,0
WRK03046,Road Construction - Thiruvananthapuram West,Road Construction,Kerala,Thiruvananthapuram,Thiruvananthapuram West,10.31,75.1609,3072854,1413512,51,46,2024-01-26,2024-09-28,,3,44.6,VEND234,0
WRK02758,Health Sub-Centre - Guwahati Central,Health Sub-Centre,Assam,Guwahati,Guwahati Central,27.2007,93.3962,21354649,10890870,54,51,2024-03-23,2025-03-29,,9,40.6,VEND155,0
WRK02986,Public Toilet Complex - Udaipur East,Public Toilet Complex,Rajasthan,Udaipur,Udaipur East,27.9931,73.5179,8237665,494259,6,6,2024-08-27,2025-09-06,,3,19.6,VEND078,0
WRK02860,Road Construction - Nizamabad Urban,Road Construction,Telangana,Nizamabad,Nizamabad Urban,18.4371,80.4731,5138133,4470175,88,87,2023-08-12,2024-07-04,,7,40.3,VEND178,0
WRK01185,Public Toilet Complex - Thrissur Urban,Public Toilet Complex,Kerala,Thrissur,Thrissur Urban,10.1965,75.7607,2982776,1133454,36,38,2024-01-19,2024-08-28,,5,25.7,VEND102,0
WRK01715,Public Toilet Complex - Tiruchirappalli Urban,Public Toilet Complex,Tamil Nadu,Tiruchirappalli,Tiruchirappalli Urban,10.8095,78.1266,1140504,171075,8,15,2023-04-06,2024-07-21,,12,31.7,VEND231,0
WRK03568,Community Hall - Silchar Central,Community Hall,Assam,Silchar,Silchar Central,26.4791,92.1403,18287420,6034848,30,33,2024-07-08,2025-02-05,,6,30.1,VEND118,0
WRK02719,Drainage Project - Bikaner North,Drainage Project,Rajasthan,Bikaner,Bikaner North,27.2815,73.9724,5364986,2682493,53,50,2024-07-31,2025-08-07,,4,38.7,VEND094,0
WRK02081,Water Supply Scheme - Salem North,Water Supply Scheme,Tamil Nadu,Salem,Salem North,11.0407,79.2974,6603314,6207115,98,94,2023-12-26,2024-06-11,,11,34.5,VEND055,0
WRK01794,Irrigation Canal - Rourkela East,Irrigation Canal,Odisha,Rourkela,Rourkela East,19.9431,85.4221,4500965,4275916,88,95,2024-05-07,2025-04-29,,5,34.6,VEND049,0
WRK00239,Road Construction - Guwahati North,Road Construction,Assam,Guwahati,Guwahati North,26.9914,92.1954,6838034,1299226,18,19,2022-12-05,2024-02-15,,3,22.0,VEND057,0
WRK00128,Irrigation Canal - Jalandhar Rural,Irrigation Canal,Punjab,Jalandhar,Jalandhar Rural,32.1795,75.8417,19345944,14509458,72,75,2022-09-04,2023-10-18,,8,43.6,VEND087,0
WRK00355,Public Toilet Complex - Hubballi East,Public Toilet Complex,Karnataka,Hubballi,Hubballi East,14.9622,75.4105,4713464,2686674,59,57,2023-09-02,2024-04-21,,7,11.9,VEND058,0
WRK00165,Public Toilet Complex - Darjeeling North,Public Toilet Complex,West Bengal,Darjeeling,Darjeeling North,23.0547,87.5091,4726164,3450099,73,73,2022-12-20,2024-01-19,,10,43.8,VEND289,0
WRK01511,Road Construction - Tiruchirappalli Urban,Road Construction,Tamil Nadu,Tiruchirappalli,Tiruchirappalli Urban,12.0568,78.4956,12594876,6297438,46,50,2023-09-15,2024-04-26,,9,41.0,VEND046,0
WRK02320,Public Toilet Complex - Kota North,Public Toilet Complex,Rajasthan,Kota,Kota North,28.0403,74.6932,7903505,3793682,41,48,2022-11-27,2023-07-04,,7,32.0,VEND287,0
WRK03827,Anganwadi Centre - Darjeeling Urban,Anganwadi Centre,West Bengal,Darjeeling,Darjeeling Urban,22.7587,87.685,2446114,611528,28,25,2024-01-14,2024-08-31,,7,38.7,VEND182,0
WRK01320,Water Supply Scheme - Bhopal East,Water Supply Scheme,Madhya Pradesh,Bhopal,Bhopal East,22.5151,78.1433,17452958,10297245,61,59,2023-02-22,2023-10-24,,6,33.2,VEND245,0
WRK03295,Streetlight Installation - Varanasi East,Streetlight Installation,Uttar Pradesh,Varanasi,Varanasi East,26.4022,82.0036,5562233,5562233,100,100,2023-11-15,2025-02-16,2025-03-17,8,30.5,VEND120,0
WRK02541,Anganwadi Centre - Kanpur East,Anganwadi Centre,Uttar Pradesh,Kanpur,Kanpur East,25.7894,79.9192,13985322,12866496,84,92,2023-03-19,2024-05-18,,9,23.3,VEND107,0
WRK00473,Public Toilet Complex - Mumbai East,Public Toilet Complex,Maharashtra,Mumbai,Mumbai East,19.6053,76.5208,15346879,4297126,33,28,2023-06-18,2023-12-27,,8,11.5,VEND066,0
WRK03724,Irrigation Canal - Nashik Central,Irrigation Canal,Maharashtra,Nashik,Nashik Central,19.1837,75.4999,2019901,1737114,87,86,2023-04-02,2023-10-18,,9,13.2,VEND256,0
WRK01998,Anganwadi Centre - Hubballi Central,Anganwadi Centre,Karnataka,Hubballi,Hubballi Central,15.8267,76.551,1791378,680723,37,38,2024-02-09,2025-03-02,,5,32.8,VEND200,0
WRK03299,Road Construction - Rourkela South,Road Construction,Odisha,Rourkela,Rourkela South,22.0,84.844,581453,581453,99,100,2024-08-24,2025-05-09,,11,19.9,VEND358,0
WRK02957,Streetlight Installation - Nizamabad Rural,Streetlight Installation,Telangana,Nizamabad,Nizamabad Rural,18.4089,80.3207,3214954,2346916,76,73,2022-06-25,2023-03-16,,3,41.6,VEND239,0
WRK02043,Water Supply Scheme - Vellore North,Water Supply Scheme,Tamil Nadu,Vellore,Vellore North,10.2288,79.0485,4548023,2455932,57,54,2023-10-12,2024-08-31,,3,42.7,VEND078,0
WRK03208,School Building - Gaya Urban,School Building,Bihar,Gaya,Gaya Urban,26.2199,86.0374,2316981,208528,13,9,2024-06-27,2025-12-11,,4,17.3,VEND358,0
WRK02138,Public Toilet Complex - Nashik South,Public Toilet Complex,Maharashtra,Nashik,Nashik South,20.5239,75.3682,8403757,924413,5,11,2023-09-11,2024-06-10,,9,25.0,VEND070,0
WRK03211,Drainage Project - Bhagalpur Rural,Drainage Project,Bihar,Bhagalpur,Bhagalpur Rural,25.4994,85.2565,3096211,0,3,0,2022-06-21,2023-07-13,,11,33.8,VEND091,0
WRK00098,Anganwadi Centre - Indore East,Anganwadi Centre,Madhya Pradesh,Indore,Indore East,24.1284,78.0769,5501229,2915651,57,53,2023-03-18,2023-12-13,,5,24.4,VEND359,0
WRK01840,Water Supply Scheme - Udaipur Rural,Water Supply Scheme,Rajasthan,Udaipur,Udaipur Rural,27.9949,73.2713,1001973,470927,50,47,2023-09-13,2025-02-11,,3,31.0,VEND096,0
WRK01024,Irrigation Canal - Belagavi West,Irrigation Canal,Karnataka,Belagavi,Belagavi West,15.7651,75.8266,5610864,4152039,77,74,2022-04-28,2022-12-17,,6,22.9,VEND175,0
WRK02015,Irrigation Canal - Bikaner Rural,Irrigation Canal,Rajasthan,Bikaner,Bikaner Rural,27.598,73.7891,507104,147060,31,29,2023-05-16,2024-06-29,,8,18.5,VEND317,0
WRK03422,Anganwadi Centre - Amritsar Rural,Anganwadi Centre,Punjab,Amritsar,Amritsar Rural,30.4538,75.9985,902964,677223,77,75,2023-10-21,2024-08-20,,4,23.0,VEND385,0
WRK03931,Health Sub-Centre - Bhagalpur South,Health Sub-Centre,Bihar,Bhagalpur,Bhagalpur South,25.5527,84.7117,6500068,2210023,35,34,2022-09-09,2024-02-21,,10,37.1,VEND392,0
WRK00450,Streetlight Installation - Nizamabad East,Streetlight Installation,Telangana,Nizamabad,Nizamabad East,17.6467,79.4027,5912444,4197835,76,71,2022-07-02,2023-02-28,,8,21.5,VEND300,0
WRK00551,Public Toilet Complex - Mysuru Rural,Public Toilet Complex,Karnataka,Mysuru,Mysuru Rural,15.4854,76.2714,1624892,552463,26,34,2023-01-12,2023-12-19,,8,40.9,VEND176,0
WRK03585,Water Supply Scheme - Jabalpur West,Water Supply Scheme,Madhya Pradesh,Jabalpur,Jabalpur West,23.3951,78.3572,13521694,12980826,96,96,2022-04-13,2023-04-08,,3,58.0,VEND298,1
WRK00277,Community Hall - Prayagraj East,Community Hall,Uttar Pradesh,Prayagraj,Prayagraj East,26.1534,81.6935,953636,85827,3,9,2022-04-02,2022-09-29,,4,35.8,VEND107,0
WRK02267,Water Supply Scheme - Thrissur East,Water Supply Scheme,Kerala,Thrissur,Thrissur East,11.3367,76.9984,15393344,8620272,60,56,2024-01-11,2025-02-12,,3,30.7,VEND277,0
WRK00179,Public Toilet Complex - Solapur Central,Public Toilet Complex,Maharashtra,Solapur,Solapur Central,18.9842,76.143,2705568,2705568,100,100,2024-04-07,2025-01-13,2025-01-17,7,29.7,VEND291,0
WRK00434,Health Sub-Centre - Belagavi North,Health Sub-Centre,Karnataka,Belagavi,Belagavi North,14.4649,74.6472,1753425,1227397,68,70,2022-09-21,2023-01-29,,3,26.1,VEND217,0
WRK01341,Irrigation Canal - Mumbai Central,Irrigation Canal,Maharashtra,Mumbai,Mumbai Central,20.1601,76.0872,13864291,3466072,28,25,2023-02-19,2024-07-13,,9,17.1,VEND316,0
WRK03155,Water Supply Scheme - Nizamabad Central,Water Supply Scheme,Telangana,Nizamabad,Nizamabad Central,17.5429,79.0533,4923999,2068079,43,42,2022-07-25,2022-11-23,,3,26.8,VEND082,0
WRK02616,Road Construction - Dibrugarh Rural,Road Construction,Assam,Dibrugarh,Dibrugarh Rural,25.6282,92.9302,5178266,880305,13,17,2024-05-15,2025-09-19,,10,24.9,VEND354,0
WRK01592,Health Sub-Centre - Bhubaneswar South,Health Sub-Centre,Odisha,Bhubaneswar,Bhubaneswar South,20.3431,85.0485,22244581,22244581,11,100,2024-08-14,2025-09-01,,4,48.4,VEND036,1
WRK01644,Community Hall - Thiruvananthapuram East,Community Hall,Kerala,Thiruvananthapuram,Thiruvananthapuram East,10.2295,76.0466,5895130,5718276,99,97,2024-02-17,2025-08-01,,12,24.1,VEND226,0
WRK03552,School Building - Jaipur Central,School Building,Rajasthan,Jaipur,Jaipur Central,27.0428,74.5707,4402156,924452,24,21,2024-01-01,2024-09-11,,5,34.8,VEND257,0
WRK01517,School Building - Bikaner Rural,School Building,Rajasthan,Bikaner,Bikaner Rural,28.1093,75.3148,21740491,19131632,85,88,2022-05-25,2022-11-13,,10,34.2,VEND010,0
WRK00742,Streetlight Installation - Patiala South,Streetlight Installation,Punjab,Patiala,Patiala South,31.0119,74.209,2910273,2153602,43,74,2022-11-24,2024-03-31,,2,72.8,VEND093,1
WRK00868,Water Supply Scheme - Amritsar East,Water Supply Scheme,Punjab,Amritsar,Amritsar East,29.9808,76.21,2259461,587459,25,26,2023-06-01,2024-07-08,,7,13.0,VEND291,0
WRK01770,Water Supply Scheme - Gorakhpur Rural,Water Supply Scheme,Uttar Pradesh,Gorakhpur,Gorakhpur Rural,25.7397,81.9248,4583734,3804499,83,83,2023-03-22,2024-08-31,,10,32.2,VEND317,0
WRK00484,Water Supply Scheme - Mangaluru East,Water Supply Scheme,Karnataka,Mangaluru,Mangaluru East,15.9811,75.8301,9113752,6379626,25,70,2022-12-02,2024-04-29,,1,74.9,VEND400,1
WRK02811,Irrigation Canal - Jalandhar West,Irrigation Canal,Punjab,Jalandhar,Jalandhar West,30.2137,75.4713,21427145,642814,11,3,2024-06-27,2025-10-22,,3,22.1,VEND118,0
WRK02022,Community Hall - Gwalior East,Community Hall,Madhya Pradesh,Gwalior,Gwalior East,23.5848,77.9308,11035983,9049506,81,82,2023-03-09,2024-04-06,,9,39.0,VEND022,0
WRK02899,Irrigation Canal - Kota East,Irrigation Canal,Rajasthan,Kota,Kota East,27.4965,74.5255,2212897,730256,38,33,2023-06-14,2024-06-07,,12,31.5,VEND206,0
WRK03917,Road Construction - Mumbai South,Road Construction,Maharashtra,Mumbai,Mumbai South,19.653,76.8383,14091034,1409103,10,10,2023-10-20,2024-09-04,,12,29.2,VEND073,0
WRK03098,Road Construction - Prayagraj North,Road Construction,Uttar Pradesh,Prayagraj,Prayagraj North,26.4405,79.9848,1191780,1060684,24,89,2022-11-01,2023-10-01,,3,49.6,VEND020,1
WRK02486,Irrigation Canal - Panipat West,Irrigation Canal,Haryana,Panipat,Panipat West,29.5956,75.9272,5492509,4943258,90,90,2023-10-08,2024-12-06,,11,28.4,VEND184,0
WRK03147,Health Sub-Centre - Nashik South,Health Sub-Centre,Maharashtra,Nashik,Nashik South,20.2487,76.0497,8855582,6198907,63,70,2023-06-13,2023-10-14,,10,36.9,VEND311,0
WRK00781,Streetlight Installation - Asansol East,Streetlight Installation,West Bengal,Asansol,Asansol East,23.3909,87.6145,479522,105494,15,22,2024-01-26,2024-08-04,,3,22.7,VEND147,0
WRK00549,Water Supply Scheme - Silchar East,Water Supply Scheme,Assam,Silchar,Silchar East,25.2092,93.4258,1713577,1525083,37,89,2022-04-01,2022-08-29,,2,95.2,VEND195,1
WRK02902,Public Toilet Complex - Ahmedabad North,Public Toilet Complex,Gujarat,Ahmedabad,Ahmedabad North,22.1115,70.2783,2038556,2018170,98,99,2022-06-10,2023-10-20,,2,47.5,VEND279,1
WRK01964,Public Toilet Complex - Thiruvananthapuram North,Public Toilet Complex,Kerala,Thiruvananthapuram,Thiruvananthapuram North,10.8423,76.3869,592938,403197,68,68,2022-10-01,2023-06-16,,8,28.2,VEND395,0
WRK03769,Community Hall - Dibrugarh Urban,Community Hall,Assam,Dibrugarh,Dibrugarh Urban,27.2337,93.9378,4213310,0,4,0,2022-12-10,2023-11-22,,7,35.7,VEND041,0
WRK00783,Anganwadi Centre - Jaipur Rural,Anganwadi Centre,Rajasthan,Jaipur,Jaipur Rural,27.3137,74.3191,9499319,2469822,33,26,2023-09-01,2024-08-16,,12,44.2,VEND030,0
WRK03406,Water Supply Scheme - Guwahati East,Water Supply Scheme,Assam,Guwahati,Guwahati East,27.3309,93.4454,5140206,2313092,46,45,2022-04-09,2023-06-23,,8,17.0,VEND045,0
WRK02594,Health Sub-Centre - Bhopal North,Health Sub-Centre,Madhya Pradesh,Bhopal,Bhopal North,23.3526,77.8258,4560432,3830762,89,84,2022-05-09,2023-09-22,,3,12.4,VEND363,0
WRK02952,Health Sub-Centre - Rourkela Central,Health Sub-Centre,Odisha,Rourkela,Rourkela Central,21.5794,84.6403,2281150,410607,12,18,2023-08-26,2024-12-18,,3,13.3,VEND023,0
WRK01890,Anganwadi Centre - Cuttack West,Anganwadi Centre,Odisha,Cuttack,Cuttack West,19.7581,84.6366,10599455,847956,9,8,2022-11-13,2023-04-25,,11,29.3,VEND025,0
WRK01008,Water Supply Scheme - Howrah East,Water Supply Scheme,West Bengal,Howrah,Howrah East,23.1946,87.1344,3055750,1558432,52,51,2023-10-31,2024-08-07,,6,19.5,VEND103,0
WRK03193,Water Supply Scheme - Patiala East,Water Supply Scheme,Punjab,Patiala,Patiala East,32.2282,76.3238,15860831,9357890,63,59,2023-03-21,2024-05-29,,3,21.7,VEND170,0
WRK03386,Water Supply Scheme - Warangal Central,Water Supply Scheme,Telangana,Warangal,Warangal Central,17.2034,78.7778,9086814,8723341,100,96,2022-05-31,2023-05-05,2023-05-04,4,37.7,VEND340,0
WRK00674,Community Hall - Solapur South,Community Hall,Maharashtra,Solapur,Solapur South,19.6852,75.4304,21630856,648925,6,3,2024-03-18,2025-07-27,,10,35.5,VEND154,0
WRK02204,Community Hall - Erode Urban,Community Hall,Tamil Nadu,Erode,Erode Urban,11.7217,78.6276,4204448,3279469,77,78,2024-06-18,2025-02-21,,5,31.8,VEND024,0
WRK00687,Irrigation Canal - Bengaluru Urban South,Irrigation Canal,Karnataka,Bengaluru Urban,Bengaluru Urban South,16.0759,76.3768,4535185,634925,20,14,2022-10-29,2024-01-26,,11,19.0,VEND386,0
WRK00876,Streetlight Installation - Gurugram Urban,Streetlight Installation,Haryana,Gurugram,Gurugram Urban,28.5507,76.3704,1612594,322518,25,20,2023-12-30,2025-04-15,,4,10.0,VEND310,0
WRK00459,Road Construction - Jabalpur West,Road Construction,Madhya Pradesh,Jabalpur,Jabalpur West,23.1302,78.5087,2819643,2227517,82,79,2024-05-20,2024-10-13,,10,37.7,VEND070,0
WRK02866,Health Sub-Centre - Kozhikode East,Health Sub-Centre,Kerala,Kozhikode,Kozhikode East,10.5351,76.4555,9561521,9561521,99,100,2023-10-18,2024-02-24,,10,36.1,VEND155,0
WRK01990,Streetlight Installation - Gurugram Central,Streetlight Installation,Haryana,Gurugram,Gurugram Central,28.5787,75.6021,10998065,1759690,22,16,2023-09-01,2024-09-28,,8,37.8,VEND246,0
WRK01911,Water Supply Scheme - Hyderabad North,Water Supply Scheme,Telangana,Hyderabad,Hyderabad North,18.7079,79.8619,8634156,86341,6,1,2022-06-26,2022-12-07,,11,26.0,VEND263,0
WRK01268,School Building - Nashik North,School Building,Maharashtra,Nashik,Nashik North,20.3292,76.4483,1946955,1752259,26,90,2022-08-22,2023-03-07,,3,43.7,VEND185,1
WRK00753,Water Supply Scheme - Kozhikode Central,Water Supply Scheme,Kerala,Kozhikode,Kozhikode Central,11.0437,75.7117,17039530,3407906,19,20,2024-02-25,2025-01-27,,12,38.6,VEND179,0
WRK00122,Anganwadi Centre - Kanpur Rural,Anganwadi Centre,Uttar Pradesh,Kanpur,Kanpur Rural,26.3068,82.09,17621388,16916532,100,96,2024-06-24,2025-12-04,2025-12-03,4,78.3,VEND006,1
WRK00700,Water Supply Scheme - Amritsar Rural,Water Supply Scheme,Punjab,Amritsar,Amritsar Rural,31.3479,75.2362,10686569,7694329,72,72,2022-08-25,2023-07-04,,3,42.1,VEND328,0
WRK02925,Anganwadi Centre - Kozhikode Rural,Anganwadi Centre,Kerala,Kozhikode,Kozhikode Rural,9.7911,76.4269,3221074,2995598,57,93,2022-04-12,2023-03-20,,1,97.7,VEND333,1
WRK02847,Water Supply Scheme - Dibrugarh Rural,Water Supply Scheme,Assam,Dibrugarh,Dibrugarh Rural,27.1652,92.92,555130,527373,30,95,2023-08-21,2024-02-26,,3,55.8,VEND357,1
WRK03089,Water Supply Scheme - Kozhikode Rural,Water Supply Scheme,Kerala,Kozhikode,Kozhikode Rural,11.6723,75.7753,827306,0,3,0,2022-10-28,2023-06-11,,11,11.5,VEND204,0
WRK03879,School Building - Tirunelveli North,School Building,Tamil Nadu,Tirunelveli,Tirunelveli North,12.2559,79.1076,16651278,999076,8,6,2024-05-09,2024-11-25,,7,11.0,VEND101,0
WRK03742,Irrigation Canal - Bhubaneswar North,Irrigation Canal,Odisha,Bhubaneswar,Bhubaneswar North,20.8657,85.8104,2821449,451431,19,16,2022-05-31,2023-05-27,,3,29.6,VEND322,0
WRK02627,Road Construction - Thrissur North,Road Construction,Kerala,Thrissur,Thrissur North,9.8127,77.2134,2458279,2261616,99,92,2024-01-28,2024-11-27,,3,35.1,VEND095,0
WRK01445,Community Hall - Udaipur Rural,Community Hall,Rajasthan,Udaipur,Udaipur Rural,26.4817,75.3875,1808322,1591323,88,88,2023-07-05,2024-02-12,,10,43.7,VEND139,0
WRK01949,Road Construction - Nizamabad Rural,Road Construction,Telangana,Nizamabad,Nizamabad Rural,17.8349,78.3938,585255,392120,63,67,2023-05-21,2024-05-21,,4,32.8,VEND217,0
WRK02904,Anganwadi Centre - Hubballi South,Anganwadi Centre,Karnataka,Hubballi,Hubballi South,16.0219,75.6844,1950344,1950344,99,100,2024-04-16,2024-10-23,,5,24.1,VEND002,0
WRK02233,Irrigation Canal - Prayagraj Rural,Irrigation Canal,Uttar Pradesh,Prayagraj,Prayagraj Rural,26.8246,82.0458,23856619,20039559,85,84,2023-10-01,2025-01-14,,4,33.6,VEND122,0
WRK02087,Drainage Project - Silchar Urban,Drainage Project,Assam,Silchar,Silchar Urban,26.1989,93.7878,7687342,6534240,92,85,2023-02-14,2023-12-26,,7,32.9,VEND074,0
WRK00032,Public Toilet Complex - Kolkata Rural,Public Toilet Complex,West Bengal,Kolkata,Kolkata Rural,23.7658,86.6167,15204536,7754313,47,51,2023-05-02,2023-12-02,,8,16.5,VEND023,0
WRK03112,Road Construction - Kochi West,Road Construction,Kerala,Kochi,Kochi West,9.9313,76.6161,13766784,7709399,56,56,2022-11-13,2023-04-24,,11,30.6,VEND122,0
WRK02155,Road Construction - Tirunelveli Rural,Road Construction,Tamil Nadu,Tirunelveli,Tirunelveli Rural,10.6422,77.6805,4003158,2882273,74,72,2022-05-04,2023-01-28,,6,16.5,VEND235,0
WRK01751,Health Sub-Centre - Bhubaneswar Rural,Health Sub-Centre,Odisha,Bhubaneswar,Bhubaneswar Rural,21.1859,84.1825,3102725,1520335,56,49,2022-11-19,2024-05-10,,12,14.8,VEND023,0
WRK02072,Community Hall - Patna North,Community Hall,Bihar,Patna,Patna North,26.6376,85.7312,16379325,3275865,12,20,2023-07-01,2023-12-10,,4,21.1,VEND340,0
WRK02759,Anganwadi Centre - Thiruvananthapuram Rural,Anganwadi Centre,Kerala,Thiruvananthapuram,Thiruvananthapuram Rural,11.1182,75.5574,5725577,5725577,9,100,2024-05-18,2025-10-07,,3,70.3,VEND209,1
WRK00070,Health Sub-Centre - Kochi North,Health Sub-Centre,Kerala,Kochi,Kochi North,9.7958,75.0124,3357954,268636,4,8,2024-03-29,2025-06-25,,7,37.0,VEND320,0
WRK03776,Health Sub-Centre - Indore North,Health Sub-Centre,Madhya Pradesh,Indore,Indore North,23.2556,79.2525,19981162,0,3,0,2023-10-29,2025-04-03,,10,34.5,VEND063,0
WRK03519,Water Supply Scheme - Gurugram West,Water Supply Scheme,Haryana,Gurugram,Gurugram West,28.4534,74.9941,5360113,2840859,50,53,2024-02-25,2025-02-26,,6,38.2,VEND145,0
WRK01120,Road Construction - Hyderabad East,Road Construction,Telangana,Hyderabad,Hyderabad East,17.9562,78.8443,9495232,8545708,94,90,2023-07-26,2023-12-10,,9,11.6,VEND194,0
WRK03744,Anganwadi Centre - Jalandhar Central,Anganwadi Centre,Punjab,Jalandhar,Jalandhar Central,30.6512,75.5101,1971496,1971496,7,100,2024-05-30,2024-10-16,,3,43.0,VEND168,1
WRK01191,Irrigation Canal - Meerut Rural,Irrigation Canal,Uttar Pradesh,Meerut,Meerut Rural,26.3892,81.2896,17227509,7924654,48,46,2022-04-16,2022-09-06,,4,42.4,VEND003,0
WRK03590,Road Construction - Dibrugarh Urban,Road Construction,Assam,Dibrugarh,Dibrugarh Urban,27.3169,92.0582,7282952,6627486,85,91,2022-06-26,2023-03-15,,5,34.4,VEND260,0
WRK01532,Public Toilet Complex - Warangal West,Public Toilet Complex,Telangana,Warangal,Warangal West,17.6592,80.6589,17980534,17441117,98,97,2022-08-31,2023-05-01,,2,74.2,VEND085,1
WRK03796,Streetlight Installation - Panipat East,Streetlight Installation,Haryana,Panipat,Panipat East,28.4453,75.7847,2921522,555089,21,19,2023-06-06,2024-09-28,,9,38.1,VEND351,0
WRK01243,Water Supply Scheme - Darjeeling Urban,Water Supply Scheme,West Bengal,Darjeeling,Darjeeling Urban,24.0271,88.3633,2614913,392236,8,15,2022-06-06,2022-11-04,,8,41.6,VEND031,0
WRK03751,Streetlight Installation - Asansol South,Streetlight Installation,West Bengal,Asansol,Asansol South,23.0018,87.4907,11596355,6493958,54,56,2022-09-30,2023-10-11,,4,28.9,VEND064,0
WRK00266,Anganwadi Centre - Nizamabad North,Anganwadi Centre,Telangana,Nizamabad,Nizamabad North,17.6215,80.5382,8037941,7957561,93,99,2023-02-10,2023-11-15,,7,31.9,VEND061,0
WRK03225,Community Hall - Nizamabad Rural,Community Hall,Telangana,Nizamabad,Nizamabad Rural,17.2005,80.1362,16001909,10081202,57,63,2023-11-14,2025-04-24,,3,20.3,VEND054,0
WRK03065,Road Construction - Patna North,Road Construction,Bihar,Patna,Patna North,25.0795,85.9655,6490637,6166105,100,95,2024-02-12,2024-07-22,2024-08-18,3,12.9,VEND168,0
WRK01459,Drainage Project - Indore Central,Drainage Project,Madhya Pradesh,Indore,Indore Central,22.2056,79.7614,18836385,17329474,89,92,2022-04-01,2023-03-05,,8,36.4,VEND285,0
WRK01913,Road Construction - Dibrugarh East,Road Construction,Assam,Dibrugarh,Dibrugarh East,26.6772,93.7493,12076592,12076592,4,100,2024-06-26,2025-09-11,,4,44.1,VEND318,1
WRK03113,Public Toilet Complex - Salem East,Public Toilet Complex,Tamil Nadu,Salem,Salem East,9.9328,77.5864,1135413,79478,0,7,2024-06-25,2025-07-09,,4,39.3,VEND222,0
WRK00505,Health Sub-Centre - Cuttack West,Health Sub-Centre,Odisha,Cuttack,Cuttack West,19.8934,85.5471,1163756,209476,20,18,2024-06-24,2025-06-20,,7,34.2,VEND045,0
WRK02325,Water Supply Scheme - Darjeeling North,Water Supply Scheme,West Bengal,Darjeeling,Darjeeling North,23.9478,87.5077,15136162,6054464,41,40,2023-10-27,2024-05-02,,5,38.5,VEND236,0
WRK02858,Community Hall - Siliguri East,Community Hall,West Bengal,Siliguri,Siliguri East,23.9647,88.2643,2846777,939436,28,33,2024-01-14,2024-10-16,,11,26.5,VEND253,0
WRK00340,Irrigation Canal - Cuttack North,Irrigation Canal,Odisha,Cuttack,Cuttack North,20.3184,84.9103,5454338,2345365,42,43,2023-10-01,2024-07-30,,9,11.9,VEND332,0
WRK03462,Public Toilet Complex - Bhagalpur West,Public Toilet Complex,Bihar,Bhagalpur,Bhagalpur West,25.9212,84.198,17567053,12472607,24,71,2023-10-18,2025-02-01,,2,90.2,VEND243,1
WRK02994,Anganwadi Centre - Chennai West,Anganwadi Centre,Tamil Nadu,Chennai,Chennai West,10.7037,78.5142,2615631,2327911,19,89,2022-06-14,2023-03-21,,2,52.6,VEND288,1
WRK03484,School Building - Panipat West,School Building,Haryana,Panipat,Panipat West,28.071,76.9814,1614747,1081880,72,67,2024-08-31,2025-04-19,,5,16.6,VEND237,0
WRK02234,Irrigation Canal - Udaipur Rural,Irrigation Canal,Rajasthan,Udaipur,Udaipur Rural,26.7386,73.192,14556691,2183503,14,15,2024-03-09,2024-07-16,,8,37.1,VEND313,0
WRK00799,Streetlight Installation - Jaipur South,Streetlight Installation,Rajasthan,Jaipur,Jaipur South,27.5137,73.2193,563673,107097,22,19,2023-06-13,2024-04-19,,11,25.3,VEND146,0
WRK00931,School Building - Gwalior Central,School Building,Madhya Pradesh,Gwalior,Gwalior Central,23.1037,77.9569,2949988,383498,6,13,2024-08-15,2025-09-09,,11,28.2,VEND163,0
WRK03527,Road Construction - Kozhikode Rural,Road Construction,Kerala,Kozhikode,Kozhikode Rural,10.8748,77.1451,2242393,1121196,47,50,2022-06-30,2022-11-14,,11,16.9,VEND041,0
WRK00745,Public Toilet Complex - Rajkot North,Public Toilet Complex,Gujarat,Rajkot,Rajkot North,21.4813,70.3886,4607885,4054938,96,88,2022-08-19,2023-12-24,,12,13.5,VEND197,0
WRK00979,Anganwadi Centre - Thiruvananthapuram North,Anganwadi Centre,Kerala,Thiruvananthapuram,Thiruvananthapuram North,10.9863,75.8621,5490358,2415757,48,44,2024-03-17,2024-08-23,,3,15.7,VEND384,0
WRK03228,Anganwadi Centre - Kozhikode Rural,Anganwadi Centre,Kerala,Kozhikode,Kozhikode Rural,11.1589,76.1226,1976608,533684,29,27,2023-08-25,2025-01-08,,5,34.9,VEND320,0
WRK00062,Community Hall - Guwahati South,Community Hall,Assam,Guwahati,Guwahati South,26.7945,93.9874,510552,398230,72,78,2023-03-17,2024-02-09,,5,21.1,VEND367,0
WRK01776,Water Supply Scheme - Panipat Central,Water Supply Scheme,Haryana,Panipat,Panipat Central,28.9404,75.5614,4765458,2049146,44,43,2023-10-11,2024-08-09,,8,34.0,VEND175,0
WRK01603,Community Hall - Kalaburagi East,Community Hall,Karnataka,Kalaburagi,Kalaburagi East,15.2352,75.7472,5949520,1011418,18,17,2023-10-19,2024-11-23,,5,21.4,VEND187,0
WRK02846,Water Supply Scheme - Jodhpur Central,Water Supply Scheme,Rajasthan,Jodhpur,Jodhpur Central,25.8436,74.7339,8459374,7021280,78,83,2023-05-08,2023-09-25,,10,40.0,VEND383,0
WRK03896,Streetlight Installation - Rourkela West,Streetlight Installation,Odisha,Rourkela,Rourkela West,21.6094,85.6327,2037137,1955651,100,96,2023-05-20,2023-12-11,2023-12-26,6,21.7,VEND116,0
WRK02461,Road Construction - Muzaffarpur Central,Road Construction,Bihar,Muzaffarpur,Muzaffarpur Central,25.3868,84.3774,2334606,1143956,49,49,2023-10-22,2024-04-30,,12,17.3,VEND068,0
WRK03942,Drainage Project - Hyderabad South,Drainage Project,Telangana,Hyderabad,Hyderabad South,17.2227,79.9641,464438,74310,8,16,2023-05-23,2023-10-29,,12,27.4,VEND254,0
WRK00142,Streetlight Installation - Bhubaneswar West,Streetlight Installation,Odisha,Bhubaneswar,Bhubaneswar West,22.0531,85.2594,956897,688965,75,72,2023-08-04,2024-03-18,,9,10.8,VEND023,0
WRK03707,Community Hall - Cuttack Urban,Community Hall,Odisha,Cuttack,Cuttack Urban,20.3292,84.3108,512359,415010,85,81,2023-10-26,2024-07-07,,8,37.1,VEND062,0
WRK02440,Public Toilet Complex - Gaya South,Public Toilet Complex,Bihar,Gaya,Gaya South,26.3895,84.7111,1054999,137149,17,13,2022-08-23,2023-02-24,,7,11.3,VEND164,0
WRK01568,Health Sub-Centre - Siliguri South,Health Sub-Centre,West Bengal,Siliguri,Siliguri South,22.6201,88.6092,557344,189496,34,34,2024-08-20,2025-06-27,,5,42.7,VEND202,0
WRK00194,Streetlight Installation - Vellore Urban,Streetlight Installation,Tamil Nadu,Vellore,Vellore Urban,11.5968,79.2686,406706,406706,98,100,2023-02-01,2023-06-05,,7,30.9,VEND004,0
WRK00647,Water Supply Scheme - Kochi West,Water Supply Scheme,Kerala,Kochi,Kochi West,11.3593,76.2686,2398256,791424,32,33,2024-07-28,2025-07-01,,11,43.9,VEND338,0
WRK02082,Anganwadi Centre - Thiruvananthapuram Rural,Anganwadi Centre,Kerala,Thiruvananthapuram,Thiruvananthapuram Rural,10.551,77.3132,7693274,1846385,22,24,2022-06-11,2023-08-26,,8,29.8,VEND147,0
WRK00361,Community Hall - Faridabad South,Community Hall,Haryana,Faridabad,Faridabad South,30.1163,74.8119,929252,241605,22,26,2023-12-16,2024-12-02,,8,14.8,VEND369,0
WRK02849,Water Supply Scheme - Muzaffarpur Rural,Water Supply Scheme,Bihar,Muzaffarpur,Muzaffarpur Rural,25.0894,84.6438,14187251,5533027,46,39,2024-07-01,2025-07-12,,5,44.3,VEND183,0
WRK03659,Health Sub-Centre - Agra Urban,Health Sub-Centre,Uttar Pradesh,Agra,Agra Urban,26.4522,82.0471,17961839,538855,1,3,2024-04-21,2025-06-24,,3,18.8,VEND252,0
WRK00058,Health Sub-Centre - Patiala Rural,Health Sub-Centre,Punjab,Patiala,Patiala Rural,32.2352,75.0434,9299516,1673912,21,18,2023-09-02,2024-06-01,,7,13.4,VEND066,0
WRK02987,Drainage Project - Panipat Urban,Drainage Project,Haryana,Panipat,Panipat Urban,29.7993,76.4515,576829,190353,39,33,2023-03-16,2024-01-31,,4,30.8,VEND081,0
WRK03268,Anganwadi Centre - Kolkata Central,Anganwadi Centre,West Bengal,Kolkata,Kolkata Central,23.3104,88.2076,15084256,15084256,6,100,2022-10-20,2023-06-24,,4,48.6,VEND016,1
WRK00359,Irrigation Canal - Cuttack Central,Irrigation Canal,Odisha,Cuttack,Cuttack Central,21.236,84.3393,5867750,1584292,25,27,2023-02-28,2024-01-28,,6,37.3,VEND167,0
WRK03118,Anganwadi Centre - Jaipur North,Anganwadi Centre,Rajasthan,Jaipur,Jaipur North,27.4347,73.0912,9939112,7454334,72,75,2022-04-01,2023-05-07,,11,30.0,VEND020,0
WRK03556,Health Sub-Centre - Hubballi East,Health Sub-Centre,Karnataka,Hubballi,Hubballi East,14.5911,76.1388,536672,536672,99,100,2023-07-15,2024-10-12,,12,39.1,VEND209,0
WRK01569,Water Supply Scheme - Rajkot South,Water Supply Scheme,Gujarat,Rajkot,Rajkot South,22.2233,70.6202,4401425,3477125,78,79,2023-03-28,2024-09-15,,5,32.3,VEND325,0
WRK02117,Health Sub-Centre - Rourkela Central,Health Sub-Centre,Odisha,Rourkela,Rourkela Central,20.0387,85.2611,934222,625928,59,67,2024-06-12,2025-04-08,,3,10.5,VEND334,0
WRK02340,Streetlight Installation - Belagavi Central,Streetlight Installation,Karnataka,Belagavi,Belagavi Central,14.6762,75.8366,8441377,7006342,76,83,2022-12-30,2023-10-07,,12,17.3,VEND268,0
WRK02095,Health Sub-Centre - Pune South,Health Sub-Centre,Maharashtra,Pune,Pune South,19.7565,74.9913,7663968,2069271,26,27,2024-09-01,2025-05-18,,3,20.8,VEND215,0
WRK00924,Streetlight Installation - Solapur Central,Streetlight Installation,Maharashtra,Solapur,Solapur Central,20.5513,74.8967,1774967,70998,5,4,2023-11-15,2024-08-23,,3,43.3,VEND133,0
WRK02042,Community Hall - Thiruvananthapuram North,Community Hall,Kerala,Thiruvananthapuram,Thiruvananthapuram North,10.3754,77.0135,8511243,6128094,67,72,2023-02-07,2023-12-19,,4,34.1,VEND111,0
WRK00278,Anganwadi Centre - Nizamabad West,Anganwadi Centre,Telangana,Nizamabad,Nizamabad West,16.7882,80.5974,14100751,5922315,44,42,2022-05-17,2023-03-03,,3,32.4,VEND354,0
WRK02201,Anganwadi Centre - Guwahati Urban,Anganwadi Centre,Assam,Guwahati,Guwahati Urban,26.6499,92.2997,17238526,14135591,82,82,2022-07-27,2022-11-30,,7,34.9,VEND223,0
WRK03927,Irrigation Canal - Patna Urban,Irrigation Canal,Bihar,Patna,Patna Urban,26.8237,86.2545,10185867,4685498,45,46,2023-06-04,2024-01-18,,10,41.8,VEND202,0
WRK02273,Drainage Project - Howrah Urban,Drainage Project,West Bengal,Howrah,Howrah Urban,22.1192,88.6371,10394257,1247310,15,12,2023-08-16,2024-04-23,,8,17.9,VEND038,0
WRK02913,Community Hall - Bhagalpur Central,Community Hall,Bihar,Bhagalpur,Bhagalpur Central,25.2467,84.3784,925365,758799,80,82,2024-05-19,2025-08-06,,6,18.4,VEND198,0
WRK00382,Public Toilet Complex - Rourkela Urban,Public Toilet Complex,Odisha,Rourkela,Rourkela Urban,21.0924,85.0806,11251942,3825660,38,34,2023-06-30,2024-06-18,,7,16.0,VEND134,0
WRK02193,Anganwadi Centre - Ahmedabad South,Anganwadi Centre,Gujarat,Ahmedabad,Ahmedabad South,22.0656,70.3193,2006585,1906255,95,95,2023-05-14,2023-09-11,,4,57.2,VEND095,1
WRK02413,Road Construction - Warangal East,Road Construction,Telangana,Warangal,Warangal East,17.4112,80.0414,6875752,4881783,75,71,2024-04-23,2024-10-25,,11,24.2,VEND341,0
WRK01452,Anganwadi Centre - Bhagalpur North,Anganwadi Centre,Bihar,Bhagalpur,Bhagalpur North,25.454,86.1991,3544724,850733,25,24,2023-07-28,2024-10-09,,8,11.6,VEND173,0
WRK01391,Public Toilet Complex - Siliguri Urban,Public Toilet Complex,West Bengal,Siliguri,Siliguri Urban,23.3351,88.3184,9984170,3194934,36,32,2022-06-13,2023-08-20,,4,26.2,VEND134,0
WRK03905,Public Toilet Complex - Aurangabad Central,Public Toilet Complex,Maharashtra,Aurangabad,Aurangabad Central,19.4982,76.3835,590923,224550,32,38,2023-06-27,2024-01-21,,6,21.3,VEND334,0
WRK01025,Irrigation Canal - Thiruvananthapuram Central,Irrigation Canal,Kerala,Thiruvananthapuram,Thiruvananthapuram Central,11.4244,75.3694,3280686,262454,9,8,2024-05-09,2025-03-28,,5,27.5,VEND023,0
WRK02822,Water Supply Scheme - Erode Rural,Water Supply Scheme,Tamil Nadu,Erode,Erode Rural,11.5964,78.5743,400490,0,2,0,2022-08-20,2023-10-16,,4,38.0,VEND100,0
WRK03251,School Building - Cuttack West,School Building,Odisha,Cuttack,Cuttack West,21.2351,84.215,1782088,1443491,76,81,2022-10-24,2023-06-10,,5,41.2,VEND219,0
WRK01953,Road Construction - Patiala South,Road Construction,Punjab,Patiala,Patiala South,31.7016,75.2727,505463,449862,93,89,2024-04-03,2025-09-25,,9,23.2,VEND357,0
WRK00067,Anganwadi Centre - Howrah North,Anganwadi Centre,West Bengal,Howrah,Howrah North,22.31,87.3087,569733,205103,39,36,2023-08-29,2024-10-23,,4,38.8,VEND153,0
WRK01056,Road Construction - Ludhiana East,Road Construction,Punjab,Ludhiana,Ludhiana East,31.6153,74.804,3126577,2720121,83,87,2024-04-30,2025-07-01,,11,27.9,VEND099,0
WRK02916,School Building - Amritsar Urban,School Building,Punjab,Amritsar,Amritsar Urban,30.3075,75.6661,8429212,4973235,60,59,2024-01-15,2025-06-08,,3,18.0,VEND091,0
WRK01740,Streetlight Installation - Mangaluru West,Streetlight Installation,Karnataka,Mangaluru,Mangaluru West,14.7235,75.1112,9251378,647596,11,7,2023-01-23,2024-05-18,,10,20.4,VEND309,0
WRK02077,Road Construction - Panipat Rural,Road Construction,Haryana,Panipat,Panipat Rural,28.2121,76.0716,1195736,1004418,90,84,2024-07-08,2025-01-15,,11,15.3,VEND071,0
WRK02343,Water Supply Scheme - Rourkela South,Water Supply Scheme,Odisha,Rourkela,Rourkela South,20.3381,84.8523,12191308,12191308,99,100,2024-07-22,2025-06-20,,7,17.6,VEND068,0
WRK00114,Drainage Project - Patna West,Drainage Project,Bihar,Patna,Patna West,26.3996,85.056,14491519,14346603,90,99,2023-10-06,2025-02-07,,4,60.6,VEND261,1
WRK00246,Health Sub-Centre - Gaya North,Health Sub-Centre,Bihar,Gaya,Gaya North,26.9898,84.224,13289642,6113235,45,46,2024-03-01,2024-12-26,,6,44.9,VEND257,0
WRK01440,Health Sub-Centre - Erode North,Health Sub-Centre,Tamil Nadu,Erode,Erode North,11.7241,77.517,936958,936958,4,100,2022-10-29,2023-10-12,,2,74.8,VEND167,1
WRK01023,Water Supply Scheme - Gaya East,Water Supply Scheme,Bihar,Gaya,Gaya East,26.5059,84.0231,10032254,10032254,94,100,2023-05-15,2024-10-11,,5,63.9,VEND274,1
WRK00981,Public Toilet Complex - Surat Rural,Public Toilet Complex,Gujarat,Surat,Surat Rural,21.1243,71.2375,566918,11338,1,2,2023-06-03,2024-04-22,,4,25.2,VEND151,0
WRK00412,School Building - Faridabad North,School Building,Haryana,Faridabad,Faridabad North,28.013,77.108,17363823,0,1,0,2023-02-03,2024-05-09,,4,42.2,VEND106,0
WRK02262,Drainage Project - Faridabad North,Drainage Project,Haryana,Faridabad,Faridabad North,28.1028,75.245,1196896,478758,32,40,2022-08-03,2023-04-06,,5,11.7,VEND129,0
WRK01063,School Building - Patiala West,School Building,Punjab,Patiala,Patiala West,30.5918,74.8171,402726,112763,33,28,2022-07-16,2023-01-26,,5,22.8,VEND337,0
WRK00117,School Building - Thrissur Rural,School Building,Kerala,Thrissur,Thrissur Rural,11.2345,75.57,18998964,2089886,19,11,2024-05-04,2025-08-18,,10,35.1,VEND020,0
WRK03898,Drainage Project - Gaya South,Drainage Project,Bihar,Gaya,Gaya South,24.8396,85.1636,13756736,1925943,14,14,2024-06-07,2024-11-04,,5,13.2,VEND204,0
WRK03625,School Building - Vadodara West,School Building,Gujarat,Vadodara,Vadodara West,22.4564,71.9657,2160127,151208,5,7,2023-04-28,2024-05-15,,9,18.9,VEND044,0
WRK00248,Anganwadi Centre - Amritsar North,Anganwadi Centre,Punjab,Amritsar,Amritsar North,31.9314,76.3926,1049333,807986,78,77,2023-09-16,2024-12-26,,9,18.4,VEND079,0
WRK00666,Community Hall - Kalaburagi East,Community Hall,Karnataka,Kalaburagi,Kalaburagi East,15.2921,75.1823,1129511,790657,76,70,2023-11-11,2025-04-06,,8,23.2,VEND368,0
WRK03895,Anganwadi Centre - Indore East,Anganwadi Centre,Madhya Pradesh,Indore,Indore East,23.2418,77.8607,2881457,1152582,44,40,2024-06-24,2025-10-03,,6,31.1,VEND284,0
WRK03445,Anganwadi Centre - Bengaluru Urban Rural,Anganwadi Centre,Karnataka,Bengaluru Urban,Bengaluru Urban Rural,16.0628,75.5935,5295165,4077277,74,77,2024-04-14,2025-02-01,,8,35.8,VEND283,0
WRK00093,Water Supply Scheme - Gurugram West,Water Supply Scheme,Haryana,Gurugram,Gurugram West,29.3023,76.769,17432103,17432103,95,100,2024-07-20,2025-11-19,,4,18.9,VEND101,0
WRK00115,Drainage Project - Rajkot North,Drainage Project,Gujarat,Rajkot,Rajkot North,21.7926,70.9427,987464,483857,41,49,2024-01-28,2024-09-02,,4,43.2,VEND086,0
WRK01377,Road Construction - Madurai South,Road Construction,Tamil Nadu,Madurai,Madurai South,10.9363,79.2763,14015060,7708283,61,55,2022-12-28,2024-05-03,,6,26.4,VEND085,0
WRK02303,Anganwadi Centre - Thiruvananthapuram Rural,Anganwadi Centre,Kerala,Thiruvananthapuram,Thiruvananthapuram Rural,9.7255,75.6083,6732079,4981738,79,74,2022-12-29,2023-05-02,,3,40.1,VEND301,0
WRK02478,Road Construction - Jabalpur Urban,Road Construction,Madhya Pradesh,Jabalpur,Jabalpur Urban,24.1417,79.2738,5012739,2556496,59,51,2022-08-17,2023-05-19,,5,44.0,VEND267,0
WRK02637,Health Sub-Centre - Udaipur East,Health Sub-Centre,Rajasthan,Udaipur,Udaipur East,26.8251,74.3313,5411191,1948028,42,36,2022-11-11,2023-07-19,,7,23.3,VEND220,0
WRK03575,Health Sub-Centre - Kota Rural,Health Sub-Centre,Rajasthan,Kota,Kota Rural,27.0156,73.8663,3520202,1056060,24,30,2024-03-17,2024-12-16,,3,10.1,VEND277,0
WRK00119,Anganwadi Centre - Muzaffarpur West,Anganwadi Centre,Bihar,Muzaffarpur,Muzaffarpur West,26.6251,86.247,4086801,245208,2,6,2023-06-18,2024-03-25,,4,28.7,VEND329,0
WRK01982,Water Supply Scheme - Bikaner East,Water Supply Scheme,Rajasthan,Bikaner,Bikaner East,27.7341,75.3754,1039772,894203,85,86,2022-10-03,2023-11-26,,5,33.8,VEND178,0
WRK02181,Water Supply Scheme - Rajkot Rural,Water Supply Scheme,Gujarat,Rajkot,Rajkot Rural,22.0234,71.1898,14664678,14664678,11,100,2022-12-24,2023-12-17,,4,74.4,VEND079,1
WRK00163,Drainage Project - Gurugram Central,Drainage Project,Haryana,Gurugram,Gurugram Central,28.9375,75.6523,31197431,30261508,95,97,2024-04-13,2025-05-24,,3,64.3,VEND100,1
WRK00264,Public Toilet Complex - Vadodara North,Public Toilet Complex,Gujarat,Vadodara,Vadodara North,22.5021,72.0263,809760,809760,93,100,2024-03-25,2025-02-04,,12,43.2,VEND194,0
WRK03494,Streetlight Installation - Solapur North,Streetlight Installation,Maharashtra,Solapur,Solapur North,18.7506,75.5897,3172730,1491183,55,47,2024-01-02,2024-11-07,,8,15.4,VEND318,0
WRK01314,Streetlight Installation - Bhopal West,Streetlight Installation,Madhya Pradesh,Bhopal,Bhopal West,24.3907,78.8649,7199181,6767230,89,94,2023-04-11,2024-09-18,,3,34.8,VEND356,0
WRK00247,Drainage Project - Kolkata Rural,Drainage Project,West Bengal,Kolkata,Kolkata Rural,21.7748,87.2294,2273223,68196,3,3,2023-05-02,2024-10-20,,6,15.3,VEND202,0
WRK03232,School Building - Jodhpur North,School Building,Rajasthan,Jodhpur,Jodhpur North,27.4947,75.3673,12490223,624511,6,5,2022-08-10,2023-12-10,,6,30.2,VEND015,0
WRK00776,Water Supply Scheme - Gurugram Urban,Water Supply Scheme,Haryana,Gurugram,Gurugram Urban,29.3402,76.4115,8795968,2462871,20,28,2024-05-27,2025-09-26,,11,44.7,VEND312,0
WRK00553,Road Construction - Coimbatore Rural,Road Construction,Tamil Nadu,Coimbatore,Coimbatore Rural,10.3197,79.4538,567408,0,0,0,2023-12-15,2024-12-12,,5,24.5,VEND357,0
WRK01114,Road Construction - Thiruvananthapuram West,Road Construction,Kerala,Thiruvananthapuram,Thiruvananthapuram West,10.0725,76.0588,905788,516299,53,57,2022-04-08,2023-02-16,,4,22.4,VEND159,0
WRK03292,School Building - Jabalpur Rural,School Building,Madhya Pradesh,Jabalpur,Jabalpur Rural,22.5692,78.5484,560483,145725,23,26,2023-02-07,2024-07-26,,7,20.0,VEND384,0
WRK00581,Drainage Project - Madurai South,Drainage Project,Tamil Nadu,Madurai,Madurai South,10.0702,78.0105,407953,338600,80,83,2023-06-25,2024-01-30,,3,44.1,VEND102,0
WRK00845,Health Sub-Centre - Thrissur Central,Health Sub-Centre,Kerala,Thrissur,Thrissur Central,11.7643,75.4883,17264102,6387717,34,37,2022-05-25,2023-05-05,,4,11.7,VEND196,0
WRK01461,Water Supply Scheme - Prayagraj North,Water Supply Scheme,Uttar Pradesh,Prayagraj,Prayagraj North,27.709,80.172,1162794,244186,25,21,2022-10-18,2023-06-02,,7,26.1,VEND339,0
WRK03294,Public Toilet Complex - Vadodara South,Public Toilet Complex,Gujarat,Vadodara,Vadodara South,22.9208,71.3988,443496,84264,14,19,2022-04-08,2022-08-12,,4,32.7,VEND229,0
WRK00652,Community Hall - Mangaluru Central,Community Hall,Karnataka,Mangaluru,Mangaluru Central,14.3127,75.6703,2888527,115541,7,4,2022-10-08,2023-05-18,,6,19.1,VEND210,0
WRK01171,Public Toilet Complex - Gaya Urban,Public Toilet Complex,Bihar,Gaya,Gaya Urban,24.7455,85.6662,23038019,7372166,40,32,2024-02-27,2025-04-22,,12,11.9,VEND387,0
WRK03191,Water Supply Scheme - Bikaner South,Water Supply Scheme,Rajasthan,Bikaner,Bikaner South,27.6761,73.037,920210,460105,45,50,2022-06-18,2023-02-17,,4,27.5,VEND108,0
WRK03012,Health Sub-Centre - Dibrugarh North,Health Sub-Centre,Assam,Dibrugarh,Dibrugarh North,26.074,93.2892,820874,467898,61,57,2023-01-15,2024-02-19,,3,39.8,VEND074,0
WRK03923,Water Supply Scheme - Rourkela Central,Water Supply Scheme,Odisha,Rourkela,Rourkela Central,20.5044,84.6063,539745,26987,3,5,2023-11-29,2024-07-23,,8,27.5,VEND295,0
WRK02582,Community Hall - Vellore Urban,Community Hall,Tamil Nadu,Vellore,Vellore Urban,10.7186,78.6998,1855694,1465998,72,79,2022-04-08,2023-05-07,,5,41.0,VEND005,0
WRK02911,School Building - Silchar West,School Building,Assam,Silchar,Silchar West,25.5256,93.0866,4866149,827245,10,17,2023-08-18,2024-08-24,,3,16.7,VEND177,0
WRK03914,School Building - Belagavi West,School Building,Karnataka,Belagavi,Belagavi West,15.9739,75.9945,1060229,0,1,0,2023-03-25,2024-05-15,,4,41.5,VEND164,0
WRK03372,Irrigation Canal - Hyderabad South,Irrigation Canal,Telangana,Hyderabad,Hyderabad South,18.0044,78.5377,5608562,3309051,61,59,2023-03-13,2024-08-16,,11,10.4,VEND016,0
WRK01369,Health Sub-Centre - Hubballi East,Health Sub-Centre,Karnataka,Hubballi,Hubballi East,15.5645,76.7617,16113573,12407451,70,77,2024-07-19,2025-08-05,,3,42.7,VEND246,0
WRK00898,Public Toilet Complex - Kochi Urban,Public Toilet Complex,Kerala,Kochi,Kochi Urban,11.3698,75.6876,23977903,10310498,39,43,2023-12-17,2024-12-27,,12,12.0,VEND358,0
WRK03887,Road Construction - Madurai West,Road Construction,Tamil Nadu,Madurai,Madurai West,11.0579,79.3325,11705477,2106985,12,18,2023-11-03,2024-05-19,,9,20.7,VEND039,0
WRK03932,Road Construction - Rourkela East,Road Construction,Odisha,Rourkela,Rourkela East,20.0651,84.1405,5667618,5497589,92,97,2024-07-21,2025-07-04,,8,37.1,VEND166,0
WRK00677,Health Sub-Centre - Patna South,Health Sub-Centre,Bihar,Patna,Patna South,26.9656,84.5455,3338188,2236585,74,67,2024-05-10,2025-10-17,,7,26.0,VEND084,0
WRK00015,Water Supply Scheme - Bikaner Central,Water Supply Scheme,Rajasthan,Bikaner,Bikaner Central,27.05,75.3068,4777354,3057506,63,64,2023-10-29,2024-06-01,,5,27.2,VEND047,0
WRK02549,Water Supply Scheme - Erode Central,Water Supply Scheme,Tamil Nadu,Erode,Erode Central,11.9231,78.5282,1132070,509431,41,45,2023-11-03,2024-10-02,,11,42.5,VEND057,0
WRK00968,Community Hall - Kolkata South,Community Hall,West Bengal,Kolkata,Kolkata South,21.8086,87.123,10634645,10315605,35,97,2022-05-05,2023-01-19,,5,45.2,VEND380,1
WRK01107,Irrigation Canal - Gorakhpur Urban,Irrigation Canal,Uttar Pradesh,Gorakhpur,Gorakhpur Urban,26.5459,81.148,14432536,9958449,73,69,2023-03-30,2024-07-28,,6,37.1,VEND106,0
WRK00241,Irrigation Canal - Siliguri West,Irrigation Canal,West Bengal,Siliguri,Siliguri West,23.2194,87.7863,483754,387003,88,80,2024-04-17,2024-10-26,,9,30.4,VEND340,0
WRK01255,Community Hall - Kanpur East,Community Hall,Uttar Pradesh,Kanpur,Kanpur East,26.5915,80.1784,6631286,3978771,60,60,2023-02-15,2024-05-04,,11,21.9,VEND170,0
WRK02649,Water Supply Scheme - Jodhpur North,Water Supply Scheme,Rajasthan,Jodhpur,Jodhpur North,27.5796,74.4386,2366130,757161,33,32,2023-07-20,2024-09-17,,6,36.3,VEND318,0
WRK02924,Community Hall - Ludhiana Urban,Community Hall,Punjab,Ludhiana,Ludhiana Urban,30.5243,76.3606,3233746,2748684,77,85,2023-11-15,2024-03-19,,7,43.5,VEND195,0
WRK02322,Streetlight Installation - Cuttack Urban,Streetlight Installation,Odisha,Cuttack,Cuttack Urban,21.7496,85.7259,2089726,229869,11,11,2024-06-29,2025-11-05,,6,39.9,VEND329,0
WRK01937,Streetlight Installation - Thiruvananthapuram North,Streetlight Installation,Kerala,Thiruvananthapuram,Thiruvananthapuram North,10.2595,76.7596,946867,501839,57,53,2024-08-31,2025-11-08,,9,30.6,VEND305,0
WRK00685,Road Construction - Nashik Urban,Road Construction,Maharashtra,Nashik,Nashik Urban,20.0476,75.4483,14808924,11254782,68,76,2023-05-09,2024-06-16,,10,12.2,VEND300,0
WRK00169,Community Hall - Vadodara East,Community Hall,Gujarat,Vadodara,Vadodara East,21.2109,71.8341,17380592,3649924,23,21,2023-11-09,2024-07-23,,10,35.8,VEND121,0
WRK01640,Road Construction - Madurai East,Road Construction,Tamil Nadu,Madurai,Madurai East,10.893,78.1182,2457337,2457337,1,100,2023-07-19,2023-12-29,,5,58.1,VEND127,1
WRK01134,Community Hall - Gorakhpur North,Community Hall,Uttar Pradesh,Gorakhpur,Gorakhpur North,25.6576,80.5049,16787393,8897318,45,53,2024-04-21,2025-09-04,,12,37.3,VEND289,0
WRK02420,Drainage Project - Asansol North,Drainage Project,West Bengal,Asansol,Asansol North,22.3208,88.3174,2738876,2054157,78,75,2023-01-26,2023-06-08,,6,18.6,VEND180,0
WRK01879,Irrigation Canal - Bhopal West,Irrigation Canal,Madhya Pradesh,Bhopal,Bhopal West,23.3744,78.6302,1963960,589188,31,30,2023-12-09,2025-02-02,,7,19.7,VEND231,0
WRK01716,Road Construction - Rourkela North,Road Construction,Odisha,Rourkela,Rourkela North,21.6164,84.4412,4540015,4540015,93,100,2024-01-18,2025-05-03,,2,45.9,VEND234,1
WRK00272,Drainage Project - Gurugram North,Drainage Project,Haryana,Gurugram,Gurugram North,29.9848,74.9082,478326,200896,48,42,2023-02-25,2023-12-30,,9,39.5,VEND034,0
WRK02654,Irrigation Canal - Asansol North,Irrigation Canal,West Bengal,Asansol,Asansol North,23.5645,88.4926,9158669,8425975,28,92,2024-07-22,2025-10-05,,4,43.8,VEND245,1
WRK01474,Road Construction - Chennai Urban,Road Construction,Tamil Nadu,Chennai,Chennai Urban,12.0845,78.3188,8870994,7451634,92,84,2024-08-31,2026-02-16,,4,21.3,VEND388,0
WRK01254,Water Supply Scheme - Udaipur Urban,Water Supply Scheme,Rajasthan,Udaipur,Udaipur Urban,26.9311,74.134,3020752,1631206,60,54,2023-04-14,2024-05-27,,3,25.6,VEND214,0
WRK01548,Water Supply Scheme - Bengaluru Urban Urban,Water Supply Scheme,Karnataka,Bengaluru Urban,Bengaluru Urban Urban,16.1476,75.8952,562925,332125,62,59,2024-01-15,2024-06-30,,4,32.0,VEND134,0
WRK00215,School Building - Jalandhar North,School Building,Punjab,Jalandhar,Jalandhar North,30.2568,75.0951,15013170,13361721,11,89,2023-09-18,2024-12-18,,3,74.9,VEND104,1
WRK03908,Community Hall - Surat Rural,Community Hall,Gujarat,Surat,Surat Rural,22.2408,70.372,522123,292388,59,56,2022-05-20,2023-03-09,,7,21.3,VEND101,0
WRK00345,Public Toilet Complex - Patiala Rural,Public Toilet Complex,Punjab,Patiala,Patiala Rural,32.0897,74.6056,1052624,768415,74,73,2022-08-31,2024-01-12,,4,11.3,VEND073,0
WRK00839,School Building - Amritsar Rural,School Building,Punjab,Amritsar,Amritsar Rural,31.8026,74.2657,2048542,102427,7,5,2022-06-16,2023-06-24,,3,33.5,VEND240,0
WRK01616,Drainage Project - Howrah West,Drainage Project,West Bengal,Howrah,Howrah West,22.8612,88.3482,18737491,11804619,65,63,2024-01-30,2025-06-09,,3,31.4,VEND101,0
WRK02196,Streetlight Installation - Nagpur Urban,Streetlight Installation,Maharashtra,Nagpur,Nagpur Urban,19.0317,75.6125,11494301,8505782,75,74,2022-07-05,2022-12-16,,9,39.8,VEND356,0
WRK01836,Health Sub-Centre - Bengaluru Urban East,Health Sub-Centre,Karnataka,Bengaluru Urban,Bengaluru Urban East,14.3324,75.6425,14736597,11347179,84,77,2024-01-25,2025-02-13,,3,10.9,VEND078,0
WRK03070,Streetlight Installation - Thiruvananthapuram West,Streetlight Installation,Kerala,Thiruvananthapuram,Thiruvananthapuram West,11.9463,75.0111,17918016,15230313,80,85,2024-01-04,2024-09-05,,8,43.9,VEND372,0
WRK00796,Community Hall - Bhopal North,Community Hall,Madhya Pradesh,Bhopal,Bhopal North,24.3361,77.6023,19472167,9736083,53,50,2024-05-03,2024-12-05,,12,23.2,VEND179,0
WRK00413,Health Sub-Centre - Indore South,Health Sub-Centre,Madhya Pradesh,Indore,Indore South,23.1827,78.4145,11024653,1984437,18,18,2022-04-30,2022-10-13,,12,22.2,VEND083,0
WRK01713,School Building - Nizamabad Rural,School Building,Telangana,Nizamabad,Nizamabad Rural,18.5963,78.8227,1887094,1792739,91,95,2023-09-10,2024-02-12,,10,26.6,VEND147,0
WRK03272,School Building - Meerut Urban,School Building,Uttar Pradesh,Meerut,Meerut Urban,27.0078,81.1713,7603671,6995377,100,92,2023-11-11,2024-10-11,2024-10-09,7,28.2,VEND085,0
WRK02832,Anganwadi Centre - Patiala West,Anganwadi Centre,Punjab,Patiala,Patiala West,31.1223,75.3776,5823193,3260988,64,56,2024-01-15,2025-01-22,,12,43.2,VEND143,0
WRK00343,Irrigation Canal - Tiruchirappalli North,Irrigation Canal,Tamil Nadu,Tiruchirappalli,Tiruchirappalli North,10.9527,79.1406,3448107,1482686,49,43,2022-12-01,2023-12-06,,11,32.5,VEND256,0
WRK00948,Community Hall - Panipat Central,Community Hall,Haryana,Panipat,Panipat Central,28.3626,75.6282,466441,27986,3,6,2022-04-07,2023-04-12,,6,19.9,VEND293,0
WRK02796,Public Toilet Complex - Hyderabad South,Public Toilet Complex,Telangana,Hyderabad,Hyderabad South,17.7087,79.685,1804784,974583,46,54,2023-04-20,2024-02-03,,4,23.2,VEND177,0
WRK02222,Community Hall - Rajkot Rural,Community Hall,Gujarat,Rajkot,Rajkot Rural,22.4549,71.157,16744217,9711645,51,58,2022-04-23,2023-10-13,,4,29.2,VEND070,0
WRK01758,School Building - Prayagraj South,School Building,Uttar Pradesh,Prayagraj,Prayagraj South,26.5428,80.1312,23663834,7099150,27,30,2023-07-24,2024-04-20,,10,19.0,VEND392,0
WRK00378,Water Supply Scheme - Bengaluru Urban West,Water Supply Scheme,Karnataka,Bengaluru Urban,Bengaluru Urban West,15.4096,75.5666,6634226,663422,13,10,2023-01-21,2023-06-29,,7,13.9,VEND076,0
WRK01492,Community Hall - Nashik Urban,Community Hall,Maharashtra,Nashik,Nashik Urban,19.8974,75.2197,1979626,970016,47,49,2024-04-08,2025-07-17,,11,33.9,VEND151,0
WRK00739,Irrigation Canal - Howrah West,Irrigation Canal,West Bengal,Howrah,Howrah West,22.4086,88.7108,481882,0,7,0,2023-01-27,2023-11-09,,8,17.7,VEND144,0
WRK03377,Water Supply Scheme - Salem Central,Water Supply Scheme,Tamil Nadu,Salem,Salem Central,11.2746,79.4831,5698273,4957497,90,87,2023-12-03,2024-07-14,,11,41.8,VEND188,0
WRK00053,Streetlight Installation - Vadodara South,Streetlight Installation,Gujarat,Vadodara,Vadodara South,21.0121,70.2859,994245,695971,66,70,2023-02-04,2024-05-15,,12,13.6,VEND262,0
WRK00019,Water Supply Scheme - Darjeeling South,Water Supply Scheme,West Bengal,Darjeeling,Darjeeling South,23.6571,88.2965,2232140,1964283,81,88,2024-04-19,2025-03-28,,8,16.1,VEND288,0
WRK01310,Drainage Project - Surat West,Drainage Project,Gujarat,Surat,Surat West,22.8398,72.2191,3019953,181197,5,6,2024-08-22,2025-03-13,,12,21.6,VEND057,0
WRK02270,School Building - Muzaffarpur Central,School Building,Bihar,Muzaffarpur,Muzaffarpur Central,24.97,84.1277,586645,580778,28,99,2023-12-29,2024-09-07,,1,89.5,VEND190,1
WRK02451,Community Hall - Warangal South,Community Hall,Telangana,Warangal,Warangal South,17.8946,79.1235,13124102,12074173,89,92,2023-05-20,2024-07-10,,5,20.1,VEND227,0
WRK00999,Public Toilet Complex - Nashik Rural,Public Toilet Complex,Maharashtra,Nashik,Nashik Rural,18.8514,76.499,9418159,8005435,21,85,2024-07-05,2024-12-25,,3,68.2,VEND091,1
WRK03095,Community Hall - Rajkot Urban,Community Hall,Gujarat,Rajkot,Rajkot Urban,22.3182,70.5553,8872111,3105238,41,35,2024-01-05,2024-11-22,,5,31.9,VEND375,0
WRK01390,Road Construction - Bengaluru Urban Central,Road Construction,Karnataka,Bengaluru Urban,Bengaluru Urban Central,15.1673,75.8837,448320,112080,21,25,2024-07-20,2025-02-23,,10,13.8,VEND304,0
WRK03189,Irrigation Canal - Jodhpur West,Irrigation Canal,Rajasthan,Jodhpur,Jodhpur West,26.3567,73.2907,565253,45220,14,8,2022-07-21,2023-01-06,,3,41.9,VEND266,0
WRK00096,Anganwadi Centre - Thiruvananthapuram Central,Anganwadi Centre,Kerala,Thiruvananthapuram,Thiruvananthapuram Central,11.2359,75.8175,1825483,1259583,61,69,2024-08-06,2025-09-29,,5,34.2,VEND089,0
WRK01500,Road Construction - Faridabad Urban,Road Construction,Haryana,Faridabad,Faridabad Urban,27.8479,76.2078,2014412,362594,10,18,2024-04-10,2024-09-16,,10,36.5,VEND168,0
WRK02310,Health Sub-Centre - Bhagalpur Rural,Health Sub-Centre,Bihar,Bhagalpur,Bhagalpur Rural,26.4657,84.4081,14578422,5394016,36,37,2023-09-25,2024-05-10,,8,23.9,VEND208,0
WRK03223,Water Supply Scheme - Surat Rural,Water Supply Scheme,Gujarat,Surat,Surat Rural,21.2426,71.8246,19050485,9525242,44,50,2022-09-22,2023-10-28,,3,20.9,VEND084,0
WRK02591,Health Sub-Centre - Solapur West,Health Sub-Centre,Maharashtra,Solapur,Solapur West,18.6565,75.2378,9328103,7089358,59,76,2022-10-18,2024-03-20,,1,73.8,VEND046,1
WRK03397,Health Sub-Centre - Bhopal Central,Health Sub-Centre,Madhya Pradesh,Bhopal,Bhopal Central,22.2878,77.8474,14486217,2317794,12,16,2022-10-17,2023-03-08,,7,27.3,VEND269,0
WRK00180,Water Supply Scheme - Erode North,Water Supply Scheme,Tamil Nadu,Erode,Erode North,11.5356,79.2245,15636611,6098278,32,39,2022-06-01,2023-01-17,,4,25.7,VEND172,0
WRK03175,School Building - Jalandhar West,School Building,Punjab,Jalandhar,Jalandhar West,32.0091,75.7365,536548,187791,41,35,2024-02-15,2024-07-11,,4,11.2,VEND293,0
WRK01599,Public Toilet Complex - Cuttack West,Public Toilet Complex,Odisha,Cuttack,Cuttack West,21.5166,85.2561,21760890,3699351,13,17,2022-12-03,2024-04-09,,3,29.2,VEND094,0
WRK00717,Anganwadi Centre - Bhubaneswar East,Anganwadi Centre,Odisha,Bhubaneswar,Bhubaneswar East,19.7341,85.7905,1079324,1057737,94,98,2023-08-27,2024-12-30,,5,13.8,VEND056,0
WRK02977,Drainage Project - Cuttack East,Drainage Project,Odisha,Cuttack,Cuttack East,20.8001,84.4649,468578,431091,91,92,2024-02-04,2024-06-29,,5,32.4,VEND064,0
WRK00185,Drainage Project - Varanasi East,Drainage Project,Uttar Pradesh,Varanasi,Varanasi East,27.4012,81.6189,1731412,1402443,77,81,2024-03-28,2024-12-09,,7,41.1,VEND400,0
WRK00468,Community Hall - Salem East,Community Hall,Tamil Nadu,Salem,Salem East,10.7118,79.6274,8380046,2849215,31,34,2023-12-24,2024-12-08,,12,33.9,VEND235,0
WRK00904,Water Supply Scheme - Warangal Rural,Water Supply Scheme,Telangana,Warangal,Warangal Rural,18.9617,78.4796,5059762,2529881,54,50,2023-06-15,2024-10-06,,4,25.3,VEND316,0
WRK03595,Anganwadi Centre - Panipat Central,Anganwadi Centre,Haryana,Panipat,Panipat Central,27.8624,75.1667,22665774,6119758,24,27,2024-01-15,2025-01-11,,11,14.2,VEND067,0
WRK00072,Water Supply Scheme - Kozhikode West,Water Supply Scheme,Kerala,Kozhikode,Kozhikode West,10.5014,75.2256,10688104,8443602,87,79,2022-10-28,2024-02-15,,7,24.7,VEND052,0
WRK03218,Water Supply Scheme - Jodhpur West,Water Supply Scheme,Rajasthan,Jodhpur,Jodhpur West,26.5052,74.8142,7195862,7051944,94,98,2023-09-24,2024-09-14,,3,35.3,VEND077,0
WRK03421,School Building - Silchar West,School Building,Assam,Silchar,Silchar West,27.0828,93.2462,21409913,1926892,16,9,2024-04-10,2025-07-14,,10,21.0,VEND037,0
WRK01899,Community Hall - Kanpur North,Community Hall,Uttar Pradesh,Kanpur,Kanpur North,26.0512,81.2675,2963012,740753,25,25,2022-04-23,2022-12-11,,9,26.4,VEND035,0
WRK03396,Health Sub-Centre - Rajkot South,Health Sub-Centre,Gujarat,Rajkot,Rajkot South,21.7043,70.4075,9387428,8167062,86,87,2024-08-16,2025-03-21,,10,24.2,VEND200,0
WRK02395,Health Sub-Centre - Jaipur Rural,Health Sub-Centre,Rajasthan,Jaipur,Jaipur Rural,27.7417,73.5887,8767093,7802712,21,89,2023-06-25,2024-10-03,,2,61.0,VEND317,1
WRK03344,Health Sub-Centre - Pune North,Health Sub-Centre,Maharashtra,Pune,Pune North,20.8552,75.744,17993068,17993068,97,100,2023-03-27,2024-05-09,,6,41.8,VEND227,0
WRK01208,Irrigation Canal - Bhagalpur Rural,Irrigation Canal,Bihar,Bhagalpur,Bhagalpur Rural,25.6963,84.9133,5635246,5297131,95,94,2023-05-02,2024-04-16,,10,31.4,VEND177,0
WRK02078,Streetlight Installation - Amritsar Central,Streetlight Installation,Punjab,Amritsar,Amritsar Central,31.53,76.4639,2739955,767187,36,28,2023-12-02,2025-04-27,,5,43.6,VEND201,0
WRK03816,Irrigation Canal - Mysuru Central,Irrigation Canal,Karnataka,Mysuru,Mysuru Central,15.3157,74.5784,2537654,1319580,57,52,2022-05-15,2023-01-03,,12,13.8,VEND227,0
WRK02845,Streetlight Installation - Muzaffarpur Rural,Streetlight Installation,Bihar,Muzaffarpur,Muzaffarpur Rural,26.9957,84.7838,5268455,2160066,41,41,2022-07-16,2023-05-09,,7,24.6,VEND009,0
WRK01064,Streetlight Installation - Jodhpur South,Streetlight Installation,Rajasthan,Jodhpur,Jodhpur South,26.5745,74.3305,6694716,937260,12,14,2022-11-02,2023-07-15,,4,26.0,VEND364,0
WRK01529,Water Supply Scheme - Bhagalpur Central,Water Supply Scheme,Bihar,Bhagalpur,Bhagalpur Central,26.6529,84.421,9498268,2659515,34,28,2023-06-19,2024-09-19,,11,23.4,VEND194,0
WRK02206,Irrigation Canal - Mangaluru Central,Irrigation Canal,Karnataka,Mangaluru,Mangaluru Central,14.149,75.9508,22898679,5266696,22,23,2023-10-31,2024-06-03,,5,11.4,VEND087,0
WRK02981,Streetlight Installation - Bhubaneswar East,Streetlight Installation,Odisha,Bhubaneswar,Bhubaneswar East,20.744,85.5455,12145068,7287040,65,60,2022-10-20,2023-06-24,,6,18.6,VEND247,0
WRK00659,Anganwadi Centre - Patiala Central,Anganwadi Centre,Punjab,Patiala,Patiala Central,30.6716,75.2434,509796,10195,0,2,2024-02-06,2024-09-09,,3,32.2,VEND024,0
WRK03749,Health Sub-Centre - Cuttack East,Health Sub-Centre,Odisha,Cuttack,Cuttack East,21.5442,85.6191,8918368,3121428,43,35,2024-02-29,2025-04-01,,12,21.9,VEND386,0
WRK01839,School Building - Nizamabad Rural,School Building,Telangana,Nizamabad,Nizamabad Rural,18.1222,79.2118,450953,9019,4,2,2023-08-20,2024-03-11,,4,16.9,VEND319,0
WRK02443,School Building - Kanpur Central,School Building,Uttar Pradesh,Kanpur,Kanpur Central,27.2577,80.9817,487842,385395,82,79,2022-10-15,2023-06-08,,8,16.4,VEND194,0
WRK01077,School Building - Siliguri East,School Building,West Bengal,Siliguri,Siliguri East,22.2425,87.9225,1982792,1725029,93,87,2024-04-30,2024-12-03,,5,28.3,VEND032,0
WRK03037,Drainage Project - Tiruchirappalli North,Drainage Project,Tamil Nadu,Tiruchirappalli,Tiruchirappalli North,12.1523,79.2943,15611926,7649843,45,49,2024-07-07,2025-12-22,,7,21.0,VEND065,0
WRK00455,Community Hall - Hubballi Urban,Community Hall,Karnataka,Hubballi,Hubballi Urban,15.5734,74.66,17294756,7090849,49,41,2024-08-26,2025-08-07,,9,42.5,VEND131,0
WRK01384,Anganwadi Centre - Belagavi North,Anganwadi Centre,Karnataka,Belagavi,Belagavi North,16.4202,76.7995,5027910,2564234,55,51,2023-05-21,2024-11-08,,9,26.6,VEND016,0
WRK02383,Public Toilet Complex - Jodhpur Central,Public Toilet Complex,Rajasthan,Jodhpur,Jodhpur Central,27.9232,74.4789,984944,610665,69,62,2022-06-19,2023-12-10,,10,36.2,VEND237,0
WRK00403,Health Sub-Centre - Darjeeling West,Health Sub-Centre,West Bengal,Darjeeling,Darjeeling West,22.7625,87.6699,21539489,9692770,37,45,2022-05-20,2023-02-12,,4,28.0,VEND393,0
WRK00990,Community Hall - Kanpur North,Community Hall,Uttar Pradesh,Kanpur,Kanpur North,26.4512,81.0216,13917912,10299254,78,74,2022-11-08,2023-04-23,,5,15.8,VEND001,0
WRK01446,Streetlight Installation - Nashik South,Streetlight Installation,Maharashtra,Nashik,Nashik South,20.5122,76.2175,5786227,5670502,99,98,2022-08-15,2022-12-21,,10,23.5,VEND283,0
WRK01473,Health Sub-Centre - Ludhiana Rural,Health Sub-Centre,Punjab,Ludhiana,Ludhiana Rural,32.0289,74.7601,22245594,19353666,87,87,2023-07-16,2024-02-05,,8,11.0,VEND392,0
WRK00678,Streetlight Installation - Indore West,Streetlight Installation,Madhya Pradesh,Indore,Indore West,23.746,77.5156,4997141,1199313,26,24,2023-01-24,2023-08-06,,6,35.7,VEND005,0
WRK01617,Anganwadi Centre - Gurugram Central,Anganwadi Centre,Haryana,Gurugram,Gurugram Central,28.2667,76.1487,4168741,1375684,26,33,2023-07-26,2024-01-04,,4,31.3,VEND059,0
WRK01252,Drainage Project - Kota Central,Drainage Project,Rajasthan,Kota,Kota Central,26.5198,74.5427,15519070,11328921,66,73,2022-08-23,2023-04-20,,6,24.6,VEND007,0
WRK01984,Health Sub-Centre - Ahmedabad North,Health Sub-Centre,Gujarat,Ahmedabad,Ahmedabad North,21.3087,70.9699,2553825,1889830,81,74,2022-05-24,2023-06-18,,8,20.8,VEND048,0
WRK00823,Water Supply Scheme - Guwahati West,Water Supply Scheme,Assam,Guwahati,Guwahati West,27.1225,92.5275,2915335,2857028,99,98,2022-05-05,2023-05-21,,4,64.2,VEND331,1
WRK00964,Irrigation Canal - Jabalpur South,Irrigation Canal,Madhya Pradesh,Jabalpur,Jabalpur South,24.4565,78.8491,3397139,2853596,92,84,2023-10-05,2024-02-12,,9,13.2,VEND361,0
WRK00836,Irrigation Canal - Howrah South,Irrigation Canal,West Bengal,Howrah,Howrah South,23.9395,87.6538,16152441,2907439,16,18,2023-07-16,2024-01-13,,5,36.4,VEND212,0
WRK01034,Drainage Project - Kolkata Central,Drainage Project,West Bengal,Kolkata,Kolkata Central,22.1057,87.4443,2062245,1031122,45,50,2022-10-01,2023-06-28,,3,25.6,VEND153,0
WRK00175,Drainage Project - Bikaner Urban,Drainage Project,Rajasthan,Bikaner,Bikaner Urban,26.5768,74.021,1023841,993125,93,97,2022-10-09,2023-11-13,,5,78.3,VEND176,1
WRK00940,Road Construction - Bhopal Rural,Road Construction,Madhya Pradesh,Bhopal,Bhopal Rural,22.2838,78.7228,3514060,1792170,45,51,2022-06-15,2023-10-26,,9,32.1,VEND380,0
WRK03103,Drainage Project - Darjeeling East,Drainage Project,West Bengal,Darjeeling,Darjeeling East,23.5935,88.424,7359134,6108081,26,83,2022-06-05,2022-10-12,,2,77.9,VEND238,1
WRK03150,Water Supply Scheme - Rourkela Urban,Water Supply Scheme,Odisha,Rourkela,Rourkela Urban,20.2036,86.1565,499224,0,2,0,2023-06-09,2024-07-21,,5,15.2,VEND289,0
WRK00692,Drainage Project - Patna Central,Drainage Project,Bihar,Patna,Patna Central,25.7918,84.5414,504259,403407,83,80,2022-12-23,2023-11-03,,9,26.0,VEND131,0
WRK02588,Anganwadi Centre - Patiala North,Anganwadi Centre,Punjab,Patiala,Patiala North,29.9374,75.6503,8803066,7306544,78,83,2023-04-09,2024-08-04,,8,37.0,VEND207,0
WRK00335,Drainage Project - Bhagalpur North,Drainage Project,Bihar,Bhagalpur,Bhagalpur North,25.8503,85.3778,2380692,666593,22,28,2024-07-11,2025-03-23,,4,27.2,VEND103,0
WRK00874,Health Sub-Centre - Gwalior Rural,Health Sub-Centre,Madhya Pradesh,Gwalior,Gwalior Rural,22.7796,77.4968,592231,592231,94,100,2022-06-02,2022-12-01,,3,34.6,VEND265,0
WRK02854,Irrigation Canal - Jaipur South,Irrigation Canal,Rajasthan,Jaipur,Jaipur South,27.2913,73.4284,1065088,383431,35,36,2024-02-23,2025-06-09,,4,37.8,VEND310,0
WRK03762,Water Supply Scheme - Kota North,Water Supply Scheme,Rajasthan,Kota,Kota North,27.2995,73.6465,2859560,1658544,61,58,2023-04-08,2024-02-21,,4,15.4,VEND128,0
WRK02056,Irrigation Canal - Silchar East,Irrigation Canal,Assam,Silchar,Silchar East,25.8315,94.0353,491387,88449,14,18,2023-10-06,2024-07-31,,3,14.6,VEND055,0
WRK02566,Drainage Project - Rourkela North,Drainage Project,Odisha,Rourkela,Rourkela North,21.0395,85.6338,14206722,13354318,11,94,2022-12-18,2024-03-08,,2,50.9,VEND033,1
WRK00198,School Building - Pune East,School Building,Maharashtra,Pune,Pune East,20.2281,76.0388,2052406,1744545,79,85,2024-01-13,2024-12-31,,7,34.5,VEND252,0
WRK00297,Community Hall - Patiala West,Community Hall,Punjab,Patiala,Patiala West,30.5235,75.6216,16912076,13191419,78,78,2022-11-16,2023-05-28,,8,23.7,VEND359,0
WRK03423,Water Supply Scheme - Bhubaneswar West,Water Supply Scheme,Odisha,Bhubaneswar,Bhubaneswar West,20.6155,84.6548,812864,617776,83,76,2022-07-07,2023-10-06,,10,39.4,VEND365,0
WRK03768,Road Construction - Cuttack Urban,Road Construction,Odisha,Cuttack,Cuttack Urban,21.8972,85.846,20162770,2016277,3,10,2023-06-11,2023-10-31,,7,42.9,VEND051,0
WRK03658,Irrigation Canal - Gurugram North,Irrigation Canal,Haryana,Gurugram,Gurugram North,29.4023,75.8787,15227346,6243211,39,41,2023-05-26,2024-06-03,,4,33.5,VEND220,0
WRK01531,Community Hall - Gurugram Urban,Community Hall,Haryana,Gurugram,Gurugram Urban,28.1598,76.0902,454708,190977,40,42,2024-07-05,2025-07-30,,4,18.8,VEND099,0
WRK01746,Anganwadi Centre - Prayagraj East,Anganwadi Centre,Uttar Pradesh,Prayagraj,Prayagraj East,27.5426,81.6204,1190097,904473,30,76,2023-01-07,2023-06-03,,1,78.4,VEND241,1
WRK00123,Road Construction - Kochi North,Road Construction,Kerala,Kochi,Kochi North,9.7091,75.6743,14367130,12499403,54,87,2022-04-06,2023-05-24,,1,79.1,VEND384,1
WRK00379,Community Hall - Surat Urban,Community Hall,Gujarat,Surat,Surat Urban,22.4483,71.5037,985397,29561,2,3,2023-09-16,2024-11-30,,9,43.9,VEND278,0
WRK03111,Health Sub-Centre - Hyderabad Urban,Health Sub-Centre,Telangana,Hyderabad,Hyderabad Urban,18.4681,79.9565,14924642,13730670,87,92,2023-02-22,2024-03-07,,5,26.2,VEND361,0
WRK03735,Irrigation Canal - Meerut West,Irrigation Canal,Uttar Pradesh,Meerut,Meerut West,27.71,79.8094,20727893,8083878,44,39,2022-10-09,2023-03-18,,3,10.4,VEND195,0
WRK03431,Drainage Project - Nashik Central,Drainage Project,Maharashtra,Nashik,Nashik Central,20.2376,75.8224,496213,267955,55,54,2022-11-09,2023-10-28,,11,14.5,VEND148,0
WRK02211,School Building - Rourkela East,School Building,Odisha,Rourkela,Rourkela East,20.4344,86.0253,543720,10874,0,2,2024-01-29,2024-06-03,,6,27.5,VEND173,0
WRK03235,Community Hall - Belagavi Urban,Community Hall,Karnataka,Belagavi,Belagavi Urban,14.8435,75.0768,19832189,6544622,35,33,2022-10-29,2023-10-18,,8,24.1,VEND011,0
WRK03140,School Building - Asansol West,School Building,West Bengal,Asansol,Asansol West,22.4549,87.9467,20172451,19970726,90,99,2023-01-25,2023-12-28,,3,68.4,VEND161,1
WRK02173,Community Hall - Madurai South,Community Hall,Tamil Nadu,Madurai,Madurai South,12.1587,79.4819,595598,113163,25,19,2023-08-22,2024-07-12,,10,26.1,VEND302,0
WRK02600,Water Supply Scheme - Mangaluru Rural,Water Supply Scheme,Karnataka,Mangaluru,Mangaluru Rural,14.4358,75.7315,7758068,4422098,52,57,2024-07-15,2025-10-14,,8,15.1,VEND266,0
WRK02053,Road Construction - Kolkata South,Road Construction,West Bengal,Kolkata,Kolkata South,23.6829,87.1463,16929896,7618453,39,45,2023-11-19,2024-08-04,,10,40.9,VEND193,0
WRK00916,Health Sub-Centre - Gorakhpur North,Health Sub-Centre,Uttar Pradesh,Gorakhpur,Gorakhpur North,26.0782,79.8079,11360432,6816259,55,60,2024-04-13,2025-06-25,,3,38.3,VEND284,0
WRK01872,Road Construction - Darjeeling North,Road Construction,West Bengal,Darjeeling,Darjeeling North,22.5702,86.7594,8341845,3920667,45,47,2023-05-22,2024-01-22,,6,26.5,VEND020,0
WRK03007,Public Toilet Complex - Vadodara North,Public Toilet Complex,Gujarat,Vadodara,Vadodara North,21.0134,70.0027,8457165,4820584,62,57,2023-03-12,2024-08-03,,4,24.9,VEND182,0
WRK03691,School Building - Asansol Urban,School Building,West Bengal,Asansol,Asansol Urban,21.8987,88.5865,1757830,404300,22,23,2022-08-06,2024-01-08,,9,13.7,VEND228,0
WRK03653,Drainage Project - Rourkela Central,Drainage Project,Odisha,Rourkela,Rourkela Central,20.2407,84.1991,8243124,7253949,84,88,2023-11-01,2024-07-22,,6,37.4,VEND234,0
WRK00612,Anganwadi Centre - Cuttack West,Anganwadi Centre,Odisha,Cuttack,Cuttack West,20.7333,84.1422,16571440,13920009,89,84,2024-02-04,2024-09-04,,9,34.5,VEND023,0
WRK01772,Irrigation Canal - Bhopal East,Irrigation Canal,Madhya Pradesh,Bhopal,Bhopal East,24.1492,79.4785,5701023,4218757,82,74,2024-02-20,2024-12-23,,6,33.3,VEND034,0
WRK02336,Drainage Project - Jabalpur South,Drainage Project,Madhya Pradesh,Jabalpur,Jabalpur South,22.6086,78.919,14130790,1554386,4,11,2022-06-26,2023-10-31,,7,35.5,VEND068,0
WRK00957,Community Hall - Faridabad Urban,Community Hall,Haryana,Faridabad,Faridabad Urban,29.5043,75.4551,11872305,8191890,62,69,2023-01-25,2024-05-01,,9,30.9,VEND279,0
WRK01633,Road Construction - Silchar Rural,Road Construction,Assam,Silchar,Silchar Rural,26.9863,94.0229,8321711,7572757,90,91,2022-11-14,2024-03-07,,3,18.7,VEND064,0
WRK01888,Community Hall - Rourkela West,Community Hall,Odisha,Rourkela,Rourkela West,21.3413,85.0044,9558720,4779360,43,50,2023-03-05,2024-04-26,,3,29.4,VEND221,0
WRK03990,Public Toilet Complex - Solapur North,Public Toilet Complex,Maharashtra,Solapur,Solapur North,19.0598,75.736,23634842,18198828,83,77,2023-03-09,2023-10-17,,4,13.3,VEND084,0
WRK03926,Road Construction - Kota Rural,Road Construction,Rajasthan,Kota,Kota Rural,26.9643,74.6056,442627,221313,45,50,2022-08-15,2023-09-10,,12,32.1,VEND197,0
WRK03471,Public Toilet Complex - Kanpur Rural,Public Toilet Complex,Uttar Pradesh,Kanpur,Kanpur Rural,25.8677,81.39,443288,319167,74,72,2023-04-16,2024-03-07,,5,35.3,VEND062,0
WRK00909,Drainage Project - Gurugram West,Drainage Project,Haryana,Gurugram,Gurugram West,29.6643,74.9836,12929551,9179981,70,71,2023-04-11,2024-09-11,,6,28.4,VEND137,0
WRK00507,Public Toilet Complex - Howrah South,Public Toilet Complex,West Bengal,Howrah,Howrah South,23.1645,86.9248,3188346,1434755,45,45,2022-05-19,2022-09-25,,8,33.7,VEND090,0
WRK00357,Health Sub-Centre - Agra East,Health Sub-Centre,Uttar Pradesh,Agra,Agra East,27.0049,81.7839,2723699,2723699,97,100,2023-12-23,2025-06-07,,3,13.7,VEND027,0
WRK01424,Community Hall - Nizamabad East,Community Hall,Telangana,Nizamabad,Nizamabad East,17.3602,79.8339,1949406,1072173,54,55,2023-02-14,2024-03-14,,3,40.1,VEND029,0
WRK03390,Public Toilet Complex - Hyderabad Rural,Public Toilet Complex,Telangana,Hyderabad,Hyderabad Rural,16.8119,79.3376,1090588,348988,32,32,2024-05-27,2024-09-30,,9,39.4,VEND278,0
WRK03824,Road Construction - Kozhikode South,Road Construction,Kerala,Kozhikode,Kozhikode South,11.456,77.0133,1884884,1281721,75,68,2022-04-15,2022-09-04,,3,33.3,VEND109,0
WRK02401,Streetlight Installation - Darjeeling West,Streetlight Installation,West Bengal,Darjeeling,Darjeeling West,23.9779,88.9967,8376961,2429318,37,29,2023-11-10,2025-04-27,,6,38.7,VEND217,0
WRK02893,Water Supply Scheme - Madurai North,Water Supply Scheme,Tamil Nadu,Madurai,Madurai North,10.1785,77.4555,2754718,1845661,69,67,2023-06-28,2024-01-20,,9,10.4,VEND001,0
WRK01155,Public Toilet Complex - Udaipur Central,Public Toilet Complex,Rajasthan,Udaipur,Udaipur Central,27.9887,73.1462,17462009,5413222,29,31,2024-04-27,2025-10-11,,7,13.5,VEND370,0
WRK01723,Water Supply Scheme - Guwahati North,Water Supply Scheme,Assam,Guwahati,Guwahati North,25.0264,92.6999,12965906,0,0,0,2022-11-22,2023-06-19,,4,34.2,VEND198,0
WRK03571,Public Toilet Complex - Guwahati Rural,Public Toilet Complex,Assam,Guwahati,Guwahati Rural,25.055,94.0015,1012959,1012959,8,100,2022-11-19,2023-04-04,,3,55.8,VEND136,1
WRK02885,Water Supply Scheme - Bengaluru Urban Urban,Water Supply Scheme,Karnataka,Bengaluru Urban,Bengaluru Urban Urban,14.3159,75.8521,8555103,1882122,25,22,2024-02-18,2024-08-21,,4,19.2,VEND337,0
WRK02995,Health Sub-Centre - Patiala Central,Health Sub-Centre,Punjab,Patiala,Patiala Central,32.2285,75.424,1996407,1177880,53,59,2024-02-13,2025-05-11,,10,40.7,VEND157,0
WRK00668,Health Sub-Centre - Bengaluru Urban North,Health Sub-Centre,Karnataka,Bengaluru Urban,Bengaluru Urban North,14.1003,75.7267,910467,172988,24,19,2024-04-28,2025-06-25,,12,22.9,VEND161,0
WRK00887,Health Sub-Centre - Jabalpur South,Health Sub-Centre,Madhya Pradesh,Jabalpur,Jabalpur South,23.7462,79.7382,7280922,3494842,44,48,2023-11-24,2025-01-14,,4,11.6,VEND376,0
WRK01285,Road Construction - Kalaburagi Rural,Road Construction,Karnataka,Kalaburagi,Kalaburagi Rural,16.1872,74.7115,11390190,0,1,0,2023-08-01,2024-02-26,,4,35.4,VEND234,0
WRK03647,Community Hall - Nizamabad Urban,Community Hall,Telangana,Nizamabad,Nizamabad Urban,18.9743,80.4174,22069391,8165674,40,37,2023-11-16,2024-12-22,,6,29.4,VEND053,0
WRK00334,Health Sub-Centre - Warangal Rural,Health Sub-Centre,Telangana,Warangal,Warangal Rural,17.7527,80.0396,10601176,9859093,99,93,2022-12-20,2023-07-10,,7,37.2,VEND196,0
WRK00154,Drainage Project - Jabalpur Central,Drainage Project,Madhya Pradesh,Jabalpur,Jabalpur Central,23.8569,77.4943,19849163,18658213,96,94,2024-02-26,2025-01-14,,9,29.3,VEND286,0
WRK01421,Road Construction - Udaipur South,Road Construction,Rajasthan,Udaipur,Udaipur South,26.5578,74.4916,8542645,1366823,24,16,2022-05-08,2023-04-24,,12,22.4,VEND341,0
WRK02836,Drainage Project - Kalaburagi Rural,Drainage Project,Karnataka,Kalaburagi,Kalaburagi Rural,15.2286,76.3466,1960312,1646662,87,84,2023-09-22,2024-08-04,,9,25.5,VEND390,0
WRK02550,Anganwadi Centre - Solapur North,Anganwadi Centre,Maharashtra,Solapur,Solapur North,20.7815,76.0222,3095393,2847761,46,92,2024-05-24,2024-11-24,,2,75.4,VEND119,1
WRK01841,Community Hall - Gwalior Urban,Community Hall,Madhya Pradesh,Gwalior,Gwalior Urban,22.6234,79.3506,9052144,8599536,92,95,2023-03-19,2023-09-20,,12,22.3,VEND338,0
WRK00722,School Building - Amritsar South,School Building,Punjab,Amritsar,Amritsar South,31.7826,75.0048,4444151,177766,4,4,2022-08-14,2023-07-05,,6,42.5,VEND219,0
WRK00374,Health Sub-Centre - Bhubaneswar South,Health Sub-Centre,Odisha,Bhubaneswar,Bhubaneswar South,20.4849,85.4022,9284402,1949724,14,21,2022-12-01,2024-01-01,,12,40.5,VEND360,0
WRK02639,Health Sub-Centre - Kochi Rural,Health Sub-Centre,Kerala,Kochi,Kochi Rural,10.6139,76.8877,8238502,4201636,54,51,2024-01-31,2025-03-06,,9,39.1,VEND111,0
WRK00313,Health Sub-Centre - Thrissur West,Health Sub-Centre,Kerala,Thrissur,Thrissur West,10.9506,76.1317,12955474,5959518,54,46,2022-11-18,2023-06-21,,12,27.4,VEND375,0
WRK01850,Water Supply Scheme - Bhubaneswar South,Water Supply Scheme,Odisha,Bhubaneswar,Bhubaneswar South,21.7603,85.1113,589485,0,2,0,2024-03-30,2025-04-14,,12,20.2,VEND079,0
WRK01623,Water Supply Scheme - Thiruvananthapuram Rural,Water Supply Scheme,Kerala,Thiruvananthapuram,Thiruvananthapuram Rural,11.4299,77.1607,12631317,10862932,85,86,2023-07-11,2024-10-06,,11,13.6,VEND392,0
WRK00043,Drainage Project - Tirunelveli Urban,Drainage Project,Tamil Nadu,Tirunelveli,Tirunelveli Urban,9.9398,78.629,1878932,1070991,62,57,2023-02-13,2023-11-03,,6,14.7,VEND381,0
WRK03518,Streetlight Installation - Jaipur South,Streetlight Installation,Rajasthan,Jaipur,Jaipur South,26.2463,75.1829,17227021,4306755,33,25,2023-06-16,2024-05-29,,9,20.5,VEND080,0
WRK02694,Drainage Project - Thrissur Rural,Drainage Project,Kerala,Thrissur,Thrissur Rural,9.7299,76.4325,4661265,792415,21,17,2024-07-21,2024-12-11,,6,34.1,VEND368,0
WRK03814,Drainage Project - Madurai South,Drainage Project,Tamil Nadu,Madurai,Madurai South,10.2293,77.7852,2628102,2102481,81,80,2024-07-29,2025-03-19,,12,11.8,VEND081,0
WRK00972,Drainage Project - Agra Central,Drainage Project,Uttar Pradesh,Agra,Agra Central,25.7816,80.5677,7087026,6874415,89,97,2023-08-08,2024-04-29,,6,23.4,VEND255,0
WRK03962,Irrigation Canal - Jodhpur South,Irrigation Canal,Rajasthan,Jodhpur,Jodhpur South,26.355,73.4552,6610138,6411833,91,97,2022-04-07,2022-08-20,,3,52.1,VEND080,1
WRK03101,Irrigation Canal - Silchar North,Irrigation Canal,Assam,Silchar,Silchar North,26.8559,93.9378,11582332,8455102,34,73,2022-07-24,2023-06-21,,2,95.2,VEND219,1
WRK00523,School Building - Cuttack Central,School Building,Odisha,Cuttack,Cuttack Central,20.0383,85.3941,21352178,10035523,47,47,2024-04-19,2024-09-16,,11,22.4,VEND025,0
WRK00418,Health Sub-Centre - Nashik Urban,Health Sub-Centre,Maharashtra,Nashik,Nashik Urban,20.5752,75.9604,6909772,4422254,71,64,2024-03-22,2024-12-14,,4,21.5,VEND060,0
WRK00763,Water Supply Scheme - Surat North,Water Supply Scheme,Gujarat,Surat,Surat North,22.4782,71.9239,8939893,804590,10,9,2023-04-10,2023-10-19,,4,10.4,VEND214,0
WRK00658,Public Toilet Complex - Madurai Urban,Public Toilet Complex,Tamil Nadu,Madurai,Madurai Urban,11.8284,79.6301,11624444,11043221,96,95,2023-01-12,2024-05-04,,8,25.8,VEND352,0
WRK03996,Streetlight Installation - Jodhpur Urban,Streetlight Installation,Rajasthan,Jodhpur,Jodhpur Urban,26.0669,73.0764,1044099,616018,53,59,2024-03-06,2024-12-19,,4,30.4,VEND176,0
WRK03458,Anganwadi Centre - Agra South,Anganwadi Centre,Uttar Pradesh,Agra,Agra South,27.2867,80.2884,17313735,14370400,86,83,2023-02-07,2023-09-29,,3,22.7,VEND199,0
WRK00705,Public Toilet Complex - Rajkot Central,Public Toilet Complex,Gujarat,Rajkot,Rajkot Central,23.1754,70.2933,469038,201686,51,43,2024-03-15,2024-09-14,,12,16.7,VEND382,0
WRK00733,Irrigation Canal - Nagpur North,Irrigation Canal,Maharashtra,Nagpur,Nagpur North,20.7811,75.8959,15480533,13313258,88,86,2022-06-02,2023-11-10,,9,27.3,VEND273,0
WRK02499,Public Toilet Complex - Surat South,Public Toilet Complex,Gujarat,Surat,Surat South,22.6695,72.1509,1107359,55367,0,5,2023-11-28,2024-06-02,,7,14.1,VEND359,0
WRK03637,Community Hall - Gurugram North,Community Hall,Haryana,Gurugram,Gurugram North,30.1459,75.3686,983205,353953,40,36,2022-06-03,2023-06-22,,6,13.6,VEND207,0
WRK03231,Anganwadi Centre - Jalandhar South,Anganwadi Centre,Punjab,Jalandhar,Jalandhar South,30.548,74.184,16429090,11007490,62,67,2023-01-07,2023-05-23,,3,32.3,VEND305,0
WRK00945,Anganwadi Centre - Panipat South,Anganwadi Centre,Haryana,Panipat,Panipat South,29.6547,75.3686,5131563,3848672,73,75,2023-09-14,2024-06-02,,4,22.2,VEND085,0
WRK02217,Public Toilet Complex - Hyderabad West,Public Toilet Complex,Telangana,Hyderabad,Hyderabad West,18.6458,80.5732,3055083,336059,8,11,2024-07-07,2025-12-09,,7,40.9,VEND045,0
WRK03730,Anganwadi Centre - Salem Rural,Anganwadi Centre,Tamil Nadu,Salem,Salem Rural,10.3489,78.2346,2311428,947685,46,41,2023-03-11,2024-06-12,,4,15.7,VEND194,0
WRK02409,Drainage Project - Jabalpur Central,Drainage Project,Madhya Pradesh,Jabalpur,Jabalpur Central,23.5178,78.7992,596838,519249,80,87,2024-01-26,2024-07-06,,7,35.9,VEND313,0
WRK01807,Drainage Project - Bhubaneswar West,Drainage Project,Odisha,Bhubaneswar,Bhubaneswar West,20.8043,83.8364,14700311,294006,5,2,2023-04-23,2024-06-27,,12,36.2,VEND272,0
WRK01019,Water Supply Scheme - Belagavi Urban,Water Supply Scheme,Karnataka,Belagavi,Belagavi Urban,14.9993,75.8197,12559176,7786689,58,62,2024-06-29,2025-04-22,,5,26.1,VEND338,0
WRK01470,Water Supply Scheme - Gurugram Urban,Water Supply Scheme,Haryana,Gurugram,Gurugram Urban,28.8344,76.0252,2265912,1336888,65,59,2022-12-03,2023-04-27,,6,28.9,VEND043,0
WRK00908,School Building - Ahmedabad Rural,School Building,Gujarat,Ahmedabad,Ahmedabad Rural,21.7259,72.2409,9274361,6213821,69,67,2022-06-18,2023-02-21,,10,34.7,VEND183,0
WRK01694,Anganwadi Centre - Dibrugarh East,Anganwadi Centre,Assam,Dibrugarh,Dibrugarh East,26.4164,92.7145,16352809,2125865,16,13,2023-04-26,2024-09-28,,9,21.8,VEND149,0
WRK02792,Community Hall - Vadodara North,Community Hall,Gujarat,Vadodara,Vadodara North,22.5632,70.3859,1047986,419194,46,40,2022-07-02,2023-02-11,,11,33.6,VEND005,0
WRK00273,School Building - Asansol South,School Building,West Bengal,Asansol,Asansol South,21.9987,88.8954,5572690,2786345,42,50,2024-03-12,2024-11-27,,9,28.4,VEND357,0
WRK01494,Community Hall - Thiruvananthapuram Urban,Community Hall,Kerala,Thiruvananthapuram,Thiruvananthapuram Urban,10.5863,76.4503,11640866,5354798,47,46,2024-04-18,2024-10-10,,11,34.4,VEND266,0
WRK00520,Streetlight Installation - Nizamabad Rural,Streetlight Installation,Telangana,Nizamabad,Nizamabad Rural,18.0083,80.6532,961591,961591,100,100,2024-03-15,2025-01-05,2025-01-02,7,12.9,VEND276,0
WRK00815,Streetlight Installation - Faridabad Rural,Streetlight Installation,Haryana,Faridabad,Faridabad Rural,29.0394,76.6877,5493553,1318452,23,24,2024-07-06,2025-01-24,,3,41.6,VEND338,0
WRK00819,Community Hall - Darjeeling West,Community Hall,West Bengal,Darjeeling,Darjeeling West,23.6875,87.1185,11811260,10748246,90,91,2022-07-04,2023-04-28,,10,36.1,VEND254,0
WRK03450,Public Toilet Complex - Silchar North,Public Toilet Complex,Assam,Silchar,Silchar North,27.0243,92.2639,18670736,6534757,38,35,2024-01-29,2025-03-02,,9,37.5,VEND067,0
WRK00735,Water Supply Scheme - Jabalpur South,Water Supply Scheme,Madhya Pradesh,Jabalpur,Jabalpur South,23.2322,79.569,14405650,10228011,73,71,2022-04-04,2022-10-22,,12,34.4,VEND263,0
WRK01523,Water Supply Scheme - Pune North,Water Supply Scheme,Maharashtra,Pune,Pune North,18.517,76.1326,1926350,558641,28,29,2024-08-07,2026-01-08,,5,37.2,VEND221,0
WRK01639,Road Construction - Thiruvananthapuram Central,Road Construction,Kerala,Thiruvananthapuram,Thiruvananthapuram Central,9.7434,77.1326,12141551,11655888,93,96,2023-09-12,2024-02-28,,10,13.8,VEND304,0
WRK03875,Irrigation Canal - Asansol West,Irrigation Canal,West Bengal,Asansol,Asansol West,22.8239,88.6592,16454285,13986142,93,85,2023-08-17,2024-01-09,,11,32.9,VEND117,0
WRK02717,Streetlight Installation - Thiruvananthapuram South,Streetlight Installation,Kerala,Thiruvananthapuram,Thiruvananthapuram South,10.9753,75.0571,10614411,9659114,93,91,2024-08-19,2025-05-08,,12,32.1,VEND075,0
WRK03525,Irrigation Canal - Mumbai Rural,Irrigation Canal,Maharashtra,Mumbai,Mumbai Rural,18.8398,75.4017,9154784,2563339,29,28,2023-07-12,2024-09-02,,9,29.5,VEND024,0
WRK03979,Streetlight Installation - Tirunelveli South,Streetlight Installation,Tamil Nadu,Tirunelveli,Tirunelveli South,10.7735,79.4354,2232044,691933,33,31,2024-01-03,2024-05-28,,9,30.0,VEND094,0
WRK01701,Water Supply Scheme - Faridabad West,Water Supply Scheme,Haryana,Faridabad,Faridabad West,28.4424,75.7854,3269263,980778,33,30,2024-04-05,2025-02-28,,9,12.7,VEND374,0
WRK01122,Streetlight Installation - Patna North,Streetlight Installation,Bihar,Patna,Patna North,25.1855,84.8281,7632328,7403358,28,97,2023-07-20,2024-06-16,,1,79.3,VEND241,1
WRK02177,Anganwadi Centre - Patiala East,Anganwadi Centre,Punjab,Patiala,Patiala East,31.3308,76.2983,437105,428362,29,98,2022-07-15,2023-01-23,,2,57.9,VEND393,1
WRK01915,Drainage Project - Nashik West,Drainage Project,Maharashtra,Nashik,Nashik West,20.2411,74.6945,575542,443167,71,77,2022-12-12,2023-08-01,,5,15.7,VEND185,0
WRK03047,School Building - Warangal North,School Building,Telangana,Warangal,Warangal North,18.6629,79.9605,5362345,5147851,97,96,2023-06-30,2024-07-02,,10,21.0,VEND159,0
WRK03855,Health Sub-Centre - Meerut North,Health Sub-Centre,Uttar Pradesh,Meerut,Meerut North,25.8016,81.8367,2606834,182478,9,7,2022-09-03,2023-04-21,,6,38.5,VEND203,0
WRK01884,Public Toilet Complex - Udaipur Urban,Public Toilet Complex,Rajasthan,Udaipur,Udaipur Urban,26.2669,74.756,9501220,9501220,100,100,2023-03-23,2023-10-27,2023-10-30,4,53.5,VEND300,1
WRK02593,Community Hall - Asansol Rural,Community Hall,West Bengal,Asansol,Asansol Rural,23.5814,87.8463,22760653,20939800,97,92,2023-06-06,2023-10-29,,8,27.2,VEND328,0
WRK00380,Health Sub-Centre - Gurugram West,Health Sub-Centre,Haryana,Gurugram,Gurugram West,28.7115,76.872,991672,852837,94,86,2023-06-05,2024-05-17,,7,16.6,VEND012,0
WRK02252,Road Construction - Solapur East,Road Construction,Maharashtra,Solapur,Solapur East,19.7526,74.8728,9607807,3170576,28,33,2023-03-27,2024-01-22,,7,27.5,VEND041,0
WRK00344,Road Construction - Thrissur North,Road Construction,Kerala,Thrissur,Thrissur North,11.7617,76.0121,2073880,746596,43,36,2023-03-14,2023-08-09,,9,14.1,VEND335,0
WRK02149,School Building - Ahmedabad North,School Building,Gujarat,Ahmedabad,Ahmedabad North,23.2357,71.3,11329994,6118196,47,54,2024-08-03,2025-07-26,,9,31.2,VEND252,0
WRK02145,Road Construction - Bhagalpur Urban,Road Construction,Bihar,Bhagalpur,Bhagalpur Urban,25.4998,85.3281,2364996,2104846,87,89,2023-02-16,2023-09-22,,9,25.8,VEND378,0
WRK02567,Public Toilet Complex - Kota West,Public Toilet Complex,Rajasthan,Kota,Kota West,25.8611,74.5426,22479304,19107408,87,85,2023-03-15,2023-08-20,,8,16.7,VEND325,0
WRK01943,Streetlight Installation - Cuttack South,Streetlight Installation,Odisha,Cuttack,Cuttack South,19.8148,85.8404,423511,127053,31,30,2024-05-14,2025-04-22,,5,39.5,VEND106,0
WRK01804,Drainage Project - Gurugram West,Drainage Project,Haryana,Gurugram,Gurugram West,28.1252,75.8742,5054510,0,0,0,2023-05-11,2023-12-17,,8,35.0,VEND305,0
WRK03758,Road Construction - Agra West,Road Construction,Uttar Pradesh,Agra,Agra West,25.8804,80.6708,461489,152291,35,33,2022-06-14,2023-01-01,,4,25.1,VEND137,0
WRK02537,Streetlight Installation - Pune Rural,Streetlight Installation,Maharashtra,Pune,Pune Rural,20.5046,76.6443,420608,172449,45,41,2022-08-05,2023-09-05,,4,40.4,VEND194,0
WRK01262,Drainage Project - Patna East,Drainage Project,Bihar,Patna,Patna East,26.8039,85.6493,3499786,1014937,37,29,2022-10-27,2023-05-08,,3,32.8,VEND391,0
WRK03969,Water Supply Scheme - Kota East,Water Supply Scheme,Rajasthan,Kota,Kota East,27.5335,74.9562,18643578,6152380,36,33,2023-08-13,2024-06-04,,11,34.9,VEND342,0
WRK02013,Community Hall - Coimbatore East,Community Hall,Tamil Nadu,Coimbatore,Coimbatore East,10.6593,79.7355,938331,281499,26,30,2024-04-01,2025-03-23,,4,41.7,VEND357,0
WRK01425,Drainage Project - Howrah Rural,Drainage Project,West Bengal,Howrah,Howrah Rural,22.8136,88.4938,3185064,605162,19,19,2024-07-14,2025-05-24,,8,39.7,VEND039,0
WRK01595,Community Hall - Gurugram Central,Community Hall,Haryana,Gurugram,Gurugram Central,27.969,75.6518,20628511,12170821,62,59,2023-05-31,2024-02-09,,6,35.1,VEND238,0
WRK02966,Community Hall - Cuttack West,Community Hall,Odisha,Cuttack,Cuttack West,21.4757,85.0242,2802131,476362,16,17,2023-08-03,2024-06-30,,5,24.2,VEND356,0
WRK00233,Irrigation Canal - Muzaffarpur Urban,Irrigation Canal,Bihar,Muzaffarpur,Muzaffarpur Urban,24.9742,85.2579,11199421,1119942,11,10,2023-11-11,2024-11-23,,9,20.1,VEND202,0
WRK00795,Drainage Project - Nizamabad West,Drainage Project,Telangana,Nizamabad,Nizamabad West,16.9445,78.32,7446542,446792,0,6,2023-09-16,2025-01-17,,5,32.2,VEND328,0
WRK01707,Water Supply Scheme - Mysuru South,Water Supply Scheme,Karnataka,Mysuru,Mysuru South,14.2748,76.7383,2582376,1110421,36,43,2024-03-31,2025-03-15,,12,35.7,VEND044,0
WRK03869,School Building - Muzaffarpur Central,School Building,Bihar,Muzaffarpur,Muzaffarpur Central,26.649,84.4418,851206,808645,49,95,2022-07-25,2024-01-07,,2,92.1,VEND307,1
WRK01821,Health Sub-Centre - Bhagalpur Rural,Health Sub-Centre,Bihar,Bhagalpur,Bhagalpur Rural,26.6305,84.058,11629852,4070448,30,35,2022-10-22,2023-08-22,,8,29.8,VEND139,0
WRK03171,Irrigation Canal - Hyderabad North,Irrigation Canal,Telangana,Hyderabad,Hyderabad North,18.9835,79.663,22007427,17165793,78,78,2023-12-10,2024-05-21,,11,10.7,VEND226,0
WRK02563,Community Hall - Guwahati North,Community Hall,Assam,Guwahati,Guwahati North,27.3414,93.179,591875,485337,79,82,2022-08-28,2023-05-08,,4,41.8,VEND111,0
WRK02406,School Building - Kanpur East,School Building,Uttar Pradesh,Kanpur,Kanpur East,25.8085,81.3841,3304725,1354937,47,41,2023-04-20,2024-08-29,,11,22.1,VEND379,0
WRK02560,Irrigation Canal - Muzaffarpur Rural,Irrigation Canal,Bihar,Muzaffarpur,Muzaffarpur Rural,25.2763,84.1419,17618081,10923210,65,62,2023-04-26,2023-09-04,,11,31.2,VEND256,0
WRK00113,Health Sub-Centre - Ludhiana North,Health Sub-Centre,Punjab,Ludhiana,Ludhiana North,32.1734,76.4664,2820261,2284411,82,81,2023-07-01,2024-02-29,,3,33.9,VEND165,0
WRK01000,Anganwadi Centre - Guwahati North,Anganwadi Centre,Assam,Guwahati,Guwahati North,25.5691,91.9583,10001909,1300248,7,13,2024-08-02,2025-01-30,,3,21.0,VEND279,0
WRK02266,Drainage Project - Gorakhpur North,Drainage Project,Uttar Pradesh,Gorakhpur,Gorakhpur North,26.173,81.7054,9037375,632616,9,7,2024-04-18,2025-05-31,,7,14.1,VEND105,0
WRK03433,Streetlight Installation - Siliguri North,Streetlight Installation,West Bengal,Siliguri,Siliguri North,22.8023,87.9572,1059617,582789,57,55,2022-04-15,2023-01-08,,4,44.3,VEND375,0
WRK01583,Public Toilet Complex - Pune Urban,Public Toilet Complex,Maharashtra,Pune,Pune Urban,19.9244,75.0043,14962269,14363778,96,96,2023-09-22,2024-10-31,,3,77.4,VEND286,1
WRK02548,Health Sub-Centre - Siliguri East,Health Sub-Centre,West Bengal,Siliguri,Siliguri East,23.0628,88.5958,11000369,330011,2,3,2024-07-29,2025-01-26,,9,31.9,VEND162,0
WRK03959,Public Toilet Complex - Bikaner South,Public Toilet Complex,Rajasthan,Bikaner,Bikaner South,26.8981,73.8178,9469853,8712264,98,92,2022-12-27,2024-01-22,,12,33.4,VEND368,0
WRK02983,Water Supply Scheme - Kolkata Urban,Water Supply Scheme,West Bengal,Kolkata,Kolkata Urban,23.6555,87.4621,1104843,1104843,97,100,2022-09-04,2023-06-01,,7,10.8,VEND292,0
WRK00226,Community Hall - Salem South,Community Hall,Tamil Nadu,Salem,Salem South,12.2729,78.8477,3533291,70665,2,2,2024-08-24,2025-06-01,,11,27.9,VEND293,0
WRK01043,School Building - Nizamabad East,School Building,Telangana,Nizamabad,Nizamabad East,18.3236,79.7262,1106331,44253,2,4,2022-11-13,2023-07-06,,6,12.2,VEND148,0
WRK01193,Drainage Project - Indore Central,Drainage Project,Madhya Pradesh,Indore,Indore Central,23.8921,79.1807,15881023,11751957,73,74,2023-06-07,2024-09-17,,6,42.9,VEND335,0
WRK03695,Road Construction - Rajkot Urban,Road Construction,Gujarat,Rajkot,Rajkot Urban,21.8339,71.4083,18828385,18828385,10,100,2022-11-23,2023-07-25,,5,71.1,VEND355,1
WRK03365,Health Sub-Centre - Thiruvananthapuram South,Health Sub-Centre,Kerala,Thiruvananthapuram,Thiruvananthapuram South,10.5887,76.5691,8569315,6855452,79,80,2023-02-12,2024-01-12,,9,25.0,VEND154,0
WRK02938,Community Hall - Amritsar North,Community Hall,Punjab,Amritsar,Amritsar North,32.2712,75.9805,520683,67688,16,13,2024-04-09,2025-06-05,,4,18.7,VEND039,0
WRK01450,Health Sub-Centre - Coimbatore North,Health Sub-Centre,Tamil Nadu,Coimbatore,Coimbatore North,10.0699,78.9849,822485,822485,98,100,2024-05-26,2025-09-11,,12,21.9,VEND247,0
WRK02446,Public Toilet Complex - Nagpur Central,Public Toilet Complex,Maharashtra,Nagpur,Nagpur Central,20.223,76.2828,1776898,426455,24,24,2023-06-15,2024-05-19,,5,36.1,VEND374,0
WRK01764,Health Sub-Centre - Bhopal Central,Health Sub-Centre,Madhya Pradesh,Bhopal,Bhopal Central,23.424,78.5054,1981638,118898,13,6,2024-05-24,2025-03-06,,10,32.0,VEND159,0
WRK01667,Streetlight Installation - Amritsar South,Streetlight Installation,Punjab,Amritsar,Amritsar South,31.7788,76.1292,8363506,7276250,88,87,2023-01-16,2024-04-25,,8,35.3,VEND182,0
WRK02589,Drainage Project - Warangal West,Drainage Project,Telangana,Warangal,Warangal West,16.9581,79.3563,16315615,13378804,78,82,2022-05-12,2023-07-16,,11,39.9,VEND100,0
WRK02377,School Building - Prayagraj Rural,School Building,Uttar Pradesh,Prayagraj,Prayagraj Rural,27.8642,79.9364,3349436,2043155,67,61,2023-04-16,2023-09-30,,10,28.9,VEND077,0
WRK02844,Road Construction - Varanasi Central,Road Construction,Uttar Pradesh,Varanasi,Varanasi Central,26.8691,81.5091,4229658,1438083,28,34,2022-06-13,2023-03-30,,6,23.1,VEND270,0
WRK00849,Community Hall - Muzaffarpur North,Community Hall,Bihar,Muzaffarpur,Muzaffarpur North,25.5412,84.7941,9478296,3886101,34,41,2024-04-21,2025-08-08,,6,16.0,VEND105,0
WRK03752,Drainage Project - Howrah North,Drainage Project,West Bengal,Howrah,Howrah North,23.4355,86.6698,3019814,2506445,83,83,2024-06-21,2025-02-11,,8,42.0,VEND350,0
WRK00622,Community Hall - Tirunelveli Urban,Community Hall,Tamil Nadu,Tirunelveli,Tirunelveli Urban,11.3471,79.3841,417640,367523,17,88,2024-02-26,2025-06-02,,3,69.0,VEND023,1
WRK03561,Drainage Project - Dibrugarh North,Drainage Project,Assam,Dibrugarh,Dibrugarh North,25.087,93.7547,2167916,2167916,1,100,2023-07-02,2024-02-29,,4,49.8,VEND313,1
WRK02142,Public Toilet Complex - Salem Central,Public Toilet Complex,Tamil Nadu,Salem,Salem Central,10.8315,77.8098,15453006,13135055,86,85,2023-05-08,2024-07-03,,5,12.0,VEND172,0
WRK00214,Public Toilet Complex - Thrissur South,Public Toilet Complex,Kerala,Thrissur,Thrissur South,10.1104,76.2364,592214,556681,98,94,2024-02-29,2025-03-09,,12,19.9,VEND210,0
WRK00771,Drainage Project - Bhopal Urban,Drainage Project,Madhya Pradesh,Bhopal,Bhopal Urban,23.8176,77.5244,403959,72712,25,18,2022-10-10,2023-11-16,,6,19.4,VEND292,0
WRK00338,Road Construction - Solapur Rural,Road Construction,Maharashtra,Solapur,Solapur Rural,19.0483,76.8912,19946214,9773644,49,49,2022-05-09,2023-08-12,,5,34.5,VEND201,0
WRK03498,Streetlight Installation - Hyderabad Rural,Streetlight Installation,Telangana,Hyderabad,Hyderabad Rural,18.4361,79.2161,8282137,0,3,0,2022-10-31,2023-05-22,,5,40.3,VEND322,0
WRK00804,Drainage Project - Kozhikode East,Drainage Project,Kerala,Kozhikode,Kozhikode East,11.5752,77.2385,13201692,6864879,53,52,2023-02-09,2024-07-20,,3,41.5,VEND213,0
WRK02261,Anganwadi Centre - Cuttack Urban,Anganwadi Centre,Odisha,Cuttack,Cuttack Urban,21.0764,85.8487,16661336,10996481,59,66,2023-10-22,2024-11-08,,10,31.4,VEND191,0
WRK02667,Drainage Project - Cuttack Rural,Drainage Project,Odisha,Cuttack,Cuttack Rural,20.0666,83.999,21362829,13672210,66,64,2022-10-16,2023-03-28,,7,18.7,VEND315,0
WRK03188,Road Construction - Darjeeling East,Road Construction,West Bengal,Darjeeling,Darjeeling East,22.4294,87.2365,3495894,2621920,33,75,2023-10-31,2025-01-09,,2,81.2,VEND125,1
WRK01183,Community Hall - Thiruvananthapuram East,Community Hall,Kerala,Thiruvananthapuram,Thiruvananthapuram East,10.0388,77.2951,8102279,2997843,30,37,2023-04-10,2023-10-19,,6,37.8,VEND022,0
WRK01169,School Building - Kalaburagi East,School Building,Karnataka,Kalaburagi,Kalaburagi East,14.8987,75.8378,4917037,3540266,72,72,2024-04-06,2024-12-23,,3,35.0,VEND252,0
WRK03185,School Building - Kota Urban,School Building,Rajasthan,Kota,Kota Urban,26.901,74.4247,17915831,10570340,58,59,2024-07-06,2025-12-15,,12,33.0,VEND186,0
WRK00037,Community Hall - Pune South,Community Hall,Maharashtra,Pune,Pune South,20.8439,75.4865,9114585,4375000,54,48,2022-08-08,2022-12-27,,9,17.1,VEND322,0
WRK00106,Road Construction - Bhagalpur Central,Road Construction,Bihar,Bhagalpur,Bhagalpur Central,26.0289,84.4105,5583158,1674947,32,30,2022-04-14,2023-08-27,,12,40.4,VEND227,0
WRK00363,Anganwadi Centre - Mangaluru West,Anganwadi Centre,Karnataka,Mangaluru,Mangaluru West,15.2732,76.1005,2550889,1071373,43,42,2022-09-23,2024-02-14,,7,31.1,VEND327,0
WRK00851,Drainage Project - Gwalior Rural,Drainage Project,Madhya Pradesh,Gwalior,Gwalior Rural,23.3616,77.4128,1109123,299463,30,27,2024-08-21,2025-12-06,,8,33.9,VEND086,0
WRK01741,Public Toilet Complex - Mumbai North,Public Toilet Complex,Maharashtra,Mumbai,Mumbai North,18.7353,75.7644,2028330,1582097,82,78,2024-02-19,2025-07-31,,7,13.2,VEND365,0
WRK02805,Community Hall - Silchar West,Community Hall,Assam,Silchar,Silchar West,27.1395,92.0981,1030763,422612,39,41,2024-05-07,2025-10-18,,7,14.2,VEND286,0
WRK02807,School Building - Kolkata Central,School Building,West Bengal,Kolkata,Kolkata Central,22.6877,86.981,3288179,558990,13,17,2022-04-24,2023-03-24,,9,34.2,VEND048,0
WRK02414,Road Construction - Amritsar South,Road Construction,Punjab,Amritsar,Amritsar South,30.9951,75.026,11888666,6776539,54,57,2024-07-10,2025-01-23,,3,30.1,VEND331,0
WRK00857,Drainage Project - Patiala North,Drainage Project,Punjab,Patiala,Patiala North,30.9396,75.9583,5083292,4320798,93,85,2024-03-03,2025-03-23,,5,44.3,VEND113,0
WRK01466,Irrigation Canal - Kota South,Irrigation Canal,Rajasthan,Kota,Kota South,27.3442,73.4732,5089964,3562974,72,70,2023-09-28,2024-12-29,,10,24.9,VEND313,0
WRK03663,School Building - Jalandhar South,School Building,Punjab,Jalandhar,Jalandhar South,30.1019,74.5352,16830573,9761732,56,58,2022-06-12,2022-12-31,,12,24.8,VEND388,0
WRK02954,Road Construction - Hubballi South,Road Construction,Karnataka,Hubballi,Hubballi South,14.9138,75.5849,11240277,2472860,19,22,2022-08-01,2023-09-12,,5,18.3,VEND361,0
WRK00566,Drainage Project - Jabalpur Urban,Drainage Project,Madhya Pradesh,Jabalpur,Jabalpur Urban,22.364,78.032,16099232,9498546,60,59,2022-12-10,2023-06-03,,8,39.1,VEND171,0
WRK03424,Drainage Project - Gurugram East,Drainage Project,Haryana,Gurugram,Gurugram East,29.95,76.365,6408343,6216092,10,97,2022-11-12,2023-03-13,,2,51.1,VEND147,1
WRK00250,Water Supply Scheme - Hyderabad Urban,Water Supply Scheme,Telangana,Hyderabad,Hyderabad Urban,17.8892,79.9522,17971216,17611791,90,98,2023-02-11,2024-05-28,,5,25.1,VEND395,0
WRK02525,Irrigation Canal - Patna Rural,Irrigation Canal,Bihar,Patna,Patna Rural,26.0504,86.2145,16284791,11725049,73,72,2022-05-20,2022-11-10,,6,17.4,VEND317,0
WRK01475,School Building - Rourkela Central,School Building,Odisha,Rourkela,Rourkela Central,19.8879,85.1762,590566,183075,24,31,2022-06-24,2023-10-09,,4,25.4,VEND276,0
WRK03479,Irrigation Canal - Nizamabad North,Irrigation Canal,Telangana,Nizamabad,Nizamabad North,17.7159,80.1574,943573,481222,50,51,2023-03-02,2023-08-27,,11,19.2,VEND237,0
WRK03897,Drainage Project - Guwahati Urban,Drainage Project,Assam,Guwahati,Guwahati Urban,25.2873,93.9422,3429361,2640607,80,77,2022-04-04,2023-02-17,,3,39.8,VEND211,0
WRK03237,Irrigation Canal - Bikaner West,Irrigation Canal,Rajasthan,Bikaner,Bikaner West,25.8693,73.1541,2514778,2263300,89,90,2023-04-12,2024-04-02,,8,43.6,VEND175,0
WRK02830,Water Supply Scheme - Bikaner Rural,Water Supply Scheme,Rajasthan,Bikaner,Bikaner Rural,26.0135,75.067,6555361,6555361,0,100,2022-09-10,2023-10-04,,2,61.1,VEND079,1
WRK02503,Water Supply Scheme - Muzaffarpur East,Water Supply Scheme,Bihar,Muzaffarpur,Muzaffarpur East,25.4859,84.226,556976,89116,22,16,2023-10-16,2024-03-02,,11,33.6,VEND313,0
WRK00318,Streetlight Installation - Rajkot Central,Streetlight Installation,Gujarat,Rajkot,Rajkot Central,22.6454,70.9327,7121728,3347212,42,47,2023-11-09,2025-03-18,,8,43.6,VEND151,0
WRK01201,Community Hall - Panipat Urban,Community Hall,Haryana,Panipat,Panipat Urban,27.9133,77.1074,1778169,1760387,90,99,2024-05-26,2025-01-08,,2,77.9,VEND175,1
WRK01108,Road Construction - Howrah North,Road Construction,West Bengal,Howrah,Howrah North,22.9391,87.9935,4020987,40209,5,1,2023-09-29,2024-11-30,,11,22.2,VEND036,0
WRK02279,Water Supply Scheme - Rourkela West,Water Supply Scheme,Odisha,Rourkela,Rourkela West,20.0458,86.1392,546996,185978,40,34,2024-06-02,2025-01-23,,3,34.2,VEND241,0
WRK03368,Irrigation Canal - Hyderabad Rural,Irrigation Canal,Telangana,Hyderabad,Hyderabad Rural,18.9664,79.7658,10691093,5666279,51,53,2024-07-14,2025-10-25,,8,29.3,VEND210,0
WRK00653,Water Supply Scheme - Ahmedabad Urban,Water Supply Scheme,Gujarat,Ahmedabad,Ahmedabad Urban,21.1584,70.7372,2105671,1852990,22,88,2022-06-21,2023-03-18,,4,42.6,VEND016,1
WRK00071,School Building - Chennai Rural,School Building,Tamil Nadu,Chennai,Chennai Rural,11.4599,79.0847,1870396,18703,6,1,2024-01-30,2024-06-08,,9,25.6,VEND064,0
WRK01668,Anganwadi Centre - Mangaluru Central,Anganwadi Centre,Karnataka,Mangaluru,Mangaluru Central,16.1512,76.0133,883767,653987,81,74,2022-10-04,2023-06-30,,12,42.4,VEND360,0
WRK02659,Streetlight Installation - Thiruvananthapuram Central,Streetlight Installation,Kerala,Thiruvananthapuram,Thiruvananthapuram Central,10.0123,75.6689,14396409,0,1,0,2023-05-07,2023-11-24,,9,30.0,VEND043,0
WRK01175,Anganwadi Centre - Jodhpur Rural,Anganwadi Centre,Rajasthan,Jodhpur,Jodhpur Rural,27.0293,74.6332,10481485,838518,11,8,2022-12-15,2023-12-25,,7,24.0,VEND117,0
WRK01089,Water Supply Scheme - Vadodara East,Water Supply Scheme,Gujarat,Vadodara,Vadodara East,21.2891,71.3029,19022713,18261804,93,96,2023-02-08,2023-11-25,,8,25.7,VEND218,0
WRK02920,Streetlight Installation - Nashik North,Streetlight Installation,Maharashtra,Nashik,Nashik North,19.6729,76.6359,19189130,14775630,74,77,2023-11-30,2025-05-02,,12,35.1,VEND154,0
WRK03944,Public Toilet Complex - Amritsar Rural,Public Toilet Complex,Punjab,Amritsar,Amritsar Rural,30.4554,74.7042,14241122,996878,13,7,2022-05-13,2023-02-03,,10,13.0,VEND197,0
WRK00411,Community Hall - Warangal North,Community Hall,Telangana,Warangal,Warangal North,18.4536,79.4165,15482850,14244222,84,92,2022-07-20,2022-12-03,,12,12.1,VEND061,0
WRK03838,Anganwadi Centre - Jalandhar Central,Anganwadi Centre,Punjab,Jalandhar,Jalandhar Central,31.9515,76.3541,15293847,3823461,33,25,2022-08-15,2023-09-24,,10,38.2,VEND347,0
WRK03200,Drainage Project - Kolkata South,Drainage Project,West Bengal,Kolkata,Kolkata South,22.6442,86.7539,20654244,15284140,78,74,2022-04-05,2022-10-01,,12,44.7,VEND110,0
WRK02387,School Building - Gwalior Rural,School Building,Madhya Pradesh,Gwalior,Gwalior Rural,22.618,78.8166,7875102,5670073,80,72,2022-10-02,2023-03-29,,8,35.8,VEND281,0
WRK01026,School Building - Varanasi West,School Building,Uttar Pradesh,Varanasi,Varanasi West,26.4317,80.6785,822672,658137,83,80,2023-03-14,2024-01-24,,9,15.3,VEND160,0
WRK02092,School Building - Pune East,School Building,Maharashtra,Pune,Pune East,20.6833,76.8577,546102,316739,52,58,2023-12-28,2024-12-08,,11,40.0,VEND139,0
WRK00540,Irrigation Canal - Gorakhpur Rural,Irrigation Canal,Uttar Pradesh,Gorakhpur,Gorakhpur Rural,27.0767,79.9003,22428828,15700179,68,70,2023-06-29,2023-12-09,,9,30.6,VEND252,0
WRK00602,Irrigation Canal - Kozhikode East,Irrigation Canal,Kerala,Kozhikode,Kozhikode East,11.3784,76.272,2027173,1885270,100,93,2022-04-24,2023-06-08,2023-06-01,5,44.2,VEND170,0
WRK01333,Drainage Project - Kochi North,Drainage Project,Kerala,Kochi,Kochi North,10.1736,76.5093,22956269,22956269,10,100,2024-01-14,2024-09-16,,3,75.5,VEND255,1
WRK03014,Public Toilet Complex - Siliguri North,Public Toilet Complex,West Bengal,Siliguri,Siliguri North,24.0148,86.963,2389437,47788,4,2,2024-05-02,2025-09-02,,12,39.6,VEND206,0
WRK03783,Drainage Project - Vadodara North,Drainage Project,Gujarat,Vadodara,Vadodara North,22.5015,70.8233,14667633,11147401,68,76,2023-11-08,2025-01-20,,10,28.5,VEND304,0
WRK01435,Irrigation Canal - Erode South,Irrigation Canal,Tamil Nadu,Erode,Erode South,10.1461,77.4286,2295756,734641,24,32,2024-02-12,2024-12-26,,7,22.0,VEND208,0
WRK02220,Drainage Project - Patiala North,Drainage Project,Punjab,Patiala,Patiala North,32.2693,76.216,467384,266408,52,57,2022-11-28,2023-09-30,,3,21.8,VEND019,0
WRK02466,Anganwadi Centre - Ahmedabad Central,Anganwadi Centre,Gujarat,Ahmedabad,Ahmedabad Central,21.5983,70.4397,5843578,467486,3,8,2023-07-07,2024-10-13,,11,17.8,VEND169,0
WRK03677,Public Toilet Complex - Guwahati South,Public Toilet Complex,Assam,Guwahati,Guwahati South,25.0967,93.6851,531919,414896,84,78,2023-08-05,2024-07-27,,5,37.6,VEND311,0
WRK00838,Community Hall - Nizamabad West,Community Hall,Telangana,Nizamabad,Nizamabad West,18.5552,80.5835,403624,399587,98,99,2022-07-04,2023-03-16,,4,22.4,VEND125,0
WRK03326,Anganwadi Centre - Guwahati West,Anganwadi Centre,Assam,Guwahati,Guwahati West,25.7038,93.9108,2009189,401837,24,20,2023-12-06,2024-07-19,,10,25.2,VEND112,0
WRK03644,Community Hall - Chennai South,Community Hall,Tamil Nadu,Chennai,Chennai South,10.6704,78.7816,5789428,2373665,47,41,2024-03-16,2024-08-01,,3,34.1,VEND387,0
WRK01628,Drainage Project - Ahmedabad South,Drainage Project,Gujarat,Ahmedabad,Ahmedabad South,23.2071,70.6469,8259597,3882010,45,47,2022-10-13,2023-09-15,,11,22.8,VEND158,0
WRK00807,Anganwadi Centre - Gaya Rural,Anganwadi Centre,Bihar,Gaya,Gaya Rural,26.1027,85.192,573038,303710,51,53,2024-04-15,2024-11-09,,11,15.5,VEND119,0
WRK00883,Irrigation Canal - Jabalpur North,Irrigation Canal,Madhya Pradesh,Jabalpur,Jabalpur North,23.3263,78.4633,1059803,434519,45,41,2023-06-30,2023-11-18,,10,40.9,VEND235,0
WRK01485,Road Construction - Salem Urban,Road Construction,Tamil Nadu,Salem,Salem Urban,10.1404,78.0521,1763004,705201,32,40,2022-08-04,2023-06-20,,4,41.2,VEND271,0
WRK03934,Public Toilet Complex - Nagpur Urban,Public Toilet Complex,Maharashtra,Nagpur,Nagpur Urban,19.5816,74.689,8461457,4992259,53,59,2024-07-28,2025-04-22,,12,39.6,VEND027,0
WRK00638,Water Supply Scheme - Thrissur Urban,Water Supply Scheme,Kerala,Thrissur,Thrissur Urban,11.013,75.9008,8071821,7587511,21,94,2024-07-18,2025-12-26,,2,82.8,VEND043,1
WRK00424,Public Toilet Complex - Gwalior West,Public Toilet Complex,Madhya Pradesh,Gwalior,Gwalior West,24.1619,78.3135,15194887,15194887,98,100,2023-01-11,2023-07-25,,4,14.3,VEND251,0
WRK00728,Irrigation Canal - Rourkela Central,Irrigation Canal,Odisha,Rourkela,Rourkela Central,19.8385,84.8665,557509,462732,83,83,2023-04-16,2023-12-13,,6,30.5,VEND045,0
WRK03016,Drainage Project - Tiruchirappalli Urban,Drainage Project,Tamil Nadu,Tiruchirappalli,Tiruchirappalli Urban,11.5273,78.1106,23802352,4998493,28,21,2022-12-11,2024-01-04,,3,11.0,VEND041,0
WRK01997,Community Hall - Jabalpur West,Community Hall,Madhya Pradesh,Jabalpur,Jabalpur West,22.4953,79.7672,4213982,2823367,68,67,2023-11-13,2024-03-20,,8,15.7,VEND361,0
WRK03388,Anganwadi Centre - Patna Central,Anganwadi Centre,Bihar,Patna,Patna Central,26.79,83.9141,13404457,938311,6,7,2024-08-28,2025-10-02,,8,11.1,VEND084,0
WRK00377,Irrigation Canal - Faridabad West,Irrigation Canal,Haryana,Faridabad,Faridabad West,28.7508,76.4691,20771883,16617506,86,80,2023-04-12,2024-09-22,,6,41.2,VEND235,0
WRK00525,Drainage Project - Indore East,Drainage Project,Madhya Pradesh,Indore,Indore East,22.3495,78.63,1641565,1575902,100,96,2023-01-17,2024-04-22,2024-05-22,9,28.2,VEND127,0
WRK03864,Public Toilet Complex - Rourkela North,Public Toilet Complex,Odisha,Rourkela,Rourkela North,20.2879,84.0403,4911292,4911292,100,100,2024-04-14,2024-11-23,2024-12-01,2,47.1,VEND105,1
WRK02487,Drainage Project - Muzaffarpur Central,Drainage Project,Bihar,Muzaffarpur,Muzaffarpur Central,26.1511,85.5473,5243925,3932943,76,75,2023-09-01,2024-10-16,,3,11.1,VEND055,0
WRK02524,Road Construction - Indore Central,Road Construction,Madhya Pradesh,Indore,Indore Central,24.0686,79.1626,564454,564454,99,100,2023-02-04,2024-03-02,,3,16.5,VEND024,0
WRK00151,School Building - Hyderabad Urban,School Building,Telangana,Hyderabad,Hyderabad Urban,17.2372,80.2723,911436,674462,69,74,2023-01-16,2024-03-17,,7,16.6,VEND364,0
WRK03110,Irrigation Canal - Silchar South,Irrigation Canal,Assam,Silchar,Silchar South,26.0876,92.075,555747,516844,98,93,2023-04-08,2023-08-29,,4,14.1,VEND169,0
WRK01581,School Building - Rourkela Urban,School Building,Odisha,Rourkela,Rourkela Urban,21.202,83.9308,1154223,46168,11,4,2023-01-16,2024-06-13,,8,16.2,VEND197,0
WRK01950,Health Sub-Centre - Nizamabad Rural,Health Sub-Centre,Telangana,Nizamabad,Nizamabad Rural,19.0079,78.7548,15395178,2001373,21,13,2024-07-24,2025-09-14,,11,28.3,VEND335,0
WRK01775,School Building - Warangal North,School Building,Telangana,Warangal,Warangal North,17.9278,78.6814,17685741,13264305,80,75,2023-10-08,2024-07-07,,6,44.7,VEND173,0
WRK00627,Irrigation Canal - Nagpur North,Irrigation Canal,Maharashtra,Nagpur,Nagpur North,19.7179,76.1257,5932834,5517535,89,93,2023-02-27,2024-05-15,,5,21.6,VEND326,0
WRK03030,Irrigation Canal - Hyderabad Rural,Irrigation Canal,Telangana,Hyderabad,Hyderabad Rural,17.9797,78.5402,10536121,4530532,49,43,2023-05-24,2023-09-24,,3,19.2,VEND048,0
WRK03003,Health Sub-Centre - Agra South,Health Sub-Centre,Uttar Pradesh,Agra,Agra South,26.792,80.6777,4950454,396036,2,8,2023-06-05,2024-02-24,,11,17.8,VEND371,0
WRK03793,Irrigation Canal - Kota West,Irrigation Canal,Rajasthan,Kota,Kota West,26.5391,73.6687,2653766,2176088,84,82,2023-06-17,2024-02-18,,11,34.9,VEND295,0
WRK01846,Public Toilet Complex - Hyderabad Urban,Public Toilet Complex,Telangana,Hyderabad,Hyderabad Urban,17.1098,78.9413,17125548,4966408,25,29,2024-07-05,2025-01-22,,3,13.5,VEND252,0
WRK03482,Water Supply Scheme - Tirunelveli Rural,Water Supply Scheme,Tamil Nadu,Tirunelveli,Tirunelveli Rural,10.1528,79.0402,1794763,1794763,14,100,2023-05-25,2023-10-08,,2,69.0,VEND271,1
WRK00144,Anganwadi Centre - Howrah Central,Anganwadi Centre,West Bengal,Howrah,Howrah Central,22.7822,88.7851,10094409,7368918,81,73,2023-12-05,2025-01-16,,7,43.2,VEND111,0
WRK00718,Water Supply Scheme - Hyderabad South,Water Supply Scheme,Telangana,Hyderabad,Hyderabad South,17.6485,80.587,1102924,0,1,0,2023-03-19,2024-03-29,,3,33.7,VEND176,0
WRK02575,Public Toilet Complex - Darjeeling Rural,Public Toilet Complex,West Bengal,Darjeeling,Darjeeling Rural,24.0484,88.0122,18784106,9204211,44,49,2022-06-08,2023-08-03,,8,25.4,VEND077,0
WRK03854,School Building - Mangaluru South,School Building,Karnataka,Mangaluru,Mangaluru South,15.9383,75.5892,3331033,1432344,46,43,2023-08-27,2025-01-19,,3,10.2,VEND079,0
WRK02632,School Building - Indore Urban,School Building,Madhya Pradesh,Indore,Indore Urban,24.5478,79.4978,7203156,432189,2,6,2024-01-10,2025-02-20,,5,41.0,VEND007,0
WRK03024,Water Supply Scheme - Thiruvananthapuram Urban,Water Supply Scheme,Kerala,Thiruvananthapuram,Thiruvananthapuram Urban,11.8581,75.4654,2688642,618387,16,23,2022-11-09,2023-12-30,,11,29.4,VEND395,0
WRK00567,Irrigation Canal - Kochi North,Irrigation Canal,Kerala,Kochi,Kochi North,10.725,75.723,4594475,4548530,30,99,2023-12-26,2024-12-04,,2,43.4,VEND032,1
WRK03281,Road Construction - Indore West,Road Construction,Madhya Pradesh,Indore,Indore West,22.5805,78.8227,6748117,3036652,43,45,2024-06-10,2025-03-27,,7,23.3,VEND180,0
WRK01881,Anganwadi Centre - Tirunelveli Central,Anganwadi Centre,Tamil Nadu,Tirunelveli,Tirunelveli Central,11.4498,77.4324,4336881,4293512,92,99,2022-08-10,2023-10-13,,6,44.6,VEND343,0
WRK02489,Water Supply Scheme - Howrah Urban,Water Supply Scheme,West Bengal,Howrah,Howrah Urban,23.7445,88.2417,8545022,7348718,92,86,2023-07-04,2024-09-22,,10,15.5,VEND207,0
WRK01156,Health Sub-Centre - Kalaburagi West,Health Sub-Centre,Karnataka,Kalaburagi,Kalaburagi West,14.8657,75.4972,17940626,13993688,81,78,2023-12-28,2025-01-05,,9,17.1,VEND363,0
WRK03453,Community Hall - Darjeeling South,Community Hall,West Bengal,Darjeeling,Darjeeling South,24.0582,88.6764,2224746,1334847,63,60,2023-05-28,2024-01-31,,4,19.2,VEND300,0
WRK02223,Anganwadi Centre - Solapur South,Anganwadi Centre,Maharashtra,Solapur,Solapur South,18.5286,75.2036,8338430,6087053,73,73,2023-05-26,2024-05-23,,4,31.5,VEND395,0
WRK03606,Road Construction - Thrissur East,Road Construction,Kerala,Thrissur,Thrissur East,9.9523,77.3284,8792848,6330850,72,72,2024-06-21,2025-02-21,,10,23.1,VEND389,0
WRK03343,Community Hall - Panipat North,Community Hall,Haryana,Panipat,Panipat North,29.9883,75.2196,20484177,4916202,23,24,2023-09-23,2024-07-10,,5,40.0,VEND196,0
WRK01432,Public Toilet Complex - Howrah Central,Public Toilet Complex,West Bengal,Howrah,Howrah Central,22.9608,86.7585,9324404,1118928,10,12,2024-06-22,2025-02-23,,5,16.5,VEND292,0
WRK03675,Water Supply Scheme - Nizamabad West,Water Supply Scheme,Telangana,Nizamabad,Nizamabad West,18.551,80.202,1675450,1105797,62,66,2024-02-02,2024-07-14,,4,34.9,VEND392,0
WRK02172,Health Sub-Centre - Vellore Urban,Health Sub-Centre,Tamil Nadu,Vellore,Vellore Urban,12.1422,77.6074,17391699,9043683,50,52,2024-05-09,2025-07-09,,12,31.0,VEND069,0
WRK02187,Streetlight Installation - Kota Rural,Streetlight Installation,Rajasthan,Kota,Kota Rural,27.7581,74.9262,9552485,9265910,100,97,2022-08-17,2023-07-10,2023-06-26,11,19.3,VEND247,0
WRK00880,Public Toilet Complex - Amritsar South,Public Toilet Complex,Punjab,Amritsar,Amritsar South,32.2776,75.9162,1082958,725581,69,67,2024-04-29,2025-08-20,,10,26.8,VEND149,0
WRK01076,Community Hall - Solapur Rural,Community Hall,Maharashtra,Solapur,Solapur Rural,19.5633,75.9811,7144132,6929808,91,97,2022-11-20,2024-03-07,,5,11.4,VEND312,0
WRK02781,Anganwadi Centre - Warangal West,Anganwadi Centre,Telangana,Warangal,Warangal West,16.858,79.7932,598053,562169,93,94,2022-06-18,2023-03-24,,10,25.7,VEND048,0
WRK00625,Community Hall - Jaipur West,Community Hall,Rajasthan,Jaipur,Jaipur West,27.0774,73.404,5667299,453383,8,8,2023-07-14,2024-03-02,,12,22.9,VEND035,0
WRK03913,Streetlight Installation - Hyderabad Central,Streetlight Installation,Telangana,Hyderabad,Hyderabad Central,17.6502,80.5902,7146450,5216908,80,73,2023-12-04,2025-03-26,,9,21.8,VEND218,0
WRK03348,Water Supply Scheme - Bhubaneswar North,Water Supply Scheme,Odisha,Bhubaneswar,Bhubaneswar North,21.8953,85.4187,505915,288371,59,57,2024-04-23,2025-10-08,,9,33.5,VEND114,0
WRK02833,Streetlight Installation - Bikaner South,Streetlight Installation,Rajasthan,Bikaner,Bikaner South,26.6838,73.1093,2415922,893891,35,37,2023-01-01,2024-05-10,,12,26.6,VEND076,0
WRK03967,Streetlight Installation - Ahmedabad Urban,Streetlight Installation,Gujarat,Ahmedabad,Ahmedabad Urban,23.1174,70.7238,19910389,18715765,89,94,2022-12-04,2023-08-19,,3,33.6,VEND055,0
WRK01367,Streetlight Installation - Rajkot West,Streetlight Installation,Gujarat,Rajkot,Rajkot West,21.6209,70.7333,16049470,8827208,59,55,2023-04-16,2023-11-26,,9,43.6,VEND126,0
WRK03329,Road Construction - Cuttack Urban,Road Construction,Odisha,Cuttack,Cuttack Urban,19.7592,85.9809,6639820,5909439,88,89,2022-04-08,2023-05-11,,5,32.9,VEND129,0
WRK02231,Community Hall - Bhagalpur Urban,Community Hall,Bihar,Bhagalpur,Bhagalpur Urban,25.6325,85.9777,1923048,673066,29,35,2024-05-31,2025-11-13,,4,26.0,VEND004,0
WRK00618,Road Construction - Guwahati South,Road Construction,Assam,Guwahati,Guwahati South,25.9221,91.7936,9362039,2153268,22,23,2023-12-13,2024-06-01,,4,28.7,VEND201,0
WRK01325,Water Supply Scheme - Faridabad Rural,Water Supply Scheme,Haryana,Faridabad,Faridabad Rural,29.7406,75.563,4603618,3084424,66,67,2022-12-04,2024-02-03,,10,37.1,VEND222,0
WRK01983,Health Sub-Centre - Solapur Urban,Health Sub-Centre,Maharashtra,Solapur,Solapur Urban,18.9111,76.2799,1168567,1110138,26,95,2022-07-13,2023-06-05,,5,54.7,VEND044,1
WRK00691,Community Hall - Nagpur Urban,Community Hall,Maharashtra,Nagpur,Nagpur Urban,20.2397,76.6064,8839388,8839388,11,100,2022-08-16,2023-10-18,,4,45.1,VEND319,1
WRK03740,Streetlight Installation - Mysuru Central,Streetlight Installation,Karnataka,Mysuru,Mysuru Central,15.9431,76.547,10524263,1157668,10,11,2022-10-15,2023-07-02,,11,21.9,VEND393,0
WRK02289,Anganwadi Centre - Cuttack North,Anganwadi Centre,Odisha,Cuttack,Cuttack North,20.5141,84.5744,9124750,4836117,55,53,2023-01-15,2024-05-03,,6,35.3,VEND176,0
WRK03303,School Building - Cuttack North,School Building,Odisha,Cuttack,Cuttack North,21.5807,85.3838,866947,580854,71,67,2023-03-16,2024-04-04,,4,39.3,VEND240,0
WRK01690,Drainage Project - Howrah North,Drainage Project,West Bengal,Howrah,Howrah North,23.0217,88.8667,20186289,17562071,87,87,2023-04-21,2024-02-27,,11,31.5,VEND221,0
WRK01351,Health Sub-Centre - Jodhpur East,Health Sub-Centre,Rajasthan,Jodhpur,Jodhpur East,26.346,73.3988,2851022,484673,20,17,2022-12-23,2023-12-23,,6,39.9,VEND331,0
WRK03784,Streetlight Installation - Thrissur South,Streetlight Installation,Kerala,Thrissur,Thrissur South,11.4596,76.7756,417465,392417,94,94,2023-04-05,2024-01-03,,5,15.8,VEND221,0
WRK02507,Health Sub-Centre - Faridabad Urban,Health Sub-Centre,Haryana,Faridabad,Faridabad Urban,29.6655,77.0971,11059544,3428458,39,31,2023-11-28,2025-01-13,,11,36.6,VEND096,0
WRK02730,Drainage Project - Darjeeling South,Drainage Project,West Bengal,Darjeeling,Darjeeling South,21.7336,88.4523,4106056,4106056,92,100,2024-05-19,2025-06-26,,2,46.3,VEND144,1
WRK01831,Community Hall - Darjeeling South,Community Hall,West Bengal,Darjeeling,Darjeeling South,22.3488,88.5746,7406189,6221198,84,84,2023-04-07,2024-09-25,,5,25.2,VEND259,0
WRK01687,Irrigation Canal - Ludhiana South,Irrigation Canal,Punjab,Ludhiana,Ludhiana South,31.7972,75.1895,16170718,16170718,98,100,2023-10-03,2025-02-19,,6,24.7,VEND128,0
WRK01693,Health Sub-Centre - Vadodara Urban,Health Sub-Centre,Gujarat,Vadodara,Vadodara Urban,21.0872,70.1444,8520914,8520914,100,100,2022-11-13,2023-06-19,2023-07-12,3,24.9,VEND125,0
WRK00466,Drainage Project - Kanpur Urban,Drainage Project,Uttar Pradesh,Kanpur,Kanpur Urban,25.9006,80.8384,1040752,697303,63,67,2023-01-20,2024-06-05,,5,25.1,VEND106,0
WRK01188,Irrigation Canal - Belagavi Central,Irrigation Canal,Karnataka,Belagavi,Belagavi Central,16.148,75.2876,19524598,19329352,90,99,2023-10-08,2024-05-03,,2,41.9,VEND156,1
WRK01192,Health Sub-Centre - Gurugram Rural,Health Sub-Centre,Haryana,Gurugram,Gurugram Rural,28.4947,76.6797,8526747,2728559,29,32,2022-09-29,2023-08-14,,9,11.6,VEND073,0
WRK00146,Health Sub-Centre - Jabalpur South,Health Sub-Centre,Madhya Pradesh,Jabalpur,Jabalpur South,24.0454,77.559,5960065,4112444,75,69,2023-07-09,2024-09-06,,6,23.2,VEND068,0
WRK02255,Drainage Project - Meerut East,Drainage Project,Uttar Pradesh,Meerut,Meerut East,26.4214,79.9013,7364762,3535085,52,48,2024-03-30,2025-02-17,,6,43.6,VEND119,0
WRK03573,Health Sub-Centre - Kalaburagi North,Health Sub-Centre,Karnataka,Kalaburagi,Kalaburagi North,14.3809,76.2165,16243624,15431442,34,95,2024-03-28,2024-12-29,,2,42.0,VEND114,1
WRK03261,Streetlight Installation - Belagavi Central,Streetlight Installation,Karnataka,Belagavi,Belagavi Central,14.8854,75.0234,13963200,5166384,44,37,2024-05-28,2025-04-13,,10,25.9,VEND385,0
WRK02881,Road Construction - Cuttack Central,Road Construction,Odisha,Cuttack,Cuttack Central,21.9859,83.8597,19198659,17278793,98,90,2022-10-18,2024-02-10,,3,42.0,VEND345,0
WRK00325,Irrigation Canal - Amritsar South,Irrigation Canal,Punjab,Amritsar,Amritsar South,31.5859,75.4432,930584,55835,6,6,2024-04-21,2025-02-11,,4,11.8,VEND238,0
WRK02706,Irrigation Canal - Kozhikode Urban,Irrigation Canal,Kerala,Kozhikode,Kozhikode Urban,11.7465,75.0237,3035729,2428583,74,80,2023-08-02,2024-04-23,,12,31.0,VEND162,0
WRK01763,School Building - Jabalpur East,School Building,Madhya Pradesh,Jabalpur,Jabalpur East,22.2117,79.648,429879,77378,20,18,2023-04-08,2024-02-25,,12,16.4,VEND005,0
WRK00707,Public Toilet Complex - Solapur Urban,Public Toilet Complex,Maharashtra,Solapur,Solapur Urban,20.1985,74.6493,586121,70334,9,12,2022-11-17,2023-06-14,,5,28.0,VEND027,0
WRK00715,Community Hall - Jodhpur North,Community Hall,Rajasthan,Jodhpur,Jodhpur North,28.1547,74.3669,4873991,1023538,17,21,2023-01-17,2023-06-06,,9,36.0,VEND017,0
WRK01835,Road Construction - Madurai East,Road Construction,Tamil Nadu,Madurai,Madurai East,11.8628,78.231,5499451,5499451,97,100,2024-01-22,2024-06-13,,5,38.5,VEND275,0
WRK03841,Public Toilet Complex - Bhagalpur Rural,Public Toilet Complex,Bihar,Bhagalpur,Bhagalpur Rural,25.0688,85.97,2499963,1974970,87,79,2022-11-14,2023-10-20,,12,32.2,VEND108,0
WRK01112,Irrigation Canal - Mysuru Central,Irrigation Canal,Karnataka,Mysuru,Mysuru Central,15.0143,74.631,1751426,210171,15,12,2024-04-11,2025-04-30,,6,14.2,VEND251,0
WRK03648,Public Toilet Complex - Nizamabad South,Public Toilet Complex,Telangana,Nizamabad,Nizamabad South,16.9342,78.3966,1740310,800542,48,46,2023-11-12,2024-06-16,,5,37.2,VEND236,0
WRK02128,Public Toilet Complex - Howrah West,Public Toilet Complex,West Bengal,Howrah,Howrah West,22.5186,87.9045,4130001,3262700,74,79,2024-07-18,2026-01-02,,4,21.2,VEND127,0
WRK00902,Road Construction - Kolkata North,Road Construction,West Bengal,Kolkata,Kolkata North,23.9511,86.8042,828413,256808,28,31,2023-08-22,2024-09-04,,9,26.7,VEND117,0
WRK03795,School Building - Gurugram Rural,School Building,Haryana,Gurugram,Gurugram Rural,29.729,75.8848,1067914,961122,95,90,2023-12-06,2025-02-12,,9,14.5,VEND218,0
WRK00688,Public Toilet Complex - Madurai North,Public Toilet Complex,Tamil Nadu,Madurai,Madurai North,11.9052,77.4353,5822137,3842610,69,66,2023-01-31,2023-12-03,,9,44.2,VEND337,0
WRK02215,Community Hall - Kozhikode East,Community Hall,Kerala,Kozhikode,Kozhikode East,10.589,75.0855,3517344,1899365,50,54,2023-07-13,2023-12-06,,4,29.0,VEND232,0
WRK01631,Irrigation Canal - Coimbatore Central,Irrigation Canal,Tamil Nadu,Coimbatore,Coimbatore Central,11.4936,78.2121,15638316,13448951,92,86,2022-06-02,2023-05-14,,9,24.9,VEND303,0
WRK02278,Public Toilet Complex - Asansol East,Public Toilet Complex,West Bengal,Asansol,Asansol East,23.7939,87.1175,16984137,16814295,99,99,2023-12-15,2024-04-13,,10,25.1,VEND228,0
WRK03936,Anganwadi Centre - Jabalpur Central,Anganwadi Centre,Madhya Pradesh,Jabalpur,Jabalpur Central,22.7138,78.9007,18552762,5565828,26,30,2023-03-02,2023-09-20,,10,18.9,VEND300,0
WRK02500,Streetlight Installation - Panipat East,Streetlight Installation,Haryana,Panipat,Panipat East,28.0141,75.3068,404002,331281,76,82,2023-10-22,2024-03-10,,11,18.4,VEND066,0
WRK01940,Water Supply Scheme - Gurugram Rural,Water Supply Scheme,Haryana,Gurugram,Gurugram Rural,28.6907,76.5282,16961274,4749156,24,28,2023-10-05,2024-07-23,,6,40.6,VEND002,0
WRK01825,Drainage Project - Gwalior West,Drainage Project,Madhya Pradesh,Gwalior,Gwalior West,23.5299,78.6652,9945769,1790238,23,18,2024-08-12,2025-07-26,,6,10.5,VEND142,0
WRK02789,Drainage Project - Kozhikode South,Drainage Project,Kerala,Kozhikode,Kozhikode South,10.8345,76.413,11168676,3797349,38,34,2023-07-11,2024-04-09,,3,16.6,VEND311,0
WRK00101,School Building - Jalandhar Rural,School Building,Punjab,Jalandhar,Jalandhar Rural,31.5316,75.8758,1682499,1312349,71,78,2024-05-19,2025-03-15,,12,30.0,VEND342,0
WRK00291,Streetlight Installation - Siliguri East,Streetlight Installation,West Bengal,Siliguri,Siliguri East,23.6138,88.1803,695647,667821,92,96,2024-02-17,2024-08-15,,4,44.6,VEND319,1
WRK02493,Public Toilet Complex - Patiala West,Public Toilet Complex,Punjab,Patiala,Patiala West,31.4361,76.3542,10903084,9376652,86,86,2023-12-05,2024-05-03,,4,27.0,VEND275,0
WRK00879,Irrigation Canal - Patiala Urban,Irrigation Canal,Punjab,Patiala,Patiala Urban,30.8956,75.0656,2064760,206476,18,10,2022-08-05,2023-07-12,,5,15.0,VEND382,0
WRK01456,Irrigation Canal - Salem North,Irrigation Canal,Tamil Nadu,Salem,Salem North,10.2519,78.9502,9264244,3798340,35,41,2023-05-24,2023-11-21,,6,13.3,VEND122,0
WRK03126,Road Construction - Rourkela North,Road Construction,Odisha,Rourkela,Rourkela North,19.7302,85.9557,1157580,740851,63,64,2023-07-26,2024-03-23,,12,30.4,VEND314,0
WRK02788,Community Hall - Asansol Urban,Community Hall,West Bengal,Asansol,Asansol Urban,22.8871,86.9168,9249623,6382239,75,69,2022-11-05,2023-12-12,,7,25.9,VEND380,0
WRK00392,Public Toilet Complex - Bikaner Central,Public Toilet Complex,Rajasthan,Bikaner,Bikaner Central,26.9605,74.9344,474701,237350,46,50,2022-05-28,2023-09-01,,5,35.1,VEND219,0
WRK00087,Streetlight Installation - Guwahati North,Streetlight Installation,Assam,Guwahati,Guwahati North,25.2348,92.8799,9385217,3941791,42,42,2023-02-23,2023-10-24,,3,27.7,VEND282,0
WRK02284,School Building - Meerut Rural,School Building,Uttar Pradesh,Meerut,Meerut Rural,25.8112,81.8445,14198741,12636879,82,89,2023-05-13,2023-10-04,,10,10.1,VEND146,0
WRK02715,Irrigation Canal - Hyderabad East,Irrigation Canal,Telangana,Hyderabad,Hyderabad East,18.6224,79.2533,3493482,1327523,31,38,2024-08-02,2024-12-28,,5,31.0,VEND384,0
WRK01276,Community Hall - Gaya Urban,Community Hall,Bihar,Gaya,Gaya Urban,26.4163,86.1971,579591,197060,32,34,2024-05-12,2025-07-17,,6,21.4,VEND134,0
WRK01524,Irrigation Canal - Patna West,Irrigation Canal,Bihar,Patna,Patna West,27.0526,85.4603,16252104,12676641,71,78,2024-03-17,2024-07-26,,5,23.9,VEND061,0
WRK02959,Anganwadi Centre - Gwalior South,Anganwadi Centre,Madhya Pradesh,Gwalior,Gwalior South,23.3768,78.1605,4828137,3379695,76,70,2022-08-12,2023-06-05,,11,42.4,VEND122,0
WRK00476,Streetlight Installation - Kanpur North,Streetlight Installation,Uttar Pradesh,Kanpur,Kanpur North,27.2447,79.9205,885404,849987,90,96,2022-12-23,2023-07-14,,9,14.1,VEND254,0
WRK01695,Health Sub-Centre - Madurai West,Health Sub-Centre,Tamil Nadu,Madurai,Madurai West,10.1718,78.3753,8894345,3824568,44,43,2023-12-10,2025-02-13,,3,10.3,VEND346,0
WRK01296,Public Toilet Complex - Mangaluru North,Public Toilet Complex,Karnataka,Mangaluru,Mangaluru North,14.7711,74.8273,2637067,1608610,66,61,2023-10-10,2024-02-28,,12,10.1,VEND282,0
WRK02093,Streetlight Installation - Nizamabad East,Streetlight Installation,Telangana,Nizamabad,Nizamabad East,16.7968,78.5274,9178859,7434875,84,81,2023-07-23,2023-12-31,,12,12.1,VEND107,0
WRK02837,School Building - Kalaburagi Rural,School Building,Karnataka,Kalaburagi,Kalaburagi Rural,15.652,76.7867,21875747,18813142,79,86,2024-06-17,2025-08-26,,9,19.0,VEND115,0
WRK03051,Public Toilet Complex - Prayagraj Rural,Public Toilet Complex,Uttar Pradesh,Prayagraj,Prayagraj Rural,27.7958,82.074,5995568,4616587,72,77,2023-02-05,2024-05-09,,8,23.1,VEND083,0
WRK01138,Drainage Project - Jodhpur Rural,Drainage Project,Rajasthan,Jodhpur,Jodhpur Rural,26.5968,74.8759,1051098,346862,32,33,2022-04-01,2022-09-06,,6,42.3,VEND314,0
WRK02073,Drainage Project - Jabalpur Rural,Drainage Project,Madhya Pradesh,Jabalpur,Jabalpur Rural,24.1228,78.8505,1942331,369042,18,19,2023-03-04,2024-03-14,,5,44.0,VEND097,0
WRK01236,Water Supply Scheme - Silchar North,Water Supply Scheme,Assam,Silchar,Silchar North,26.2283,93.5467,563924,338354,58,60,2023-11-18,2025-01-31,,4,31.4,VEND029,0
WRK03693,Drainage Project - Hubballi West,Drainage Project,Karnataka,Hubballi,Hubballi West,14.1213,75.3274,8149101,4156041,55,51,2023-01-05,2023-07-20,,7,20.5,VEND255,0
WRK00833,School Building - Dibrugarh Central,School Building,Assam,Dibrugarh,Dibrugarh Central,26.6714,93.3852,440733,0,6,0,2022-04-30,2022-12-20,,5,13.7,VEND166,0
WRK03242,Health Sub-Centre - Mangaluru Rural,Health Sub-Centre,Karnataka,Mangaluru,Mangaluru Rural,14.2669,74.6144,4910103,3682577,78,75,2022-07-08,2022-12-09,,4,20.5,VEND192,0
WRK00592,Road Construction - Jodhpur Central,Road Construction,Rajasthan,Jodhpur,Jodhpur Central,26.7865,75.1783,4516346,3658240,79,81,2023-07-21,2024-08-06,,9,25.8,VEND222,0
WRK03972,Health Sub-Centre - Ahmedabad Rural,Health Sub-Centre,Gujarat,Ahmedabad,Ahmedabad Rural,21.465,70.6285,4852112,4415421,86,91,2023-04-09,2024-03-06,,4,40.1,VEND213,0
WRK03022,Health Sub-Centre - Nagpur North,Health Sub-Centre,Maharashtra,Nagpur,Nagpur North,20.8836,76.8876,1728307,1503627,94,87,2023-09-14,2024-10-26,,7,13.6,VEND265,0
WRK01621,Road Construction - Hubballi Rural,Road Construction,Karnataka,Hubballi,Hubballi Rural,16.4494,75.4273,3010447,2829820,92,94,2023-07-02,2024-01-07,,11,36.6,VEND128,0
WRK03593,School Building - Tirunelveli Urban,School Building,Tamil Nadu,Tirunelveli,Tirunelveli Urban,10.086,77.8579,20594957,19977108,35,97,2022-10-27,2023-08-31,,2,93.9,VEND375,1
WRK03105,Anganwadi Centre - Ludhiana West,Anganwadi Centre,Punjab,Ludhiana,Ludhiana West,32.1155,74.7465,5157390,4074338,74,79,2023-02-01,2023-08-13,,5,28.1,VEND301,0
WRK01636,School Building - Varanasi West,School Building,Uttar Pradesh,Varanasi,Varanasi West,26.9559,79.9115,545453,207272,32,38,2022-08-19,2024-02-04,,9,10.1,VEND023,0
WRK00110,Irrigation Canal - Salem West,Irrigation Canal,Tamil Nadu,Salem,Salem West,10.1019,79.0823,22574880,2483236,9,11,2023-10-16,2024-08-14,,11,17.7,VEND095,0
WRK01161,Drainage Project - Meerut South,Drainage Project,Uttar Pradesh,Meerut,Meerut South,26.9851,81.8376,1050787,283712,28,27,2022-04-27,2023-05-05,,6,40.6,VEND226,0
WRK03403,Streetlight Installation - Faridabad Urban,Streetlight Installation,Haryana,Faridabad,Faridabad Urban,29.7251,76.5272,15389070,1077234,11,7,2022-08-14,2023-03-27,,8,15.2,VEND092,0
WRK00223,Health Sub-Centre - Thrissur East,Health Sub-Centre,Kerala,Thrissur,Thrissur East,10.5792,76.3241,3516752,3516752,96,100,2023-10-16,2024-07-28,,5,73.0,VEND166,1
WRK01053,Public Toilet Complex - Bhagalpur North,Public Toilet Complex,Bihar,Bhagalpur,Bhagalpur North,26.8369,85.2845,10001114,10001114,97,100,2024-07-28,2025-05-15,,5,33.9,VEND051,0
WRK01312,Anganwadi Centre - Nizamabad South,Anganwadi Centre,Telangana,Nizamabad,Nizamabad South,17.3961,78.7835,6943229,1527510,23,22,2022-05-15,2023-02-13,,8,40.3,VEND299,0
WRK02771,Road Construction - Warangal Urban,Road Construction,Telangana,Warangal,Warangal Urban,18.0175,80.212,20599627,7621861,30,37,2024-05-11,2025-10-14,,9,26.3,VEND286,0
WRK02104,Drainage Project - Cuttack North,Drainage Project,Odisha,Cuttack,Cuttack North,20.5205,84.2038,18876345,13590968,67,72,2023-12-17,2025-04-30,,3,38.8,VEND123,0
WRK03974,Health Sub-Centre - Tirunelveli Central,Health Sub-Centre,Tamil Nadu,Tirunelveli,Tirunelveli Central,12.1526,78.9907,16595113,15599406,89,94,2023-02-16,2023-08-16,,4,40.2,VEND037,0
WRK00254,Road Construction - Indore South,Road Construction,Madhya Pradesh,Indore,Indore South,23.7335,79.2217,5384553,5115325,88,95,2023-04-03,2023-09-10,,5,27.6,VEND310,0
WRK03361,Health Sub-Centre - Erode South,Health Sub-Centre,Tamil Nadu,Erode,Erode South,11.5437,79.6379,8173586,1879924,30,23,2022-05-30,2022-12-12,,11,40.1,VEND331,0
WRK01073,Community Hall - Hyderabad Rural,Community Hall,Telangana,Hyderabad,Hyderabad Rural,16.9869,79.6743,3304166,1652083,58,50,2023-04-01,2024-04-10,,11,41.4,VEND380,0
WRK01620,School Building - Rourkela North,School Building,Odisha,Rourkela,Rourkela North,20.6809,84.92,17899888,8233948,51,46,2022-07-25,2023-06-05,,5,42.0,VEND022,0
WRK01493,Road Construction - Gorakhpur Rural,Road Construction,Uttar Pradesh,Gorakhpur,Gorakhpur Rural,27.5585,80.737,577319,456082,44,79,2024-02-14,2024-07-26,,2,93.8,VEND149,1
WRK02691,Community Hall - Muzaffarpur North,Community Hall,Bihar,Muzaffarpur,Muzaffarpur North,27.0811,84.1151,4825526,4246462,93,88,2023-06-24,2024-06-06,,11,27.5,VEND385,0
WRK00546,Anganwadi Centre - Mangaluru North,Anganwadi Centre,Karnataka,Mangaluru,Mangaluru North,15.3979,76.2046,19769343,17397021,18,88,2024-01-09,2024-09-04,,3,70.5,VEND334,1
WRK02526,Streetlight Installation - Agra Central,Streetlight Installation,Uttar Pradesh,Agra,Agra Central,26.4879,80.3695,8736164,0,7,0,2022-06-26,2023-08-29,,3,32.6,VEND095,0
WRK00950,Water Supply Scheme - Vadodara North,Water Supply Scheme,Gujarat,Vadodara,Vadodara North,22.4675,71.5284,7346094,6391101,21,87,2023-01-11,2024-05-19,,3,69.1,VEND168,1
WRK01572,Health Sub-Centre - Cuttack South,Health Sub-Centre,Odisha,Cuttack,Cuttack South,21.6244,84.9193,17886585,12520609,73,70,2023-05-04,2023-11-25,,9,43.1,VEND114,0
WRK00844,Drainage Project - Rajkot East,Drainage Project,Gujarat,Rajkot,Rajkot East,22.1624,69.9321,22428301,2915679,10,13,2022-07-31,2023-09-05,,9,17.4,VEND204,0
WRK00064,Water Supply Scheme - Hyderabad Central,Water Supply Scheme,Telangana,Hyderabad,Hyderabad Central,17.6242,80.3427,1735594,1579390,97,91,2023-08-15,2025-01-18,,5,31.5,VEND325,0
WRK00414,Irrigation Canal - Silchar Urban,Irrigation Canal,Assam,Silchar,Silchar Urban,25.8342,93.2958,2969863,1960109,72,66,2022-12-04,2023-12-17,,4,38.7,VEND391,0
WRK02433,Road Construction - Ludhiana Urban,Road Construction,Punjab,Ludhiana,Ludhiana Urban,30.8492,74.8736,11328951,7250528,70,64,2023-08-11,2025-01-20,,11,26.0,VEND024,0
WRK03888,Streetlight Installation - Faridabad Urban,Streetlight Installation,Haryana,Faridabad,Faridabad Urban,28.0037,75.4509,5047396,50473,5,1,2024-05-16,2025-10-26,,5,33.3,VEND285,0
WRK03023,Public Toilet Complex - Silchar South,Public Toilet Complex,Assam,Silchar,Silchar South,26.7171,93.3855,9489554,1233642,8,13,2022-04-13,2023-01-30,,9,25.1,VEND364,0
WRK03395,Water Supply Scheme - Kolkata East,Water Supply Scheme,West Bengal,Kolkata,Kolkata East,22.9184,87.3574,9354558,8980375,19,96,2024-02-11,2025-04-22,,5,77.2,VEND334,1
WRK00885,Health Sub-Centre - Solapur South,Health Sub-Centre,Maharashtra,Solapur,Solapur South,20.7781,76.4988,11454565,8476378,72,74,2024-02-01,2025-06-03,,10,35.0,VEND072,0
WRK00452,Irrigation Canal - Rajkot East,Irrigation Canal,Gujarat,Rajkot,Rajkot East,22.6515,70.9502,568174,403403,68,71,2022-05-28,2023-06-03,,4,21.1,VEND217,0
WRK03630,Drainage Project - Ludhiana Rural,Drainage Project,Punjab,Ludhiana,Ludhiana Rural,32.0031,74.8665,4154586,3074393,74,74,2022-09-11,2023-10-28,,11,14.0,VEND057,0
WRK01259,Community Hall - Guwahati West,Community Hall,Assam,Guwahati,Guwahati West,25.9535,92.2893,13846074,276921,0,2,2022-11-15,2024-02-02,,8,38.9,VEND248,0
WRK00657,Health Sub-Centre - Bhopal East,Health Sub-Centre,Madhya Pradesh,Bhopal,Bhopal East,23.1669,78.1087,912401,54744,0,6,2024-07-04,2024-12-22,,9,35.4,VEND072,0
WRK01880,Drainage Project - Howrah Central,Drainage Project,West Bengal,Howrah,Howrah Central,22.8299,88.2959,2045345,204534,2,10,2023-05-25,2024-02-04,,11,16.0,VEND115,0
WRK01582,Irrigation Canal - Bhopal Rural,Irrigation Canal,Madhya Pradesh,Bhopal,Bhopal Rural,22.224,79.5178,927526,825498,29,89,2023-09-19,2024-09-15,,5,40.3,VEND185,1
WRK01487,Community Hall - Kochi West,Community Hall,Kerala,Kochi,Kochi West,11.1112,75.9988,11944707,1433364,8,12,2023-09-24,2024-12-18,,7,18.5,VEND345,0
WRK03497,Community Hall - Udaipur North,Community Hall,Rajasthan,Udaipur,Udaipur North,27.1439,74.4176,3068338,2178519,76,71,2022-05-01,2023-04-11,,8,19.6,VEND031,0
WRK01486,Drainage Project - Bhubaneswar East,Drainage Project,Odisha,Bhubaneswar,Bhubaneswar East,20.3256,84.0221,1192553,345840,22,29,2024-08-25,2025-11-17,,10,40.8,VEND128,0
WRK01328,Irrigation Canal - Thrissur West,Irrigation Canal,Kerala,Thrissur,Thrissur West,10.0486,76.0687,7281813,6043904,87,83,2024-03-12,2025-04-22,,10,21.8,VEND355,0
WRK02418,Community Hall - Thiruvananthapuram North,Community Hall,Kerala,Thiruvananthapuram,Thiruvananthapuram North,10.3317,77.3764,1073479,568943,54,53,2024-04-12,2025-03-22,,9,27.1,VEND317,0
WRK02738,Irrigation Canal - Thrissur North,Irrigation Canal,Kerala,Thrissur,Thrissur North,9.831,76.4141,9305281,558316,8,6,2022-12-13,2023-05-29,,12,33.7,VEND319,0
WRK02268,Anganwadi Centre - Bhagalpur Urban,Anganwadi Centre,Bihar,Bhagalpur,Bhagalpur Urban,26.2578,84.7406,2173083,1977505,95,91,2023-01-30,2023-08-19,,7,41.8,VEND169,0
WRK00078,Drainage Project - Guwahati Urban,Drainage Project,Assam,Guwahati,Guwahati Urban,26.7426,94.042,2236148,1967810,86,88,2023-04-04,2024-09-15,,9,35.8,VEND049,0
WRK03369,School Building - Rourkela Rural,School Building,Odisha,Rourkela,Rourkela Rural,21.919,85.7595,4867913,3602255,81,74,2024-01-14,2025-02-25,,3,37.6,VEND155,0
WRK02070,Public Toilet Complex - Kozhikode East,Public Toilet Complex,Kerala,Kozhikode,Kozhikode East,10.1528,76.3464,17431930,13073947,70,75,2024-08-10,2025-01-19,,10,45.0,VEND199,0
WRK02809,Public Toilet Complex - Gaya West,Public Toilet Complex,Bihar,Gaya,Gaya West,26.3903,84.5067,20488957,16596055,87,81,2022-08-07,2023-02-20,,10,22.5,VEND327,0
WRK00870,Health Sub-Centre - Bikaner Rural,Health Sub-Centre,Rajasthan,Bikaner,Bikaner Rural,26.2826,74.2341,11984630,7190778,54,60,2023-07-24,2024-05-20,,9,43.7,VEND237,0
WRK02469,Streetlight Installation - Darjeeling South,Streetlight Installation,West Bengal,Darjeeling,Darjeeling South,21.7942,87.3331,541246,319335,61,59,2024-02-11,2025-01-10,,7,28.7,VEND052,0
WRK03398,Streetlight Installation - Patiala North,Streetlight Installation,Punjab,Patiala,Patiala North,30.3671,74.5421,3097422,2942550,91,95,2023-01-26,2024-05-04,,11,21.2,VEND008,0
WRK02248,Drainage Project - Amritsar Rural,Drainage Project,Punjab,Amritsar,Amritsar Rural,30.0387,74.4376,2788185,2620893,87,94,2023-03-09,2024-03-30,,3,12.8,VEND006,0
WRK00451,Community Hall - Cuttack Urban,Community Hall,Odisha,Cuttack,Cuttack Urban,20.0195,84.0452,13892441,1806017,18,13,2023-06-08,2024-01-25,,5,17.5,VEND141,0
WRK03210,Irrigation Canal - Cuttack East,Irrigation Canal,Odisha,Cuttack,Cuttack East,21.1786,84.2536,3545579,1772789,42,50,2024-08-30,2025-09-15,,9,23.2,VEND182,0
WRK01020,Drainage Project - Pune South,Drainage Project,Maharashtra,Pune,Pune South,19.4852,74.892,445215,97947,23,22,2023-02-09,2023-07-20,,6,25.3,VEND371,0
WRK01561,Streetlight Installation - Belagavi East,Streetlight Installation,Karnataka,Belagavi,Belagavi East,16.301,75.9002,17585571,16178725,22,92,2024-01-02,2025-02-04,,2,72.7,VEND092,1
WRK02960,Drainage Project - Bhubaneswar South,Drainage Project,Odisha,Bhubaneswar,Bhubaneswar South,20.3089,85.8874,6548787,4322199,60,66,2024-01-29,2025-03-18,,6,36.6,VEND331,0
WRK01980,Streetlight Installation - Bengaluru Urban Rural,Streetlight Installation,Karnataka,Bengaluru Urban,Bengaluru Urban Rural,15.6212,76.6951,2132218,2132218,14,100,2022-11-29,2024-04-30,,5,46.3,VEND396,1
WRK00697,School Building - Patna Urban,School Building,Bihar,Patna,Patna Urban,27.0381,85.9329,20375706,19153163,93,94,2022-09-27,2023-10-21,,12,38.7,VEND251,0
WRK01742,Anganwadi Centre - Gwalior South,Anganwadi Centre,Madhya Pradesh,Gwalior,Gwalior South,24.0922,79.3635,19410546,3105687,20,16,2022-12-29,2023-07-27,,12,43.0,VEND172,0
WRK03719,School Building - Madurai South,School Building,Tamil Nadu,Madurai,Madurai South,10.9243,78.6359,1888645,169978,3,9,2022-04-23,2022-12-29,,5,40.1,VEND130,0
WRK00812,Water Supply Scheme - Salem North,Water Supply Scheme,Tamil Nadu,Salem,Salem North,11.3166,78.3783,6490596,4932852,81,76,2024-01-03,2024-05-13,,4,26.1,VEND306,0
WRK03701,Streetlight Installation - Thiruvananthapuram South,Streetlight Installation,Kerala,Thiruvananthapuram,Thiruvananthapuram South,11.665,76.2768,2634036,2265270,25,86,2023-04-12,2024-06-09,,2,49.8,VEND124,1
WRK03285,Irrigation Canal - Madurai North,Irrigation Canal,Tamil Nadu,Madurai,Madurai North,10.8939,78.8736,458287,59577,17,13,2023-05-29,2024-08-20,,10,37.1,VEND113,0
WRK03963,Anganwadi Centre - Panipat Central,Anganwadi Centre,Haryana,Panipat,Panipat Central,28.7049,76.982,22625001,10860000,46,48,2023-08-21,2024-09-19,,7,27.3,VEND005,0
WRK00911,Drainage Project - Silchar South,Drainage Project,Assam,Silchar,Silchar South,26.4813,92.0744,8897779,1868533,26,21,2024-04-29,2025-06-06,,8,35.4,VEND073,0
WRK01522,Irrigation Canal - Kanpur East,Irrigation Canal,Uttar Pradesh,Kanpur,Kanpur East,27.7105,82.0175,1870805,187080,2,10,2022-07-15,2023-04-11,,7,29.9,VEND100,0
WRK01050,Drainage Project - Lucknow Central,Drainage Project,Uttar Pradesh,Lucknow,Lucknow Central,27.5362,81.7208,10525501,10525501,98,100,2022-09-30,2023-04-19,,11,24.3,VEND385,0
WRK00506,Water Supply Scheme - Patiala South,Water Supply Scheme,Punjab,Patiala,Patiala South,31.7725,74.1169,17271265,14507862,77,84,2022-10-22,2023-05-10,,4,37.8,VEND253,0
WRK03800,School Building - Thrissur South,School Building,Kerala,Thrissur,Thrissur South,11.0249,75.1613,21838992,21838992,99,100,2022-08-10,2023-02-09,,4,30.0,VEND325,0
WRK03304,Road Construction - Salem North,Road Construction,Tamil Nadu,Salem,Salem North,12.2483,78.3001,970200,659736,73,68,2023-08-13,2024-12-17,,4,44.6,VEND062,0
WRK00406,Streetlight Installation - Darjeeling Urban,Streetlight Installation,West Bengal,Darjeeling,Darjeeling Urban,23.8461,87.0605,14201736,2130260,20,15,2023-05-27,2024-03-16,,6,15.4,VEND114,0
WRK03641,Streetlight Installation - Hyderabad Urban,Streetlight Installation,Telangana,Hyderabad,Hyderabad Urban,17.2997,79.4724,482141,19285,3,4,2023-07-30,2024-06-11,,5,31.7,VEND375,0
WRK02366,Community Hall - Gurugram West,Community Hall,Haryana,Gurugram,Gurugram West,28.6566,77.1748,12778237,12778237,98,100,2023-03-29,2024-08-15,,10,20.5,VEND261,0
WRK00184,Health Sub-Centre - Guwahati Rural,Health Sub-Centre,Assam,Guwahati,Guwahati Rural,26.3787,93.7204,16967645,13913468,78,82,2023-06-06,2024-08-22,,4,12.8,VEND176,0
WRK03169,Health Sub-Centre - Silchar Urban,Health Sub-Centre,Assam,Silchar,Silchar Urban,26.4609,92.0664,16869282,16869282,14,100,2024-01-12,2024-06-12,,3,75.9,VEND090,1
WRK03850,School Building - Bhagalpur West,School Building,Bihar,Bhagalpur,Bhagalpur West,26.8682,84.4547,494368,187859,38,38,2022-11-22,2024-02-26,,3,39.8,VEND277,0
WRK01877,Health Sub-Centre - Silchar Urban,Health Sub-Centre,Assam,Silchar,Silchar Urban,25.1195,92.3444,11842274,5329023,44,45,2023-12-18,2024-11-03,,9,33.0,VEND127,0
WRK01718,Road Construction - Solapur Central,Road Construction,Maharashtra,Solapur,Solapur Central,18.8131,74.5302,6685887,3810955,61,57,2023-02-08,2023-11-16,,10,13.7,VEND231,0
WRK00610,Streetlight Installation - Faridabad West,Streetlight Installation,Haryana,Faridabad,Faridabad West,29.1973,75.6908,16219362,14273038,94,88,2023-11-11,2024-03-30,,7,32.6,VEND234,0
WRK02675,Road Construction - Darjeeling East,Road Construction,West Bengal,Darjeeling,Darjeeling East,22.8063,86.6492,17468724,17468724,0,100,2022-04-11,2023-09-27,,3,71.0,VEND194,1
WRK02034,Community Hall - Madurai East,Community Hall,Tamil Nadu,Madurai,Madurai East,10.7298,77.8114,16708340,7518753,53,45,2023-09-07,2024-11-26,,5,29.1,VEND203,0
WRK02534,Road Construction - Patna South,Road Construction,Bihar,Patna,Patna South,26.9748,84.7811,921854,129059,20,14,2024-06-11,2025-07-30,,8,26.7,VEND029,0
WRK02327,Water Supply Scheme - Amritsar North,Water Supply Scheme,Punjab,Amritsar,Amritsar North,30.5991,74.4473,486560,72984,23,15,2022-12-01,2024-03-16,,12,13.3,VEND353,0
WRK01969,Drainage Project - Faridabad West,Drainage Project,Haryana,Faridabad,Faridabad West,29.9179,76.1977,535624,166043,33,31,2022-07-09,2023-08-18,,10,44.3,VEND341,0
WRK02679,School Building - Vadodara East,School Building,Gujarat,Vadodara,Vadodara East,23.1848,70.6842,1989799,1751023,92,88,2023-10-02,2025-01-28,,6,37.6,VEND278,0
WRK00021,Road Construction - Howrah South,Road Construction,West Bengal,Howrah,Howrah South,23.7401,87.6787,412711,177465,50,43,2024-03-19,2025-05-06,,5,31.1,VEND314,0
WRK02219,School Building - Aurangabad Urban,School Building,Maharashtra,Aurangabad,Aurangabad Urban,19.7809,74.8452,3598679,2411114,66,67,2022-04-12,2023-09-11,,8,11.4,VEND233,0
WRK01426,Streetlight Installation - Kozhikode North,Streetlight Installation,Kerala,Kozhikode,Kozhikode North,11.9957,75.1799,567275,243928,38,43,2023-02-10,2024-06-22,,3,10.9,VEND146,0
WRK02950,Public Toilet Complex - Surat South,Public Toilet Complex,Gujarat,Surat,Surat South,21.883,70.708,15459094,9275456,68,60,2022-11-08,2023-09-27,,9,11.7,VEND046,0
WRK03088,Health Sub-Centre - Thrissur South,Health Sub-Centre,Kerala,Thrissur,Thrissur South,11.8333,76.028,2381793,1524347,59,64,2023-05-08,2024-08-04,,4,13.6,VEND187,0
WRK01591,Community Hall - Surat West,Community Hall,Gujarat,Surat,Surat West,21.9623,70.7417,4209671,3662413,81,87,2023-06-08,2024-05-22,,7,32.5,VEND077,0
WRK02225,Community Hall - Muzaffarpur Urban,Community Hall,Bihar,Muzaffarpur,Muzaffarpur Urban,25.8028,84.7396,7433531,2007053,26,27,2023-11-08,2024-10-05,,5,34.4,VEND356,0
WRK00328,Public Toilet Complex - Ludhiana North,Public Toilet Complex,Punjab,Ludhiana,Ludhiana North,31.5547,76.0214,816473,449060,55,55,2024-01-13,2024-11-09,,8,19.5,VEND051,0
WRK02755,Anganwadi Centre - Jalandhar Urban,Anganwadi Centre,Punjab,Jalandhar,Jalandhar Urban,32.2991,75.2898,4867393,3504522,73,72,2023-05-24,2024-09-17,,10,22.0,VEND024,0
WRK03271,Water Supply Scheme - Kozhikode Central,Water Supply Scheme,Kerala,Kozhikode,Kozhikode Central,10.221,75.7423,1129192,813018,70,72,2024-03-03,2025-01-08,,7,22.5,VEND058,0
WRK02519,Water Supply Scheme - Jabalpur East,Water Supply Scheme,Madhya Pradesh,Jabalpur,Jabalpur East,22.997,77.7719,4732987,1751205,41,37,2022-11-14,2023-04-25,,11,23.5,VEND024,0
WRK01875,Road Construction - Gwalior Rural,Road Construction,Madhya Pradesh,Gwalior,Gwalior Rural,22.715,79.1716,17507080,6827761,44,39,2022-10-01,2023-08-05,,5,28.5,VEND237,0
WRK02538,Drainage Project - Silchar Central,Drainage Project,Assam,Silchar,Silchar Central,25.5459,91.7075,8434429,4385903,47,52,2024-01-23,2025-02-08,,6,41.9,VEND043,0
WRK03965,Road Construction - Asansol West,Road Construction,West Bengal,Asansol,Asansol West,23.8838,88.4981,5552097,4719282,86,85,2024-05-06,2025-07-15,,9,27.2,VEND389,0
WRK03767,Public Toilet Complex - Jabalpur West,Public Toilet Complex,Madhya Pradesh,Jabalpur,Jabalpur West,22.656,78.2243,900444,828408,86,92,2022-12-30,2024-03-09,,10,38.6,VEND015,0
WRK00267,Road Construction - Gurugram South,Road Construction,Haryana,Gurugram,Gurugram South,27.9264,75.0125,4959562,1190294,32,24,2023-12-29,2025-05-23,,10,27.4,VEND256,0
WRK01891,Water Supply Scheme - Gurugram East,Water Supply Scheme,Haryana,Gurugram,Gurugram East,27.8593,76.7446,4123215,659714,20,16,2022-10-13,2023-09-06,,3,40.0,VEND100,0
WRK02664,Health Sub-Centre - Mumbai South,Health Sub-Centre,Maharashtra,Mumbai,Mumbai South,19.8423,74.9498,7935268,2777343,31,35,2023-12-14,2025-06-03,,7,22.8,VEND348,0
WRK01757,Drainage Project - Hyderabad North,Drainage Project,Telangana,Hyderabad,Hyderabad North,18.655,78.8614,2764037,608088,19,22,2023-03-07,2023-07-28,,11,33.2,VEND207,0
WRK03565,Community Hall - Gurugram Rural,Community Hall,Haryana,Gurugram,Gurugram Rural,28.3915,75.1437,6991825,3705667,60,53,2023-05-20,2024-08-04,,5,25.9,VEND161,0
WRK02179,School Building - Tiruchirappalli South,School Building,Tamil Nadu,Tiruchirappalli,Tiruchirappalli South,10.5053,79.6942,905402,787699,88,87,2022-06-04,2023-04-01,,8,22.4,VEND163,0
WRK00866,Health Sub-Centre - Lucknow West,Health Sub-Centre,Uttar Pradesh,Lucknow,Lucknow West,27.9599,81.5881,5495677,4946109,86,90,2022-12-11,2024-05-29,,9,24.0,VEND051,0
WRK03928,School Building - Vellore East,School Building,Tamil Nadu,Vellore,Vellore East,10.7201,78.0648,1055551,42222,11,4,2024-06-25,2025-01-18,,4,27.5,VEND067,0
WRK03411,Drainage Project - Solapur Urban,Drainage Project,Maharashtra,Solapur,Solapur Urban,18.7374,75.5402,19837055,2777187,19,14,2022-05-17,2023-10-06,,4,24.9,VEND272,0
WRK03845,Irrigation Canal - Cuttack Central,Irrigation Canal,Odisha,Cuttack,Cuttack Central,21.4057,85.7926,438550,232431,60,53,2024-03-29,2024-10-19,,7,26.4,VEND099,0
WRK00490,Community Hall - Faridabad Urban,Community Hall,Haryana,Faridabad,Faridabad Urban,27.8698,75.2005,19101388,5730416,37,30,2023-09-18,2024-08-21,,11,12.7,VEND024,0
WRK03645,Drainage Project - Gwalior South,Drainage Project,Madhya Pradesh,Gwalior,Gwalior South,24.4287,79.7421,2726265,545253,17,20,2024-06-26,2025-06-17,,7,16.4,VEND178,0
WRK00607,Streetlight Installation - Aurangabad West,Streetlight Installation,Maharashtra,Aurangabad,Aurangabad West,18.6863,75.8021,8924752,4194633,49,47,2024-04-30,2024-10-02,,5,40.5,VEND159,0
WRK03266,Water Supply Scheme - Gaya Urban,Water Supply Scheme,Bihar,Gaya,Gaya Urban,25.4718,83.9466,17096543,5641859,27,33,2024-05-24,2025-01-25,,3,11.0,VEND056,0
WRK03213,Anganwadi Centre - Silchar East,Anganwadi Centre,Assam,Silchar,Silchar East,25.1888,92.7228,8402880,7142448,77,85,2023-11-25,2025-03-24,,7,16.1,VEND257,0
WRK02465,School Building - Siliguri Urban,School Building,West Bengal,Siliguri,Siliguri Urban,22.4631,87.8767,432379,121066,23,28,2024-02-13,2024-08-07,,9,35.2,VEND291,0
WRK03733,Anganwadi Centre - Bhubaneswar West,Anganwadi Centre,Odisha,Bhubaneswar,Bhubaneswar West,20.0943,84.1134,992777,307760,34,31,2023-08-16,2024-08-16,,6,31.9,VEND163,0
WRK03549,Public Toilet Complex - Howrah North,Public Toilet Complex,West Bengal,Howrah,Howrah North,22.9228,87.8259,1847744,702142,32,38,2023-06-16,2024-05-27,,4,40.3,VEND071,0
WRK01739,Irrigation Canal - Thiruvananthapuram Urban,Irrigation Canal,Kerala,Thiruvananthapuram,Thiruvananthapuram Urban,10.3991,75.2999,537671,80650,9,15,2023-04-13,2023-10-21,,8,21.7,VEND161,0
WRK00153,Water Supply Scheme - Bhagalpur North,Water Supply Scheme,Bihar,Bhagalpur,Bhagalpur North,25.5544,86.0461,500683,370505,74,74,2023-06-11,2024-09-06,,7,39.9,VEND217,0
WRK00890,School Building - Bengaluru Urban Urban,School Building,Karnataka,Bengaluru Urban,Bengaluru Urban Urban,16.1097,74.9073,3222474,1256764,47,39,2023-06-27,2024-11-18,,5,21.2,VEND358,0
WRK03918,Streetlight Installation - Jaipur Urban,Streetlight Installation,Rajasthan,Jaipur,Jaipur Urban,27.7992,74.6743,2277405,2277405,97,100,2023-12-25,2024-11-11,,12,31.2,VEND326,0
WRK02898,Irrigation Canal - Hubballi West,Irrigation Canal,Karnataka,Hubballi,Hubballi West,15.4898,75.0566,4038195,4038195,5,100,2022-11-14,2023-04-05,,5,73.8,VEND336,1
WRK02328,Irrigation Canal - Madurai West,Irrigation Canal,Tamil Nadu,Madurai,Madurai West,11.0834,78.0375,1011108,950441,97,94,2022-10-11,2023-06-04,,11,19.8,VEND071,0
WRK03083,Anganwadi Centre - Surat North,Anganwadi Centre,Gujarat,Surat,Surat North,22.7536,72.2841,2246768,1213254,50,54,2022-09-30,2024-02-02,,3,17.6,VEND098,0
WRK00270,Water Supply Scheme - Jalandhar North,Water Supply Scheme,Punjab,Jalandhar,Jalandhar North,29.908,75.2215,13723433,11802152,85,86,2024-08-22,2025-01-05,,8,42.2,VEND026,0
WRK00097,Anganwadi Centre - Bhubaneswar North,Anganwadi Centre,Odisha,Bhubaneswar,Bhubaneswar North,19.9836,85.4722,16410426,12964236,77,79,2024-02-03,2025-04-05,,11,40.8,VEND215,0
WRK02259,Irrigation Canal - Mangaluru Central,Irrigation Canal,Karnataka,Mangaluru,Mangaluru Central,15.3277,76.7646,9235142,2493488,24,27,2023-05-23,2023-12-19,,9,31.4,VEND303,0
WRK03581,Health Sub-Centre - Tirunelveli Rural,Health Sub-Centre,Tamil Nadu,Tirunelveli,Tirunelveli Rural,10.5204,78.0833,1076382,150693,10,14,2024-07-24,2025-09-18,,12,36.9,VEND097,0
WRK03825,Public Toilet Complex - Amritsar East,Public Toilet Complex,Punjab,Amritsar,Amritsar East,30.4787,74.6337,591714,526625,82,89,2024-04-18,2025-03-21,,10,41.0,VEND146,0
WRK02618,Public Toilet Complex - Gaya West,Public Toilet Complex,Bihar,Gaya,Gaya West,25.7058,83.9406,10184395,8962267,85,88,2023-09-21,2024-12-24,,3,13.1,VEND336,0
WRK00965,Public Toilet Complex - Udaipur Urban,Public Toilet Complex,Rajasthan,Udaipur,Udaipur Urban,26.0877,74.7638,423384,59273,6,14,2022-06-04,2023-09-02,,6,22.7,VEND102,0
WRK01800,Water Supply Scheme - Amritsar Rural,Water Supply Scheme,Punjab,Amritsar,Amritsar Rural,31.3082,75.1698,1198723,1078850,95,90,2024-05-07,2025-05-30,,4,24.8,VEND185,0
WRK00872,Irrigation Canal - Aurangabad Central,Irrigation Canal,Maharashtra,Aurangabad,Aurangabad Central,18.6614,74.7278,3483712,3483712,96,100,2023-01-26,2023-06-22,,5,24.1,VEND004,0
WRK01573,Health Sub-Centre - Silchar South,Health Sub-Centre,Assam,Silchar,Silchar South,26.7769,91.9832,867247,867247,100,100,2023-09-25,2024-11-29,2024-11-20,6,40.1,VEND259,0
WRK03615,School Building - Mumbai North,School Building,Maharashtra,Mumbai,Mumbai North,20.09,75.3909,5030969,4930349,26,98,2024-08-19,2025-09-11,,2,48.6,VEND080,1
WRK00533,Road Construction - Aurangabad West,Road Construction,Maharashtra,Aurangabad,Aurangabad West,19.5586,74.9695,13722827,3293478,27,24,2023-02-07,2023-10-30,,10,10.1,VEND281,0
WRK01068,Drainage Project - Cuttack Rural,Drainage Project,Odisha,Cuttack,Cuttack Rural,20.8521,84.1312,11949344,10037448,88,84,2022-09-06,2024-01-19,,5,31.3,VEND197,0
WRK03405,Irrigation Canal - Silchar Urban,Irrigation Canal,Assam,Silchar,Silchar Urban,26.3183,91.7032,17759474,7636573,49,43,2023-02-11,2024-04-13,,10,16.3,VEND186,0
WRK01100,Anganwadi Centre - Mumbai Rural,Anganwadi Centre,Maharashtra,Mumbai,Mumbai Rural,18.7795,75.1102,3048334,1676583,62,55,2023-06-12,2024-04-29,,11,12.1,VEND263,0
WRK02761,School Building - Bhubaneswar North,School Building,Odisha,Bhubaneswar,Bhubaneswar North,21.312,84.2708,7515848,1803803,18,24,2024-08-18,2026-01-11,,11,30.2,VEND308,0
WRK02126,Drainage Project - Bikaner West,Drainage Project,Rajasthan,Bikaner,Bikaner West,28.0317,73.9154,21973946,6592183,31,30,2023-05-19,2024-09-15,,12,40.2,VEND120,0
WRK02312,Anganwadi Centre - Patna South,Anganwadi Centre,Bihar,Patna,Patna South,25.6533,85.2712,3590039,1759119,53,49,2022-07-15,2024-01-01,,7,29.0,VEND016,0
WRK00716,Streetlight Installation - Solapur South,Streetlight Installation,Maharashtra,Solapur,Solapur South,19.9245,74.6754,6441694,1288338,15,20,2024-02-11,2024-10-24,,10,29.3,VEND350,0
WRK02198,Anganwadi Centre - Kalaburagi Rural,Anganwadi Centre,Karnataka,Kalaburagi,Kalaburagi Rural,14.1229,75.4669,4132580,2686177,60,65,2024-07-29,2024-12-24,,5,23.7,VEND112,0
WRK03933,Drainage Project - Surat West,Drainage Project,Gujarat,Surat,Surat West,21.9481,71.2541,2102605,2060552,95,98,2023-10-26,2025-04-13,,5,21.6,VEND088,0
WRK01539,Streetlight Installation - Thiruvananthapuram Rural,Streetlight Installation,Kerala,Thiruvananthapuram,Thiruvananthapuram Rural,10.2077,76.9289,2097842,1342618,60,64,2024-04-12,2025-06-26,,3,44.4,VEND290,0
WRK03941,Water Supply Scheme - Cuttack Rural,Water Supply Scheme,Odisha,Cuttack,Cuttack Rural,21.2747,85.8209,5851983,877797,7,15,2022-04-23,2023-01-06,,8,14.9,VEND204,0
WRK00470,School Building - Jabalpur North,School Building,Madhya Pradesh,Jabalpur,Jabalpur North,22.8571,79.628,2309539,184763,6,8,2023-10-23,2024-03-21,,6,26.5,VEND182,0
WRK00565,School Building - Nagpur East,School Building,Maharashtra,Nagpur,Nagpur East,20.5946,74.7702,6784791,271391,12,4,2024-01-02,2025-03-17,,10,25.1,VEND013,0
WRK01799,Water Supply Scheme - Amritsar South,Water Supply Scheme,Punjab,Amritsar,Amritsar South,30.2653,75.7001,3102933,341322,11,11,2022-05-31,2023-02-04,,7,27.1,VEND143,0
WRK00462,Irrigation Canal - Nagpur South,Irrigation Canal,Maharashtra,Nagpur,Nagpur South,18.5503,74.6972,459088,156089,36,34,2024-07-25,2025-05-08,,4,24.5,VEND094,0
WRK01278,School Building - Erode Urban,School Building,Tamil Nadu,Erode,Erode Urban,11.5002,78.6263,2464538,640779,25,26,2024-04-30,2024-12-11,,6,41.0,VEND156,0
WRK02945,Road Construction - Solapur South,Road Construction,Maharashtra,Solapur,Solapur South,18.7622,76.7774,20022269,13014474,62,65,2022-06-24,2023-10-27,,7,22.8,VEND140,0
WRK01796,Public Toilet Complex - Indore North,Public Toilet Complex,Madhya Pradesh,Indore,Indore North,22.2505,77.4874,2315345,625143,19,27,2023-04-20,2024-06-24,,12,26.8,VEND089,0
WRK01870,Drainage Project - Thrissur West,Drainage Project,Kerala,Thrissur,Thrissur West,9.7728,75.616,19840148,17856133,85,90,2023-02-11,2024-03-15,,10,24.0,VEND294,0
WRK01394,Community Hall - Dibrugarh West,Community Hall,Assam,Dibrugarh,Dibrugarh West,25.7432,93.9508,9450582,8222006,85,87,2024-06-22,2025-03-27,,6,18.4,VEND077,0
WRK01346,Anganwadi Centre - Prayagraj West,Anganwadi Centre,Uttar Pradesh,Prayagraj,Prayagraj West,25.8668,79.773,3453299,1553984,43,45,2024-06-17,2025-07-10,,3,27.5,VEND316,0
WRK00696,Drainage Project - Udaipur Urban,Drainage Project,Rajasthan,Udaipur,Udaipur Urban,26.3358,74.5405,5292917,5292917,8,100,2022-08-28,2024-02-07,,2,43.9,VEND114,1
WRK01176,Streetlight Installation - Jaipur East,Streetlight Installation,Rajasthan,Jaipur,Jaipur East,27.729,73.2009,2309030,1547050,67,67,2024-05-09,2024-10-24,,3,40.8,VEND032,0
WRK01753,School Building - Panipat Urban,School Building,Haryana,Panipat,Panipat Urban,29.9827,75.2647,9795405,9795405,100,100,2023-08-30,2024-10-16,2024-11-05,8,34.5,VEND117,0
WRK00929,Health Sub-Centre - Hubballi South,Health Sub-Centre,Karnataka,Hubballi,Hubballi South,14.6292,75.0237,2699602,2699602,99,100,2023-09-06,2025-01-04,,12,34.9,VEND111,0
WRK03375,Road Construction - Nizamabad East,Road Construction,Telangana,Nizamabad,Nizamabad East,18.5967,78.9932,8823943,882394,15,10,2023-03-31,2024-01-17,,12,17.8,VEND296,0
WRK01215,Streetlight Installation - Ahmedabad Central,Streetlight Installation,Gujarat,Ahmedabad,Ahmedabad Central,21.4028,70.1889,544805,457636,79,84,2023-02-02,2024-07-02,,3,17.0,VEND173,0
WRK02635,School Building - Warangal West,School Building,Telangana,Warangal,Warangal West,17.2656,80.4798,912504,885128,97,97,2024-07-05,2025-09-26,,7,23.7,VEND340,0
WRK01373,Streetlight Installation - Mangaluru Urban,Streetlight Installation,Karnataka,Mangaluru,Mangaluru Urban,16.148,75.696,12354300,7165493,65,58,2023-06-18,2024-11-09,,11,35.5,VEND290,0
WRK00244,Public Toilet Complex - Gaya West,Public Toilet Complex,Bihar,Gaya,Gaya West,24.8638,85.909,3262855,1533541,40,47,2024-03-27,2024-09-13,,12,28.6,VEND096,0
WRK03866,Health Sub-Centre - Kochi South,Health Sub-Centre,Kerala,Kochi,Kochi South,11.1728,76.1722,14947605,9118039,57,61,2022-10-09,2024-02-05,,5,22.6,VEND336,0
WRK03160,Drainage Project - Patna East,Drainage Project,Bihar,Patna,Patna East,24.9486,84.2086,9461004,5298162,53,56,2023-05-31,2024-09-22,,11,30.3,VEND071,0
WRK02800,Community Hall - Gwalior Rural,Community Hall,Madhya Pradesh,Gwalior,Gwalior Rural,22.9465,78.168,589834,513155,15,87,2024-05-21,2024-10-14,,4,46.2,VEND099,1
WRK01680,Drainage Project - Hubballi South,Drainage Project,Karnataka,Hubballi,Hubballi South,15.5589,75.4681,6895492,4551024,73,66,2023-11-30,2024-12-29,,11,28.9,VEND374,0
WRK03352,Streetlight Installation - Rourkela North,Streetlight Installation,Odisha,Rourkela,Rourkela North,21.8184,84.5126,1679215,403011,19,24,2022-10-30,2024-03-14,,7,20.6,VEND387,0
WRK03851,Community Hall - Prayagraj Rural,Community Hall,Uttar Pradesh,Prayagraj,Prayagraj Rural,27.6852,80.6956,921010,211832,31,23,2022-07-13,2023-08-15,,4,23.8,VEND380,0
WRK03491,School Building - Bhopal South,School Building,Madhya Pradesh,Bhopal,Bhopal South,24.3427,79.7959,8191317,5160529,64,63,2023-07-07,2024-08-13,,9,38.1,VEND132,0
WRK01313,Streetlight Installation - Dibrugarh South,Streetlight Installation,Assam,Dibrugarh,Dibrugarh South,25.2295,92.7059,19885074,1789656,14,9,2024-07-06,2025-10-27,,5,14.9,VEND380,0
WRK00649,Water Supply Scheme - Warangal Urban,Water Supply Scheme,Telangana,Warangal,Warangal Urban,16.806,79.1203,5480952,1644285,26,30,2023-01-01,2024-05-18,,7,10.2,VEND087,0
WRK03239,Water Supply Scheme - Rourkela West,Water Supply Scheme,Odisha,Rourkela,Rourkela West,20.6886,85.5914,909129,672755,80,74,2023-10-29,2025-02-23,,10,14.0,VEND264,0
WRK02644,Water Supply Scheme - Asansol West,Water Supply Scheme,West Bengal,Asansol,Asansol West,24.0244,87.6931,3486093,418331,6,12,2024-04-20,2024-08-22,,6,19.8,VEND389,0
WRK00314,Drainage Project - Prayagraj Central,Drainage Project,Uttar Pradesh,Prayagraj,Prayagraj Central,26.0889,79.9188,16625531,12635403,73,76,2023-05-26,2024-06-28,,3,44.2,VEND291,0
WRK02982,Community Hall - Varanasi East,Community Hall,Uttar Pradesh,Varanasi,Varanasi East,26.5189,80.9634,16132296,3065136,26,19,2024-01-05,2025-04-16,,5,44.5,VEND217,0
WRK00156,School Building - Gaya Urban,School Building,Bihar,Gaya,Gaya Urban,26.6349,85.6958,2651219,1431658,57,54,2024-05-05,2024-12-28,,4,17.5,VEND206,0
WRK03429,Public Toilet Complex - Vadodara Rural,Public Toilet Complex,Gujarat,Vadodara,Vadodara Rural,21.8654,71.9939,5467376,4100532,70,75,2024-03-18,2025-01-14,,4,35.7,VEND269,0
WRK03454,Road Construction - Bhopal North,Road Construction,Madhya Pradesh,Bhopal,Bhopal North,24.5796,78.6749,1789851,1270794,67,71,2024-09-01,2026-01-05,,4,38.0,VEND197,0
WRK01304,Drainage Project - Udaipur North,Drainage Project,Rajasthan,Udaipur,Udaipur North,25.9798,73.2548,22149977,9745989,49,44,2024-03-18,2025-03-15,,9,34.1,VEND318,0
WRK01151,Road Construction - Cuttack Rural,Road Construction,Odisha,Cuttack,Cuttack Rural,20.239,83.966,13527243,2029086,23,15,2022-11-08,2023-12-23,,8,13.5,VEND212,0
WRK03048,Community Hall - Indore Urban,Community Hall,Madhya Pradesh,Indore,Indore Urban,23.2019,79.0842,2396438,1749399,53,73,2024-07-14,2024-11-29,,1,97.9,VEND038,1
WRK03780,Streetlight Installation - Bhagalpur East,Streetlight Installation,Bihar,Bhagalpur,Bhagalpur East,26.7843,85.033,10718563,7288622,62,68,2024-01-29,2024-12-19,,9,42.6,VEND243,0
WRK01802,Water Supply Scheme - Panipat Rural,Water Supply Scheme,Haryana,Panipat,Panipat Rural,28.7475,76.3505,1173059,258072,16,22,2022-11-11,2023-05-17,,10,22.6,VEND066,0
WRK01047,Public Toilet Complex - Mysuru Rural,Public Toilet Complex,Karnataka,Mysuru,Mysuru Rural,14.6096,74.7928,817998,319019,37,39,2023-04-14,2024-01-14,,10,33.6,VEND016,0
WRK01641,Community Hall - Vellore Rural,Community Hall,Tamil Nadu,Vellore,Vellore Rural,10.7454,79.4558,425123,408118,19,96,2023-03-07,2023-08-14,,4,59.7,VEND103,1
WRK03738,Road Construction - Tirunelveli South,Road Construction,Tamil Nadu,Tirunelveli,Tirunelveli South,10.1802,78.3969,17945504,12382397,71,69,2023-10-26,2024-12-09,,4,29.5,VEND114,0
WRK01307,Public Toilet Complex - Tirunelveli East,Public Toilet Complex,Tamil Nadu,Tirunelveli,Tirunelveli East,11.9256,78.0298,478652,263258,57,55,2024-06-04,2025-09-27,,12,24.4,VEND006,0
WRK01928,Public Toilet Complex - Mysuru Rural,Public Toilet Complex,Karnataka,Mysuru,Mysuru Rural,14.639,75.7005,5578081,278904,5,5,2024-05-18,2024-10-05,,12,28.7,VEND115,0
WRK01496,Drainage Project - Ludhiana Urban,Drainage Project,Punjab,Ludhiana,Ludhiana Urban,31.9965,74.6675,938105,234526,27,25,2022-12-01,2023-07-13,,8,16.8,VEND270,0
WRK03811,Health Sub-Centre - Kota South,Health Sub-Centre,Rajasthan,Kota,Kota South,28.0719,75.2093,20516571,13540936,71,66,2023-02-23,2023-11-28,,7,26.4,VEND050,0
WRK03440,Road Construction - Indore Rural,Road Construction,Madhya Pradesh,Indore,Indore Rural,23.8462,78.7446,17610459,15497203,84,88,2023-05-17,2024-04-06,,3,41.1,VEND279,0
WRK00026,Drainage Project - Kolkata East,Drainage Project,West Bengal,Kolkata,Kolkata East,23.2274,87.3545,3489079,1395631,43,40,2022-07-17,2022-12-21,,9,15.6,VEND039,0
WRK02245,School Building - Erode Central,School Building,Tamil Nadu,Erode,Erode Central,10.743,79.3488,2770633,2077974,27,75,2024-04-06,2025-06-07,,2,82.2,VEND068,1
WRK03137,Road Construction - Aurangabad East,Road Construction,Maharashtra,Aurangabad,Aurangabad East,19.7257,74.6975,8837679,1944289,28,22,2024-04-15,2024-11-16,,5,42.5,VEND350,0
WRK00016,Community Hall - Tiruchirappalli Central,Community Hall,Tamil Nadu,Tiruchirappalli,Tiruchirappalli Central,10.5512,79.389,18247476,9671162,61,53,2022-04-21,2023-05-15,,8,42.1,VEND104,0
WRK03539,Drainage Project - Pune Central,Drainage Project,Maharashtra,Pune,Pune Central,20.0665,74.7911,2696609,2265151,80,84,2022-04-11,2022-10-26,,12,36.6,VEND285,0
WRK01322,Public Toilet Complex - Mumbai West,Public Toilet Complex,Maharashtra,Mumbai,Mumbai West,19.638,75.0419,5991021,1198204,21,20,2022-06-14,2023-07-28,,9,39.4,VEND186,0
WRK00884,Health Sub-Centre - Kolkata South,Health Sub-Centre,West Bengal,Kolkata,Kolkata South,23.6306,88.3162,20032030,5809288,26,29,2023-08-26,2024-09-06,,11,23.7,VEND033,0
WRK02670,School Building - Faridabad Urban,School Building,Haryana,Faridabad,Faridabad Urban,30.0345,76.2963,9513141,2663679,20,28,2023-07-07,2024-02-21,,4,39.5,VEND073,0
WRK01361,Public Toilet Complex - Salem West,Public Toilet Complex,Tamil Nadu,Salem,Salem West,10.0212,78.7135,23670974,21303876,86,90,2024-06-27,2025-07-02,,11,29.0,VEND207,0
WRK01845,Road Construction - Rajkot North,Road Construction,Gujarat,Rajkot,Rajkot North,22.8247,70.9088,9825267,1277284,5,13,2023-10-17,2024-10-06,,5,23.6,VEND255,0
WRK03099,Public Toilet Complex - Solapur Rural,Public Toilet Complex,Maharashtra,Solapur,Solapur Rural,20.4134,75.2243,1103572,971143,90,88,2022-11-23,2023-03-24,,7,33.9,VEND328,0
WRK01613,Road Construction - Patiala North,Road Construction,Punjab,Patiala,Patiala North,30.7921,74.1425,12130200,4366872,35,36,2022-10-24,2023-03-01,,6,42.3,VEND331,0
WRK03116,Irrigation Canal - Rajkot Central,Irrigation Canal,Gujarat,Rajkot,Rajkot Central,22.3282,70.7695,6640507,730455,13,11,2024-08-21,2025-02-02,,10,44.6,VEND281,0
WRK00498,Public Toilet Complex - Agra Urban,Public Toilet Complex,Uttar Pradesh,Agra,Agra Urban,27.3656,82.096,8456208,3720731,38,44,2022-10-13,2023-03-26,,5,26.6,VEND012,0
WRK02841,Water Supply Scheme - Bikaner West,Water Supply Scheme,Rajasthan,Bikaner,Bikaner West,28.1264,73.7648,2107261,295016,18,14,2022-09-24,2023-06-14,,11,19.8,VEND278,0
WRK03013,Health Sub-Centre - Kolkata South,Health Sub-Centre,West Bengal,Kolkata,Kolkata South,21.7246,86.6532,5596989,2518645,43,45,2024-07-16,2025-04-10,,3,33.0,VEND176,0
WRK00516,Road Construction - Nizamabad East,Road Construction,Telangana,Nizamabad,Nizamabad East,19.0509,78.6479,8792390,7913151,98,90,2023-06-28,2024-01-08,,11,43.0,VEND044,0
WRK03956,Water Supply Scheme - Prayagraj East,Water Supply Scheme,Uttar Pradesh,Prayagraj,Prayagraj East,27.0292,81.4393,19134554,15307643,74,80,2023-07-09,2024-10-27,,6,11.9,VEND299,0
WRK03634,Health Sub-Centre - Thrissur West,Health Sub-Centre,Kerala,Thrissur,Thrissur West,10.7744,76.952,1671769,1053214,69,63,2023-12-31,2024-09-28,,11,15.1,VEND096,0
WRK01479,Anganwadi Centre - Thiruvananthapuram East,Anganwadi Centre,Kerala,Thiruvananthapuram,Thiruvananthapuram East,9.9506,76.9752,1924157,1327668,64,69,2023-07-25,2023-12-12,,10,10.9,VEND307,0
WRK01412,Drainage Project - Madurai South,Drainage Project,Tamil Nadu,Madurai,Madurai South,11.0136,77.7199,491015,181675,37,37,2022-09-21,2023-12-21,,9,15.7,VEND219,0
WRK01096,Water Supply Scheme - Kota Urban,Water Supply Scheme,Rajasthan,Kota,Kota Urban,26.9458,74.4443,960584,345810,38,36,2022-09-02,2023-10-28,,11,13.1,VEND126,0
WRK00543,Irrigation Canal - Amritsar North,Irrigation Canal,Punjab,Amritsar,Amritsar North,31.4747,74.4116,5119511,0,3,0,2023-02-28,2023-09-28,,7,23.6,VEND164,0
WRK02505,Water Supply Scheme - Hyderabad Rural,Water Supply Scheme,Telangana,Hyderabad,Hyderabad Rural,18.5952,80.0731,2418883,2176994,84,90,2022-07-09,2023-02-27,,7,42.6,VEND123,0
WRK00634,Road Construction - Jodhpur West,Road Construction,Rajasthan,Jodhpur,Jodhpur West,27.0801,75.0879,5491720,329503,8,6,2022-06-06,2023-06-12,,3,32.2,VEND073,0
WRK00432,Road Construction - Nizamabad Central,Road Construction,Telangana,Nizamabad,Nizamabad Central,17.2581,78.4919,2927414,1375884,43,47,2024-05-23,2025-08-06,,4,25.0,VEND183,0
WRK02676,Public Toilet Complex - Rourkela South,Public Toilet Complex,Odisha,Rourkela,Rourkela South,20.0881,84.6853,14163197,10055869,78,71,2023-08-20,2024-09-27,,6,36.1,VEND159,0
WRK03726,Streetlight Installation - Rourkela East,Streetlight Installation,Odisha,Rourkela,Rourkela East,21.8893,86.1241,22806243,2508686,14,11,2024-04-20,2025-05-04,,10,35.4,VEND372,0
WRK00729,Irrigation Canal - Gurugram South,Irrigation Canal,Haryana,Gurugram,Gurugram South,28.4024,76.1538,1062652,775735,75,73,2022-08-02,2022-12-21,,6,34.7,VEND051,0
WRK01289,Community Hall - Salem Urban,Community Hall,Tamil Nadu,Salem,Salem Urban,11.5006,78.445,10876980,5329720,57,49,2022-11-27,2024-03-14,,3,40.6,VEND223,0
WRK02258,Anganwadi Centre - Aurangabad Central,Anganwadi Centre,Maharashtra,Aurangabad,Aurangabad Central,19.9002,74.6477,16322496,7834798,52,48,2022-10-06,2023-04-28,,3,23.4,VEND204,0
WRK00317,Public Toilet Complex - Ludhiana Rural,Public Toilet Complex,Punjab,Ludhiana,Ludhiana Rural,31.009,74.103,8500743,2720237,39,32,2024-06-26,2025-08-16,,8,28.7,VEND006,0
WRK01921,Anganwadi Centre - Gurugram West,Anganwadi Centre,Haryana,Gurugram,Gurugram West,28.5847,76.2561,437186,100552,26,23,2024-01-10,2025-04-10,,12,35.9,VEND213,0
WRK02562,Irrigation Canal - Jabalpur West,Irrigation Canal,Madhya Pradesh,Jabalpur,Jabalpur West,23.5905,77.8855,20037128,14827474,71,74,2022-08-15,2022-12-25,,9,19.8,VEND367,0
WRK01338,School Building - Jaipur North,School Building,Rajasthan,Jaipur,Jaipur North,25.9377,74.3999,6885577,4819903,70,70,2023-01-10,2023-07-04,,5,37.4,VEND381,0
WRK03607,Health Sub-Centre - Ludhiana East,Health Sub-Centre,Punjab,Ludhiana,Ludhiana East,30.5758,74.1477,408261,371517,84,91,2023-08-07,2024-11-23,,10,37.3,VEND289,0
WRK02878,School Building - Kochi East,School Building,Kerala,Kochi,Kochi East,10.1476,75.7617,4702287,1833891,44,39,2022-11-05,2023-07-01,,6,31.4,VEND039,0
WRK00320,Drainage Project - Aurangabad North,Drainage Project,Maharashtra,Aurangabad,Aurangabad North,20.4141,75.2449,402324,285650,79,71,2024-07-07,2025-11-16,,7,27.0,VEND065,0
WRK01032,Drainage Project - Panipat Central,Drainage Project,Haryana,Panipat,Panipat Central,29.5711,75.6651,2724772,2288808,78,84,2022-10-20,2023-11-07,,9,11.7,VEND145,0
WRK03466,Irrigation Canal - Rajkot West,Irrigation Canal,Gujarat,Rajkot,Rajkot West,23.1966,70.8702,4921327,3641781,74,74,2022-12-22,2024-06-13,,10,36.1,VEND179,0
WRK02026,Anganwadi Centre - Gurugram Central,Anganwadi Centre,Haryana,Gurugram,Gurugram Central,29.6456,75.8722,2529692,252969,5,10,2023-11-10,2025-04-21,,10,24.1,VEND356,0
WRK02190,Anganwadi Centre - Rourkela Rural,Anganwadi Centre,Odisha,Rourkela,Rourkela Rural,21.6877,84.2093,21249168,9349633,38,44,2022-09-20,2024-02-09,,5,29.3,VEND097,0
WRK01111,Streetlight Installation - Agra North,Streetlight Installation,Uttar Pradesh,Agra,Agra North,26.9605,80.5437,1057582,243243,25,23,2023-06-24,2024-05-13,,9,30.7,VEND064,0
WRK01889,Irrigation Canal - Hyderabad Central,Irrigation Canal,Telangana,Hyderabad,Hyderabad Central,18.0468,79.9498,578973,208430,33,36,2022-11-10,2023-04-14,,11,20.4,VEND133,0
WRK03551,Health Sub-Centre - Tirunelveli West,Health Sub-Centre,Tamil Nadu,Tirunelveli,Tirunelveli West,10.6951,78.601,8221359,2384194,30,29,2024-01-03,2024-06-22,,8,40.8,VEND281,0
WRK01528,Irrigation Canal - Mysuru Rural,Irrigation Canal,Karnataka,Mysuru,Mysuru Rural,15.7136,76.154,2658731,930555,43,35,2023-12-16,2024-11-22,,11,38.2,VEND076,0
WRK00754,Streetlight Installation - Gurugram East,Streetlight Installation,Haryana,Gurugram,Gurugram East,29.1442,76.6738,17376713,4691712,33,27,2024-02-07,2024-12-11,,3,40.2,VEND077,0
WRK03050,School Building - Darjeeling East,School Building,West Bengal,Darjeeling,Darjeeling East,23.9237,88.0479,5839206,2744426,42,47,2024-07-08,2025-05-06,,10,19.8,VEND119,0
WRK03288,Streetlight Installation - Jabalpur Urban,Streetlight Installation,Madhya Pradesh,Jabalpur,Jabalpur Urban,22.3873,78.9009,3187946,2295321,74,72,2022-04-22,2023-09-28,,7,11.0,VEND367,0
WRK02629,Road Construction - Amritsar Rural,Road Construction,Punjab,Amritsar,Amritsar Rural,31.8894,74.3616,21705752,15845198,75,73,2024-06-01,2024-12-10,,3,14.3,VEND375,0
WRK00563,Community Hall - Thiruvananthapuram Rural,Community Hall,Kerala,Thiruvananthapuram,Thiruvananthapuram Rural,11.2784,77.0147,10485377,6186372,53,59,2022-05-19,2023-02-05,,8,10.2,VEND100,0
WRK02447,Community Hall - Nizamabad East,Community Hall,Telangana,Nizamabad,Nizamabad East,17.3582,79.6143,16113617,10473851,58,65,2023-06-22,2024-11-07,,6,19.7,VEND294,0
WRK00669,Road Construction - Patna East,Road Construction,Bihar,Patna,Patna East,26.3967,84.0505,986787,276300,24,28,2023-11-26,2024-12-24,,9,21.2,VEND187,0
WRK03563,Community Hall - Guwahati South,Community Hall,Assam,Guwahati,Guwahati South,26.2593,93.5202,547298,87567,11,16,2022-10-24,2023-09-14,,8,21.9,VEND012,0
WRK00253,Road Construction - Mysuru South,Road Construction,Karnataka,Mysuru,Mysuru South,15.1704,74.9443,16550354,12909276,78,78,2024-05-20,2025-07-27,,12,29.8,VEND119,0
WRK02956,Health Sub-Centre - Aurangabad North,Health Sub-Centre,Maharashtra,Aurangabad,Aurangabad North,18.6032,74.7922,513262,251498,47,49,2023-10-01,2024-12-17,,4,12.7,VEND109,0
WRK02517,Water Supply Scheme - Gurugram West,Water Supply Scheme,Haryana,Gurugram,Gurugram West,29.9696,76.0662,11354003,8629042,72,76,2024-08-02,2025-08-12,,3,15.7,VEND085,0
WRK02963,Drainage Project - Faridabad Urban,Drainage Project,Haryana,Faridabad,Faridabad Urban,28.6792,74.8883,1702234,1344764,86,79,2022-11-15,2023-12-05,,5,31.5,VEND293,0
WRK00358,Water Supply Scheme - Panipat South,Water Supply Scheme,Haryana,Panipat,Panipat South,27.937,76.0748,2462036,1723425,62,70,2024-06-13,2024-10-25,,4,12.5,VEND121,0
WRK01279,Community Hall - Kota North,Community Hall,Rajasthan,Kota,Kota North,25.853,73.8591,9550780,3342773,27,35,2023-11-02,2024-07-08,,3,20.8,VEND111,0
WRK01301,Water Supply Scheme - Kolkata South,Water Supply Scheme,West Bengal,Kolkata,Kolkata South,21.8192,88.0964,7952057,6441166,87,81,2024-07-26,2025-12-25,,4,18.9,VEND061,0
WRK01203,Water Supply Scheme - Thiruvananthapuram South,Water Supply Scheme,Kerala,Thiruvananthapuram,Thiruvananthapuram South,11.9462,76.3983,3053108,1465491,42,48,2024-01-03,2024-08-09,,3,40.5,VEND036,0
WRK03354,Irrigation Canal - Hyderabad Urban,Irrigation Canal,Telangana,Hyderabad,Hyderabad Urban,17.5546,78.7076,2325393,2325393,15,100,2024-02-16,2024-06-26,,2,76.7,VEND150,1
WRK03463,Anganwadi Centre - Varanasi Central,Anganwadi Centre,Uttar Pradesh,Varanasi,Varanasi Central,26.2176,80.3476,2397931,1822427,75,76,2023-08-04,2025-01-23,,6,43.2,VEND100,0
WRK02557,Streetlight Installation - Rajkot Urban,Streetlight Installation,Gujarat,Rajkot,Rajkot Urban,21.0771,71.4453,3311383,993414,25,30,2022-04-13,2023-03-01,,6,33.5,VEND267,0
WRK02798,Road Construction - Hubballi Rural,Road Construction,Karnataka,Hubballi,Hubballi Rural,15.1394,74.9609,5182860,984743,25,19,2024-04-19,2024-09-14,,7,40.3,VEND097,0
WRK03656,Health Sub-Centre - Nagpur Central,Health Sub-Centre,Maharashtra,Nagpur,Nagpur Central,18.9893,74.9489,13483810,3101276,25,23,2023-03-11,2023-08-29,,3,36.0,VEND314,0
WRK00130,Streetlight Installation - Jalandhar West,Streetlight Installation,Punjab,Jalandhar,Jalandhar West,30.8035,76.0453,475347,475347,99,100,2023-07-01,2024-04-29,,10,29.3,VEND090,0
WRK00145,Streetlight Installation - Rajkot Urban,Streetlight Installation,Gujarat,Rajkot,Rajkot Urban,22.6743,71.8115,17052548,8185223,52,48,2022-09-22,2023-05-12,,12,38.7,VEND094,0
WRK00961,Anganwadi Centre - Gorakhpur Urban,Anganwadi Centre,Uttar Pradesh,Gorakhpur,Gorakhpur Urban,26.1099,81.2925,1142452,1142452,98,100,2022-06-02,2023-07-14,,7,33.6,VEND211,0
WRK02896,Anganwadi Centre - Jaipur West,Anganwadi Centre,Rajasthan,Jaipur,Jaipur West,28.0676,74.8711,532866,436950,88,82,2024-01-30,2025-01-31,,9,16.5,VEND049,0
WRK03718,Community Hall - Rajkot Central,Community Hall,Gujarat,Rajkot,Rajkot Central,22.7458,70.6421,7901129,5846835,71,74,2024-06-13,2025-12-02,,7,32.9,VEND195,0
WRK02764,Road Construction - Kota South,Road Construction,Rajasthan,Kota,Kota South,25.9534,73.3984,8126013,4225526,54,52,2022-10-16,2024-03-01,,7,20.6,VEND145,0
WRK00906,Public Toilet Complex - Agra Rural,Public Toilet Complex,Uttar Pradesh,Agra,Agra Rural,26.2681,81.6159,13318240,0,1,0,2023-11-03,2024-03-25,,3,12.7,VEND065,0
WRK03840,Streetlight Installation - Ahmedabad North,Streetlight Installation,Gujarat,Ahmedabad,Ahmedabad North,21.4267,70.023,7668721,3067488,39,40,2023-08-31,2024-03-17,,9,25.1,VEND201,0
WRK01097,Drainage Project - Bikaner Central,Drainage Project,Rajasthan,Bikaner,Bikaner Central,26.6114,73.3044,5351242,1551860,37,29,2023-10-23,2024-11-17,,5,37.0,VEND035,0
WRK03981,Anganwadi Centre - Nashik East,Anganwadi Centre,Maharashtra,Nashik,Nashik East,20.5501,76.7325,19650785,17685706,98,90,2023-11-22,2025-03-23,,4,27.1,VEND105,0
WRK00236,School Building - Kochi South,School Building,Kerala,Kochi,Kochi South,10.6121,75.3175,908922,518085,55,57,2022-12-29,2024-05-29,,12,13.1,VEND344,0
WRK01062,Anganwadi Centre - Salem Urban,Anganwadi Centre,Tamil Nadu,Salem,Salem Urban,11.4595,77.6482,3173883,2888233,98,91,2024-07-27,2025-11-30,,8,24.0,VEND262,0
