work_id,work_name,work_type,district,sanctioned_amount,expenditure,physical_progress_pct,financial_progress_pct,utilisation_pct,cost_overrun_pct,progress_gap,delay_days,payment_irregularity,cost_per_progress,anomaly_score,anomaly_flag,duplicate_risk_score,delay_risk,utilisation_irregularity,fund_diversion_score,risk_score,risk_band,risk_reasons
WRK00033_DUP,School Building at District_10 Sec 15,School Building,District_10,11986842.092428105,18780800.755538505,62.5,100.0,156.67846969805362,56.67846969805361,37.5,1018,0.0,300492.8120886161,98.3,1,97.0,100.0,100.0,38.51742637222799,85.3,Critical,Anomaly pattern detected by ML model (score 98/100 on cost/progress/payment behaviour) | Delayed by 1018 days beyond planned completion | Utilisation irregularity: 157% of funds used vs 62% physical work done | Cost overrun of 57% vs sanctioned amount
WRK00033,School Building at District_10 Sector 15,School Building,District_10,12680637.32,18780800.755538505,62.5,100.0,148.10612654237244,48.10612654237243,37.5,1018,0.0,300492.8120886161,95.2,1,97.0,100.0,100.0,38.51742637222799,82.5,Critical,Anomaly pattern detected by ML model (score 95/100 on cost/progress/payment behaviour) | Delayed by 1018 days beyond planned completion | Utilisation irregularity: 148% of funds used vs 62% physical work done | Possible duplicate/overlapping work found (duplicate risk 97/100)
WRK00352,Anganwadi Center at District_2 Sector 32,Anganwadi Center,District_2,818012.45,1218671.486456238,66.7,100.0,148.9795768336091,48.97957683360908,33.3,821,61.92,18270.936828429352,95.0,1,67.6,100.0,100.0,44.1495,80.0,Critical,Anomaly pattern detected by ML model (score 95/100 on cost/progress/payment behaviour) | Delayed by 821 days beyond planned completion | Utilisation irregularity: 149% of funds used vs 67% physical work done | Cost overrun of 49% vs sanctioned amount
WRK00195,Water Supply at District_1 Sector 1,Water Supply,District_1,487982.49,729999.7669373712,73.4,100.0,149.5954838333177,49.595483833317715,26.599999999999994,1000,58.72,9945.500911953286,92.3,1,70.1,100.0,100.0,38.50699999999999,78.9,High,Anomaly pattern detected by ML model (score 92/100 on cost/progress/payment behaviour) | Delayed by 1000 days beyond planned completion | Utilisation irregularity: 150% of funds used vs 73% physical work done | Cost overrun of 50% vs sanctioned amount
WRK00242,Bridge at District_3 Sector 1,Bridge,District_3,12353666.87,19310577.44832271,76.8,100.0,156.31453925001873,56.31453925001873,23.200000000000003,804,0.0,251439.81052503528,92.5,1,64.6,100.0,100.0,26.5101564791618,78.0,High,Anomaly pattern detected by ML model (score 92/100 on cost/progress/payment behaviour) | Delayed by 804 days beyond planned completion | Utilisation irregularity: 156% of funds used vs 77% physical work done | Cost overrun of 56% vs sanctioned amount
WRK00251,Irrigation Canal at District_7 Sector 5,Irrigation Canal,District_7,5925988.46,5521882.903588566,8.800817769843064,93.18079069611564,93.18079069611564,-6.819209303884367,84.37997292627257,786,0.0,627428.3876789137,99.7,1,63.5,100.0,100.0,76.95648172523399,74.1,High,"Anomaly pattern detected by ML model (score 100/100 on cost/progress/payment behaviour) | Delayed by 786 days beyond planned completion | Utilisation irregularity: 93% of funds used vs 9% physical work done | Fund diversion signal: financial progress (93%) far ahead of physical progress (9%), payment irregularity 0/100"
WRK00556,Road Construction at District_12 Sector 2,Road Construction,District_12,2846693.29,4645794.657859993,87.0,100.0,163.19969117080376,63.19969117080376,13.0,948,4.0,53399.93859609187,76.8,1,66.8,100.0,100.0,11.518330939841682,73.8,High,Anomaly pattern detected by ML model (score 77/100 on cost/progress/payment behaviour) | Delayed by 948 days beyond planned completion | Utilisation irregularity: 163% of funds used vs 87% physical work done | Cost overrun of 63% vs sanctioned amount
WRK00249,Road Construction at District_2 Sector 9,Road Construction,District_2,5285120.49,5142385.93832536,13.766731924751632,97.29931319551355,97.29931319551355,-2.7006868044864536,83.53258127076191,908,1.4400000000000006,373537.1594677242,92.7,1,63.9,100.0,100.0,73.59988366759752,71.9,High,"Anomaly pattern detected by ML model (score 93/100 on cost/progress/payment behaviour) | Delayed by 908 days beyond planned completion | Utilisation irregularity: 97% of funds used vs 14% physical work done | Fund diversion signal: financial progress (97%) far ahead of physical progress (14%), payment irregularity 1/100"
WRK00096,School Building at District_8 Sector 10,School Building,District_8,2402769.59,3466947.203526057,79.0,100.0,144.28962385552987,44.28962385552986,21.0,667,0.0,43885.40763957034,65.3,1,96.9,100.0,100.0,15.061589653296288,70.6,High,Anomaly pattern detected by ML model (score 65/100 on cost/progress/payment behaviour) | Delayed by 667 days beyond planned completion | Utilisation irregularity: 144% of funds used vs 79% physical work done | Possible duplicate/overlapping work found (duplicate risk 97/100)
WRK00591,Anganwadi Center at District_2 Sector 28,Anganwadi Center,District_2,852802.4,1342285.3724693737,93.4,100.0,157.39699753065582,57.39699753065584,6.599999999999994,691,0.0,14371.363730935478,66.4,1,81.2,100.0,100.0,4.4549999999999965,70.5,High,Anomaly pattern detected by ML model (score 66/100 on cost/progress/payment behaviour) | Delayed by 691 days beyond planned completion | Utilisation irregularity: 157% of funds used vs 93% physical work done | Cost overrun of 57% vs sanctioned amount
WRK00371,Water Supply at District_8 Sector 39,Water Supply,District_8,518604.01,758986.7423118748,73.0,100.0,146.35188461266907,46.35188461266907,27.0,940,3.040000000000001,10397.078661806503,72.1,1,69.3,100.0,100.0,19.289,70.1,High,Anomaly pattern detected by ML model (score 72/100 on cost/progress/payment behaviour) | Delayed by 940 days beyond planned completion | Utilisation irregularity: 146% of funds used vs 73% physical work done | Cost overrun of 46% vs sanctioned amount
WRK00096_DUP,School Building at District_8 Sector 10 Phase,School Building,District_8,2451717.7256686366,3466947.203526057,79.0,100.0,141.40890556968768,41.40890556968768,21.0,667,0.0,43885.40763957034,63.4,1,96.9,100.0,100.0,15.061589653296288,69.4,High,Anomaly pattern detected by ML model (score 63/100 on cost/progress/payment behaviour) | Delayed by 667 days beyond planned completion | Utilisation irregularity: 141% of funds used vs 79% physical work done | Possible duplicate/overlapping work found (duplicate risk 97/100)
WRK00169,Irrigation Canal at District_3 Sector 3,Irrigation Canal,District_3,4833874.82,4111410.8720452883,8.845202682529914,85.05414445228203,85.05414445228203,-14.945855547717969,76.20894176975212,758,0.0,464818.16410670854,90.4,1,61.1,100.0,91.45073012370254,71.44103569458268,69.4,High,"Anomaly pattern detected by ML model (score 90/100 on cost/progress/payment behaviour) | Delayed by 758 days beyond planned completion | Utilisation irregularity: 85% of funds used vs 9% physical work done | Fund diversion signal: financial progress (85%) far ahead of physical progress (9%), payment irregularity 0/100"
WRK00183,Road Construction at District_2 Sector 37,Road Construction,District_2,5503431.91,4600361.849028523,19.38505981415903,83.59078342859925,83.59078342859925,-16.409216571400755,64.20572361444022,904,57.68000000000001,237314.81321859919,88.4,1,63.9,100.0,77.04686833732826,73.6989550230488,67.4,High,"Anomaly pattern detected by ML model (score 88/100 on cost/progress/payment behaviour) | Delayed by 904 days beyond planned completion | Utilisation irregularity: 84% of funds used vs 19% physical work done | Fund diversion signal: financial progress (84%) far ahead of physical progress (19%), payment irregularity 58/100"
WRK00440,Bridge at District_2 Sector 30,Bridge,District_2,5164021.28,8215454.000704333,87.8,100.0,159.0902429570223,59.0902429570223,12.200000000000003,1124,3.6,93570.09112419514,79.6,1,0.0,100.0,100.0,12.766683186552783,65.7,High,Anomaly pattern detected by ML model (score 80/100 on cost/progress/payment behaviour) | Delayed by 1124 days beyond planned completion | Utilisation irregularity: 159% of funds used vs 88% physical work done | Cost overrun of 59% vs sanctioned amount
WRK00375,Anganwadi Center at District_6 Sector 36,Anganwadi Center,District_6,8348055.01,6319708.949408877,7.470125146785507,75.70277078719054,75.70277078719054,-24.297229212809455,68.23264564040504,904,6.56,845997.7343389395,100.0,1,0.0,100.0,81.87917476848604,68.35303580727341,62.5,High,"Anomaly pattern detected by ML model (score 100/100 on cost/progress/payment behaviour) | Delayed by 904 days beyond planned completion | Utilisation irregularity: 76% of funds used vs 7% physical work done | Fund diversion signal: financial progress (76%) far ahead of physical progress (7%), payment irregularity 7/100"
WRK00501,Anganwadi Center at District_4 Sector 31,Anganwadi Center,District_4,5421649.54,5275052.729490463,18.557760510406514,97.29608471687497,97.29608471687497,-2.70391528312502,78.73832420646846,1138,4.480000000000001,284250.5013755515,86.4,1,0.0,100.0,94.48598904776215,67.14158952505478,60.8,High,"Anomaly pattern detected by ML model (score 86/100 on cost/progress/payment behaviour) | Delayed by 1138 days beyond planned completion | Utilisation irregularity: 97% of funds used vs 19% physical work done | Fund diversion signal: financial progress (97%) far ahead of physical progress (19%), payment irregularity 4/100"
WRK00227,Drainage at District_12 Sector 15,Drainage,District_12,5726238.88,10125281.362507656,100.0,100.0,176.82254573542446,76.82254573542444,0.0,0,0.0,101252.81362507657,88.3,1,0.0,0.0,100.0,3.64048923440306,55.6,Medium,Anomaly pattern detected by ML model (score 88/100 on cost/progress/payment behaviour) | Cost overrun of 77% vs sanctioned amount | Utilisation irregularity: 177% of funds used vs 100% physical work done
WRK00361,Water Supply at District_8 Sector 2,Water Supply,District_8,560093.75,468596.26933440525,18.83842951204835,83.66389900519427,83.66389900519427,-16.336100994805737,64.82546949314592,1021,0.0,24874.486964781685,47.0,1,70.3,100.0,77.7905633917751,43.7571919078735,53.4,Medium,Delayed by 1021 days beyond planned completion | Anomaly pattern detected by ML model (score 47/100 on cost/progress/payment behaviour) | Utilisation irregularity: 84% of funds used vs 19% physical work done | Possible duplicate/overlapping work found (duplicate risk 70/100)
WRK00338,Community Hall at District_4 Sector 30,Community Hall,District_4,3022269.91,2656730.629953438,20.850230186335246,87.90514113788856,87.90514113788856,-12.094858862111431,67.05491095155332,43,0.0,127419.72660304715,76.6,1,62.1,11.78082191780822,80.46589314186399,50.15868641037317,48.0,Medium,"Anomaly pattern detected by ML model (score 77/100 on cost/progress/payment behaviour) | Utilisation irregularity: 88% of funds used vs 21% physical work done | Fund diversion signal: financial progress (88%) far ahead of physical progress (21%), payment irregularity 0/100 | Possible duplicate/overlapping work found (duplicate risk 62/100)"
WRK00089,Irrigation Canal at District_12 Sector 6,Irrigation Canal,District_12,3241710.62,1796427.99,50.2,57.6,55.41605036911037,-44.583949630889634,7.399999999999999,1036,99.98482088937631,35785.41812749004,68.0,1,71.1,100.0,8.879999999999997,40.487440179280036,47.9,Medium,"Anomaly pattern detected by ML model (score 68/100 on cost/progress/payment behaviour) | Delayed by 1036 days beyond planned completion | Possible duplicate/overlapping work found (duplicate risk 71/100) | Fund diversion signal: financial progress (58%) far ahead of physical progress (50%), payment irregularity 100/100"
WRK00379_DUP,Irrigation Canal at District_12 Sector 25 Phase,Irrigation Canal,District_12,6116919.829282967,2723731.43,44.8,47.3,44.527826193845655,-55.472173806154345,2.5,1124,67.6,60797.576562500006,58.6,1,96.2,100.0,3.0,27.04595161763593,45.7,Medium,"Delayed by 1124 days beyond planned completion | Anomaly pattern detected by ML model (score 59/100 on cost/progress/payment behaviour) | Possible duplicate/overlapping work found (duplicate risk 96/100) | Fund diversion signal: financial progress (47%) far ahead of physical progress (45%), payment irregularity 68/100"
WRK00379,Irrigation Canal at District_12 Sector 25,Irrigation Canal,District_12,5830796.06,2723731.43,44.8,47.3,46.71285707770064,-53.28714292229936,2.5,1124,67.6,60797.576562500006,57.3,1,96.2,100.0,3.0,27.04595161763593,45.4,Medium,"Delayed by 1124 days beyond planned completion | Anomaly pattern detected by ML model (score 57/100 on cost/progress/payment behaviour) | Possible duplicate/overlapping work found (duplicate risk 96/100) | Fund diversion signal: financial progress (47%) far ahead of physical progress (45%), payment irregularity 68/100"
WRK00372,Irrigation Canal at District_6 Sector 25,Irrigation Canal,District_6,4015811.62,3159710.23,86.3,81.1,78.68173432896238,-21.31826567103763,-5.200000000000003,846,99.45687513105727,36613.09652375435,67.9,1,65.3,100.0,0.0,35.3473915371491,45.1,Medium,"Anomaly pattern detected by ML model (score 68/100 on cost/progress/payment behaviour) | Delayed by 846 days beyond planned completion | Possible duplicate/overlapping work found (duplicate risk 65/100) | Fund diversion signal: financial progress (81%) far ahead of physical progress (86%), payment irregularity 99/100"
WRK00330,Road Construction at District_11 Sector 14,Road Construction,District_11,10435227.47,10907198.1,84.4,100.0,104.52285904985644,4.522859049856428,15.599999999999994,1023,11.680000000000001,129232.2049763033,54.7,1,68.0,100.0,27.765718099712863,19.60162882382833,45.0,Medium,Delayed by 1023 days beyond planned completion | Anomaly pattern detected by ML model (score 55/100 on cost/progress/payment behaviour) | Possible duplicate/overlapping work found (duplicate risk 68/100) | Utilisation irregularity: 105% of funds used vs 84% physical work done
WRK00307,Drainage at District_4 Sector 29,Drainage,District_4,438547.72,215679.1,46.7,47.2,49.18030357106862,-50.81969642893138,0.5,953,90.52766001867535,4618.396145610278,66.2,1,68.3,100.0,0.6,32.02218100653637,44.6,Medium,"Anomaly pattern detected by ML model (score 66/100 on cost/progress/payment behaviour) | Delayed by 953 days beyond planned completion | Possible duplicate/overlapping work found (duplicate risk 68/100) | Fund diversion signal: financial progress (47%) far ahead of physical progress (47%), payment irregularity 91/100"
WRK00130,Irrigation Canal at District_4 Sector 16,Irrigation Canal,District_4,2772236.14,2658734.98,90.2,100.0,95.9057903342967,-4.094209665703303,9.799999999999997,661,57.84,29475.997560975607,57.6,1,76.4,100.0,11.759999999999996,27.053871635063715,44.4,Medium,"Delayed by 661 days beyond planned completion | Anomaly pattern detected by ML model (score 58/100 on cost/progress/payment behaviour) | Possible duplicate/overlapping work found (duplicate risk 76/100) | Fund diversion signal: financial progress (100%) far ahead of physical progress (90%), payment irregularity 58/100"
WRK00046,Water Supply at District_1 Sector 39,Water Supply,District_1,8768064.5,1030132.35,34.9,11.2,11.74868581315751,-88.25131418684249,-23.7,958,95.57623701233378,29516.68624641834,96.7,1,0.0,100.0,0.0,33.648507833594245,44.2,Medium,"Anomaly pattern detected by ML model (score 97/100 on cost/progress/payment behaviour) | Delayed by 958 days beyond planned completion | Fund diversion signal: financial progress (11%) far ahead of physical progress (35%), payment irregularity 96/100"
WRK00498,Anganwadi Center at District_6 Sector 27,Anganwadi Center,District_6,888048.71,610562.87,64.2,69.9,68.75330858821923,-31.246691411780773,5.700000000000003,944,91.18091512944056,9510.32507788162,60.2,1,65.0,100.0,6.840000000000003,35.7608202953042,44.2,Medium,"Anomaly pattern detected by ML model (score 60/100 on cost/progress/payment behaviour) | Delayed by 944 days beyond planned completion | Possible duplicate/overlapping work found (duplicate risk 65/100) | Fund diversion signal: financial progress (70%) far ahead of physical progress (64%), payment irregularity 91/100"
WRK00272,Drainage at District_4 Sector 28,Drainage,District_4,11949529.91,6611443.14,65.6,52.8,55.32806051614795,-44.67193948385205,-12.799999999999997,1105,56.239999999999995,100784.19420731708,59.4,1,71.1,100.0,0.0,23.301993345037022,41.9,Medium,"Delayed by 1105 days beyond planned completion | Anomaly pattern detected by ML model (score 59/100 on cost/progress/payment behaviour) | Possible duplicate/overlapping work found (duplicate risk 71/100) | Fund diversion signal: financial progress (53%) far ahead of physical progress (66%), payment irregularity 56/100"
WRK00022,Irrigation Canal at District_10 Sector 32,Irrigation Canal,District_10,616872.66,566951.51,100.0,89.7,91.90738166285405,-8.092618337145955,-10.299999999999997,968,63.28,5669.5151000000005,58.1,1,68.3,100.0,0.0,22.148,41.0,Medium,"Delayed by 968 days beyond planned completion | Anomaly pattern detected by ML model (score 58/100 on cost/progress/payment behaviour) | Possible duplicate/overlapping work found (duplicate risk 68/100) | Fund diversion signal: financial progress (90%) far ahead of physical progress (100%), payment irregularity 63/100"
WRK00332,Community Hall at District_12 Sector 23,Community Hall,District_12,5675232.94,3245579.01,47.3,55.7,57.18847216163782,-42.81152783836218,8.400000000000006,846,56.160000000000004,68616.89238900635,45.1,0,73.2,100.0,10.080000000000007,27.399814773930604,40.7,Medium,"Delayed by 846 days beyond planned completion | Anomaly pattern detected by ML model (score 45/100 on cost/progress/payment behaviour) | Possible duplicate/overlapping work found (duplicate risk 73/100) | Fund diversion signal: financial progress (56%) far ahead of physical progress (47%), payment irregularity 56/100"
WRK00012,Irrigation Canal at District_12 Sector 18,Irrigation Canal,District_12,1279279.61,996191.12,71.3,78.0,77.8712575587756,-22.128742441224407,6.700000000000003,1123,63.28,13971.824964936886,51.0,1,62.4,100.0,8.040000000000003,26.670500000000004,40.4,Medium,"Delayed by 1123 days beyond planned completion | Anomaly pattern detected by ML model (score 51/100 on cost/progress/payment behaviour) | Possible duplicate/overlapping work found (duplicate risk 62/100) | Fund diversion signal: financial progress (78%) far ahead of physical progress (71%), payment irregularity 63/100"
WRK00196,Anganwadi Center at District_6 Sector 14,Anganwadi Center,District_6,8849892.61,8253777.92,90.2,89.4,93.26415905514588,-6.735840944854127,-0.7999999999999972,930,61.6,91505.29844789357,56.7,1,61.6,100.0,0.0,24.732563632711077,40.3,Medium,"Delayed by 930 days beyond planned completion | Anomaly pattern detected by ML model (score 57/100 on cost/progress/payment behaviour) | Possible duplicate/overlapping work found (duplicate risk 62/100) | Fund diversion signal: financial progress (89%) far ahead of physical progress (90%), payment irregularity 62/100"
WRK00383,Drainage at District_9 Sector 31,Drainage,District_9,3070920.86,2715496.93,89.1,89.7,88.42614491862875,-11.573855081371251,0.6000000000000085,784,58.88,30476.957687991024,46.7,0,82.5,100.0,0.7200000000000102,21.25592232913186,39.9,Low,"Delayed by 784 days beyond planned completion | Anomaly pattern detected by ML model (score 47/100 on cost/progress/payment behaviour) | Possible duplicate/overlapping work found (duplicate risk 82/100) | Fund diversion signal: financial progress (90%) far ahead of physical progress (89%), payment irregularity 59/100"
WRK00408,Community Hall at District_6 Sector 35,Community Hall,District_6,11620536.19,10930927.84,76.8,96.6,94.06560645115981,-5.93439354884019,19.799999999999997,756,0.0,142329.78958333333,36.4,0,71.5,100.0,23.759999999999994,18.977373180369803,39.1,Low,Delayed by 756 days beyond planned completion | Anomaly pattern detected by ML model (score 36/100 on cost/progress/payment behaviour) | Possible duplicate/overlapping work found (duplicate risk 72/100) | Utilisation irregularity: 94% of funds used vs 77% physical work done
WRK00524,Anganwadi Center at District_5 Sector 31,Anganwadi Center,District_5,1031137.68,554328.89,49.1,56.0,53.75895971525354,-46.24104028474646,6.899999999999999,936,60.56,11289.794093686354,43.9,0,66.7,100.0,8.279999999999998,25.853499999999997,39.1,Low,"Delayed by 936 days beyond planned completion | Anomaly pattern detected by ML model (score 44/100 on cost/progress/payment behaviour) | Possible duplicate/overlapping work found (duplicate risk 67/100) | Fund diversion signal: financial progress (56%) far ahead of physical progress (49%), payment irregularity 61/100"
WRK00099,Drainage at District_9 Sector 25,Drainage,District_9,2240738.53,2337740.28,91.4,100.0,104.32900799005765,4.329007990057636,8.599999999999994,471,11.52,25577.02713347921,42.6,0,60.9,100.0,18.978015980115288,9.844703105433092,38.3,Low,Delayed by 471 days beyond planned completion | Anomaly pattern detected by ML model (score 43/100 on cost/progress/payment behaviour) | Possible duplicate/overlapping work found (duplicate risk 61/100) | Utilisation irregularity: 104% of funds used vs 91% physical work done
WRK00314,Anganwadi Center at District_5 Sector 24,Anganwadi Center,District_5,2897719.74,2950276.47,100.0,100.0,101.81372716189591,1.8137271618959248,0.0,17,100.0,29502.764700000003,91.0,1,69.3,4.657534246575342,3.6274543237918238,35.19615658096079,38.0,Low,"Anomaly pattern detected by ML model (score 91/100 on cost/progress/payment behaviour) | Possible duplicate/overlapping work found (duplicate risk 69/100) | Fund diversion signal: financial progress (100%) far ahead of physical progress (100%), payment irregularity 100/100"
WRK00271,Drainage at District_9 Sector 13,Drainage,District_9,9173361.33,0.0,14.7,0.0,0.0,-100.0,-14.7,943,0.8800000000000012,0.0,58.9,1,68.3,100.0,0.0,0.3080000000000004,38.0,Low,Delayed by 943 days beyond planned completion | Anomaly pattern detected by ML model (score 59/100 on cost/progress/payment behaviour) | Possible duplicate/overlapping work found (duplicate risk 68/100)
WRK00273,School Building at District_1 Sector 36,School Building,District_1,631070.1,416591.76,71.4,65.1,66.01354746485374,-33.98645253514625,-6.300000000000011,690,58.400000000000006,5834.618487394958,44.8,0,71.6,100.0,0.0,20.44,37.9,Low,"Delayed by 690 days beyond planned completion | Anomaly pattern detected by ML model (score 45/100 on cost/progress/payment behaviour) | Possible duplicate/overlapping work found (duplicate risk 72/100) | Fund diversion signal: financial progress (65%) far ahead of physical progress (71%), payment irregularity 58/100"
WRK00551,School Building at District_8 Sector 14,School Building,District_8,4815895.03,474780.58,5.3,9.6,9.858615626844342,-90.14138437315566,4.3,613,0.0,89581.24150943397,53.0,1,64.1,100.0,5.159999999999999,5.982700042169994,37.6,Low,Delayed by 613 days beyond planned completion | Anomaly pattern detected by ML model (score 53/100 on cost/progress/payment behaviour) | Possible duplicate/overlapping work found (duplicate risk 64/100)
WRK00139_DUP,Drainage at District_11 Sec 15,Drainage,District_11,1059327.6481598653,121280.39,25.1,11.6,11.44880813888635,-88.55119186111365,-13.500000000000002,981,0.0,4831.888047808765,43.6,0,97.2,100.0,0.0,0.0,37.6,Low,Delayed by 981 days beyond planned completion | Possible duplicate/overlapping work found (duplicate risk 97/100) | Anomaly pattern detected by ML model (score 44/100 on cost/progress/payment behaviour)
WRK00250,Bridge at District_4 Sector 39,Bridge,District_4,6337394.54,5832954.94,100.0,89.9,92.04026833399583,-7.959731666004174,-10.099999999999994,10,96.6999466420285,58329.5494,93.6,1,70.5,2.73972602739726,0.0,35.42495627685599,37.6,Low,"Anomaly pattern detected by ML model (score 94/100 on cost/progress/payment behaviour) | Possible duplicate/overlapping work found (duplicate risk 70/100) | Fund diversion signal: financial progress (90%) far ahead of physical progress (100%), payment irregularity 97/100"
WRK00139,Drainage at District_11 Sector 15,Drainage,District_11,1019410.85,121280.39,25.1,11.6,11.897106058857428,-88.10289394114257,-13.500000000000002,981,0.0,4831.888047808765,43.1,0,97.2,100.0,0.0,0.0,37.4,Low,Delayed by 981 days beyond planned completion | Possible duplicate/overlapping work found (duplicate risk 97/100) | Anomaly pattern detected by ML model (score 43/100 on cost/progress/payment behaviour)
WRK00540,Community Hall at District_9 Sector 5,Community Hall,District_9,8664630.25,7784027.39,80.7,93.1,89.8368097126822,-10.163190287317803,12.399999999999991,670,7.2,96456.34931846344,25.3,0,97.3,100.0,14.879999999999988,14.300236866915622,37.4,Low,Delayed by 670 days beyond planned completion | Possible duplicate/overlapping work found (duplicate risk 97/100) | Anomaly pattern detected by ML model (score 25/100 on cost/progress/payment behaviour) | Utilisation irregularity: 90% of funds used vs 81% physical work done
WRK00540_DUP,Community Hall at District_9 Sector 5 Phase,Community Hall,District_9,8695142.043623056,7784027.39,80.7,93.1,89.52156676622367,-10.478433233776329,12.399999999999991,670,7.2,96456.34931846344,25.0,0,97.3,100.0,14.879999999999988,14.300236866915622,37.3,Low,Delayed by 670 days beyond planned completion | Possible duplicate/overlapping work found (duplicate risk 97/100) | Anomaly pattern detected by ML model (score 25/100 on cost/progress/payment behaviour) | Utilisation irregularity: 90% of funds used vs 81% physical work done
WRK00442,Drainage at District_10 Sector 8,Drainage,District_10,5577570.36,1859027.3,17.9,32.9,33.330414141113586,-66.66958585888642,15.0,894,0.0,103856.27374301678,36.7,0,66.5,100.0,18.0,13.890467305226677,36.9,Low,Delayed by 894 days beyond planned completion | Anomaly pattern detected by ML model (score 37/100 on cost/progress/payment behaviour) | Possible duplicate/overlapping work found (duplicate risk 66/100) | Utilisation irregularity: 33% of funds used vs 18% physical work done
WRK00068,Road Construction at District_2 Sector 24,Road Construction,District_2,8156417.56,2305236.92,20.1,28.1,28.262860539474392,-71.73713946052561,8.0,1153,0.0,114688.4039800995,44.6,0,62.3,100.0,9.6,9.685459422875027,36.5,Low,Delayed by 1153 days beyond planned completion | Anomaly pattern detected by ML model (score 45/100 on cost/progress/payment behaviour) | Possible duplicate/overlapping work found (duplicate risk 62/100)
WRK00236,Bridge at District_9 Sector 15,Bridge,District_9,11150759.85,4436004.19,48.7,41.0,39.782079873238416,-60.217920126761584,-7.700000000000003,604,10.960000000000003,91088.381724846,35.1,0,94.7,100.0,0.0,6.98854971070723,36.2,Low,Delayed by 604 days beyond planned completion | Possible duplicate/overlapping work found (duplicate risk 95/100) | Anomaly pattern detected by ML model (score 35/100 on cost/progress/payment behaviour)
WRK00409,Bridge at District_2 Sector 18,Bridge,District_2,1076881.05,787432.86,75.8,75.7,73.12161914261561,-26.878380857384393,-0.09999999999999432,960,59.44,10388.296306068602,37.1,0,73.0,100.0,0.0,20.804,36.2,Low,"Delayed by 960 days beyond planned completion | Anomaly pattern detected by ML model (score 37/100 on cost/progress/payment behaviour) | Possible duplicate/overlapping work found (duplicate risk 73/100) | Fund diversion signal: financial progress (76%) far ahead of physical progress (76%), payment irregularity 59/100"
WRK00207,Water Supply at District_11 Sector 30,Water Supply,District_11,2747709.85,303541.68,17.5,11.2,11.047079079328553,-88.95292092067145,-6.300000000000001,852,0.0,17345.238857142856,38.6,0,95.3,100.0,0.0,0.0,36.1,Low,Delayed by 852 days beyond planned completion | Possible duplicate/overlapping work found (duplicate risk 95/100) | Anomaly pattern detected by ML model (score 39/100 on cost/progress/payment behaviour)
WRK00492,Anganwadi Center at District_5 Sector 26,Anganwadi Center,District_5,1240262.49,1011849.92,67.8,83.1,81.58352995098643,-18.416470049013572,15.299999999999997,810,15.92,14924.040117994102,27.0,0,74.9,100.0,18.359999999999996,15.8995,35.9,Low,Delayed by 810 days beyond planned completion | Possible duplicate/overlapping work found (duplicate risk 75/100) | Anomaly pattern detected by ML model (score 27/100 on cost/progress/payment behaviour) | Utilisation irregularity: 82% of funds used vs 68% physical work done
WRK00207_DUP,Water Supply at District_11 Sector 30 Phase,Water Supply,District_11,2557798.8216816117,303541.68,17.5,11.2,11.867300798912641,-88.13269920108735,-6.300000000000001,852,0.0,17345.238857142856,38.0,0,95.3,100.0,0.0,0.0,35.9,Low,Delayed by 852 days beyond planned completion | Possible duplicate/overlapping work found (duplicate risk 95/100) | Anomaly pattern detected by ML model (score 38/100 on cost/progress/payment behaviour)
WRK00236_DUP,Bridge at District_9 Sector 15 Phase,Bridge,District_9,10346810.59199503,4436004.19,48.7,41.0,42.87315545750865,-57.12684454249135,-7.700000000000003,604,10.960000000000003,91088.381724846,33.0,0,94.7,100.0,0.0,6.98854971070723,35.7,Low,Delayed by 604 days beyond planned completion | Possible duplicate/overlapping work found (duplicate risk 95/100) | Anomaly pattern detected by ML model (score 33/100 on cost/progress/payment behaviour)
WRK00461,Irrigation Canal at District_1 Sector 6,Irrigation Canal,District_1,1217472.21,137485.63,12.5,11.6,11.292711970813691,-88.70728802918632,-0.9000000000000004,1074,6.56,10998.850400000001,47.7,1,70.3,100.0,0.0,2.296,35.7,Low,Delayed by 1074 days beyond planned completion | Anomaly pattern detected by ML model (score 48/100 on cost/progress/payment behaviour) | Possible duplicate/overlapping work found (duplicate risk 70/100)
WRK00111,Water Supply at District_2 Sector 17,Water Supply,District_2,4800993.01,3078325.99,47.4,65.7,64.1185268045204,-35.88147319547961,18.300000000000004,727,7.119999999999999,64943.58628691984,22.0,0,75.5,100.0,21.960000000000004,16.741979170776982,35.4,Low,Delayed by 727 days beyond planned completion | Possible duplicate/overlapping work found (duplicate risk 76/100) | Anomaly pattern detected by ML model (score 22/100 on cost/progress/payment behaviour) | Utilisation irregularity: 64% of funds used vs 47% physical work done
WRK00121,School Building at District_12 Sector 20,School Building,District_12,12188584.29,10563503.78,76.3,91.0,86.66719225682937,-13.332807743170639,14.700000000000003,845,3.040000000000001,138446.96959370904,29.9,0,65.3,100.0,17.640000000000004,16.41247994610642,35.4,Low,Delayed by 845 days beyond planned completion | Possible duplicate/overlapping work found (duplicate risk 65/100) | Anomaly pattern detected by ML model (score 30/100 on cost/progress/payment behaviour) | Utilisation irregularity: 87% of funds used vs 76% physical work done
WRK00088,Drainage at District_6 Sector 31,Drainage,District_6,412526.67,309809.48,55.3,73.3,75.10047289790984,-24.89952710209015,18.0,692,12.960000000000003,5602.341410488246,25.9,0,64.6,100.0,21.599999999999998,16.686,35.0,Low,Delayed by 692 days beyond planned completion | Possible duplicate/overlapping work found (duplicate risk 65/100) | Anomaly pattern detected by ML model (score 26/100 on cost/progress/payment behaviour) | Utilisation irregularity: 75% of funds used vs 55% physical work done
WRK00390,Road Construction at District_8 Sector 35,Road Construction,District_8,9569433.28,9555722.54,87.4,99.4,99.85672359481667,-0.14327640518331952,12.0,571,2.319999999999999,109333.20983981692,34.6,0,60.6,100.0,14.399999999999999,12.940385451229952,35.0,Low,Delayed by 571 days beyond planned completion | Anomaly pattern detected by ML model (score 35/100 on cost/progress/payment behaviour) | Possible duplicate/overlapping work found (duplicate risk 61/100) | Utilisation irregularity: 100% of funds used vs 87% physical work done
WRK00275,Bridge at District_6 Sector 1,Bridge,District_6,1023015.86,605019.14,40.8,59.4,59.14073903018473,-40.85926096981527,18.6,680,10.0,14828.90049019608,26.9,0,62.4,100.0,22.32,16.055,35.0,Low,Delayed by 680 days beyond planned completion | Possible duplicate/overlapping work found (duplicate risk 62/100) | Anomaly pattern detected by ML model (score 27/100 on cost/progress/payment behaviour) | Utilisation irregularity: 59% of funds used vs 41% physical work done
WRK00214,Bridge at District_2 Sector 14,Bridge,District_2,590562.84,509239.71,81.7,90.1,86.22955518162979,-13.770444818370208,8.399999999999991,1186,11.839999999999998,6233.044186046512,33.1,0,73.0,100.0,10.07999999999999,9.813999999999993,35.0,Low,Delayed by 1186 days beyond planned completion | Possible duplicate/overlapping work found (duplicate risk 73/100) | Anomaly pattern detected by ML model (score 33/100 on cost/progress/payment behaviour) | Utilisation irregularity: 86% of funds used vs 82% physical work done
WRK00212,Bridge at District_5 Sector 14,Bridge,District_5,1243167.41,863382.66,72.3,70.0,69.45023277275263,-30.549767227247365,-2.299999999999997,991,57.84,11941.66887966805,37.7,0,60.9,100.0,0.0,20.244,34.8,Low,"Delayed by 991 days beyond planned completion | Anomaly pattern detected by ML model (score 38/100 on cost/progress/payment behaviour) | Possible duplicate/overlapping work found (duplicate risk 61/100) | Fund diversion signal: financial progress (70%) far ahead of physical progress (72%), payment irregularity 58/100"
WRK00295,Community Hall at District_1 Sector 15,Community Hall,District_1,488186.22,487550.7,89.2,100.0,99.86982016821369,-0.1301798317863131,10.799999999999997,855,11.439999999999998,5465.815022421524,26.1,0,78.3,100.0,12.959999999999996,11.293999999999997,34.6,Low,Delayed by 855 days beyond planned completion | Possible duplicate/overlapping work found (duplicate risk 78/100) | Anomaly pattern detected by ML model (score 26/100 on cost/progress/payment behaviour) | Utilisation irregularity: 100% of funds used vs 89% physical work done
WRK00354,Anganwadi Center at District_5 Sector 21,Anganwadi Center,District_5,548335.03,470250.6,73.3,86.7,85.7597224820745,-14.2402775179255,13.400000000000006,1167,4.480000000000001,6415.424283765348,30.6,0,62.5,100.0,16.080000000000005,10.613000000000005,34.2,Low,Delayed by 1167 days beyond planned completion | Anomaly pattern detected by ML model (score 31/100 on cost/progress/payment behaviour) | Possible duplicate/overlapping work found (duplicate risk 62/100) | Utilisation irregularity: 86% of funds used vs 73% physical work done
WRK00077,Anganwadi Center at District_10 Sector 1,Anganwadi Center,District_10,3081965.67,2206603.54,58.5,69.9,71.59727836942454,-28.40272163057546,11.400000000000006,586,15.280000000000001,37719.71863247863,28.5,0,65.8,100.0,13.680000000000007,13.633608196889591,34.1,Low,Delayed by 586 days beyond planned completion | Possible duplicate/overlapping work found (duplicate risk 66/100) | Anomaly pattern detected by ML model (score 28/100 on cost/progress/payment behaviour) | Utilisation irregularity: 72% of funds used vs 58% physical work done
WRK00107,Anganwadi Center at District_12 Sector 15,Anganwadi Center,District_12,5640184.7,1529027.85,34.9,27.0,27.109535083133007,-72.89046491686699,-7.899999999999999,860,59.68000000000001,43811.68624641834,61.4,1,0.0,100.0,0.0,21.77105068704477,33.6,Low,"Anomaly pattern detected by ML model (score 61/100 on cost/progress/payment behaviour) | Delayed by 860 days beyond planned completion | Fund diversion signal: financial progress (27%) far ahead of physical progress (35%), payment irregularity 60/100"
WRK00517,Anganwadi Center at District_3 Sector 39,Anganwadi Center,District_3,11081535.48,1962124.73,9.6,17.1,17.70625319515739,-82.2937468048426,7.500000000000002,885,0.0,204387.99270833333,60.1,1,0.0,100.0,9.000000000000002,13.653952618498046,33.4,Low,"Anomaly pattern detected by ML model (score 60/100 on cost/progress/payment behaviour) | Delayed by 885 days beyond planned completion | Fund diversion signal: financial progress (17%) far ahead of physical progress (10%), payment irregularity 0/100"
WRK00384,Anganwadi Center at District_1 Sector 21,Anganwadi Center,District_1,12971393.37,10687299.47,81.4,86.0,82.39129879999932,-17.608701200000677,4.599999999999994,876,10.239999999999998,131293.60528255528,26.3,0,76.2,100.0,5.519999999999993,11.771585528290702,33.3,Low,"Delayed by 876 days beyond planned completion | Possible duplicate/overlapping work found (duplicate risk 76/100) | Anomaly pattern detected by ML model (score 26/100 on cost/progress/payment behaviour) | Fund diversion signal: financial progress (86%) far ahead of physical progress (81%), payment irregularity 10/100"
WRK00021,Drainage at District_9 Sector 37,Drainage,District_9,8545719.98,2977811.56,51.9,34.7,34.84564866353133,-65.15435133646866,-17.199999999999996,1166,0.0,57375.945279383435,39.6,0,67.6,100.0,0.0,1.5341975643908334,33.2,Low,Delayed by 1166 days beyond planned completion | Anomaly pattern detected by ML model (score 40/100 on cost/progress/payment behaviour) | Possible duplicate/overlapping work found (duplicate risk 68/100)
WRK00027,Drainage at District_11 Sector 15,Drainage,District_11,2333079.15,737735.04,29.9,32.5,31.620660619250746,-68.37933938074924,2.6000000000000014,1190,6.880000000000002,24673.412709030104,37.3,0,63.0,100.0,3.1200000000000014,4.163000000000001,33.0,Low,Delayed by 1190 days beyond planned completion | Anomaly pattern detected by ML model (score 37/100 on cost/progress/payment behaviour) | Possible duplicate/overlapping work found (duplicate risk 63/100)
WRK00062,Bridge at District_9 Sector 31,Bridge,District_9,2301715.08,2108547.74,72.0,91.0,91.60767804501677,-8.392321954983231,19.0,1015,0.0,29285.38527777778,20.8,0,61.8,100.0,22.8,13.010721367976776,33.0,Low,Delayed by 1015 days beyond planned completion | Possible duplicate/overlapping work found (duplicate risk 62/100) | Anomaly pattern detected by ML model (score 21/100 on cost/progress/payment behaviour) | Utilisation irregularity: 92% of funds used vs 72% physical work done
WRK00564,Anganwadi Center at District_11 Sector 14,Anganwadi Center,District_11,601123.59,203973.74,51.4,35.0,33.93208042292933,-66.06791957707067,-16.4,576,0.0,3968.360700389105,38.1,0,69.7,100.0,0.0,0.0,32.9,Low,Delayed by 576 days beyond planned completion | Anomaly pattern detected by ML model (score 38/100 on cost/progress/payment behaviour) | Possible duplicate/overlapping work found (duplicate risk 70/100)
WRK00204,Irrigation Canal at District_12 Sector 1,Irrigation Canal,District_12,2045537.74,1952845.52,76.6,94.1,95.46856466212155,-4.531435337878438,17.5,799,3.919999999999999,25494.066840731073,21.9,0,61.0,100.0,21.0,13.188220629469212,32.9,Low,Delayed by 799 days beyond planned completion | Possible duplicate/overlapping work found (duplicate risk 61/100) | Anomaly pattern detected by ML model (score 22/100 on cost/progress/payment behaviour) | Utilisation irregularity: 95% of funds used vs 77% physical work done
WRK00465_DUP,Drainage at District_2 Sector 5 Phase,Drainage,District_2,2782060.244575318,1691576.46,51.5,61.2,60.80301328119584,-39.19698671880416,9.700000000000003,586,0.0,32846.14485436893,12.2,0,96.2,100.0,11.640000000000002,6.904154219792907,32.4,Low,Delayed by 586 days beyond planned completion | Possible duplicate/overlapping work found (duplicate risk 96/100) | Anomaly pattern detected by ML model (score 12/100 on cost/progress/payment behaviour) | Utilisation irregularity: 61% of funds used vs 52% physical work done
WRK00465,Drainage at District_2 Sector 5,Drainage,District_2,2715611.97,1691576.46,51.5,61.2,62.29080143581779,-37.70919856418221,9.700000000000003,586,0.0,32846.14485436893,11.7,0,96.2,100.0,11.640000000000002,6.904154219792907,32.3,Low,Delayed by 586 days beyond planned completion | Possible duplicate/overlapping work found (duplicate risk 96/100) | Anomaly pattern detected by ML model (score 12/100 on cost/progress/payment behaviour) | Utilisation irregularity: 62% of funds used vs 52% physical work done
WRK00150_DUP,Road Construction at District_7 Sector 3 Phase,Road Construction,District_7,541048.5646145353,478774.52,70.7,79.3,88.49011924485895,-11.50988075514105,8.599999999999994,768,7.76,6771.916831683168,12.0,0,95.1,100.0,10.319999999999993,8.520999999999995,32.2,Low,Delayed by 768 days beyond planned completion | Possible duplicate/overlapping work found (duplicate risk 95/100) | Anomaly pattern detected by ML model (score 12/100 on cost/progress/payment behaviour) | Utilisation irregularity: 88% of funds used vs 71% physical work done
WRK00054,Drainage at District_9 Sector 14,Drainage,District_9,3212268.9,2783904.87,70.0,84.6,86.66475182074576,-13.335248179254227,14.599999999999994,905,0.0,39770.069571428576,11.7,0,82.5,100.0,17.519999999999992,10.54403448085513,32.0,Low,Delayed by 905 days beyond planned completion | Possible duplicate/overlapping work found (duplicate risk 82/100) | Anomaly pattern detected by ML model (score 12/100 on cost/progress/payment behaviour) | Utilisation irregularity: 87% of funds used vs 70% physical work done
WRK00419,Road Construction at District_1 Sector 1,Road Construction,District_1,6360287.79,5079728.98,62.9,76.1,79.86633856390326,-20.133661436096737,13.199999999999996,535,0.0,80758.80731319556,20.4,0,64.2,100.0,15.839999999999995,11.566682586221201,31.9,Low,Delayed by 535 days beyond planned completion | Possible duplicate/overlapping work found (duplicate risk 64/100) | Anomaly pattern detected by ML model (score 20/100 on cost/progress/payment behaviour) | Utilisation irregularity: 80% of funds used vs 63% physical work done
WRK00484,Irrigation Canal at District_6 Sector 6,Irrigation Canal,District_6,2859796.32,1046150.39,51.8,37.0,36.58129016684657,-63.41870983315343,-14.799999999999997,1203,0.0,20195.953474903476,35.9,0,65.3,100.0,0.0,0.0,31.8,Low,Delayed by 1203 days beyond planned completion | Anomaly pattern detected by ML model (score 36/100 on cost/progress/payment behaviour) | Possible duplicate/overlapping work found (duplicate risk 65/100)
WRK00381,Bridge at District_4 Sector 29,Bridge,District_4,417662.68,113314.13,38.4,27.7,27.130537494994766,-72.86946250500523,-10.7,579,0.0,2950.8888020833338,36.8,0,62.0,100.0,0.0,0.0,31.6,Low,Delayed by 579 days beyond planned completion | Anomaly pattern detected by ML model (score 37/100 on cost/progress/payment behaviour) | Possible duplicate/overlapping work found (duplicate risk 62/100)
WRK00079,School Building at District_3 Sector 4,School Building,District_3,881435.75,271333.97,26.3,31.6,30.783181871168715,-69.21681812883129,5.300000000000001,898,0.0,10316.880988593155,19.2,0,86.0,100.0,6.36,3.5775000000000006,31.6,Low,Delayed by 898 days beyond planned completion | Possible duplicate/overlapping work found (duplicate risk 86/100) | Anomaly pattern detected by ML model (score 19/100 on cost/progress/payment behaviour)
WRK00537_DUP,Irrigation Canal at District_5 Sector 38 Phase,Irrigation Canal,District_5,4843936.197000028,4617187.75,86.5,91.6,95.31892168314565,-4.681078316854353,5.099999999999994,702,0.0,53377.89306358381,13.1,0,96.9,100.0,6.119999999999993,4.784772652793549,31.5,Low,Delayed by 702 days beyond planned completion | Possible duplicate/overlapping work found (duplicate risk 97/100) | Anomaly pattern detected by ML model (score 13/100 on cost/progress/payment behaviour)
WRK00150,Road Construction at District_7 Sector 3,Road Construction,District_7,589991.72,478774.52,70.7,79.3,81.14936257071541,-18.850637429284596,8.599999999999994,768,7.76,6771.916831683168,8.9,0,95.1,100.0,10.319999999999993,8.520999999999995,31.5,Low,Delayed by 768 days beyond planned completion | Possible duplicate/overlapping work found (duplicate risk 95/100) | Anomaly pattern detected by ML model (score 9/100 on cost/progress/payment behaviour) | Utilisation irregularity: 81% of funds used vs 71% physical work done
WRK00029,Irrigation Canal at District_7 Sector 23,Irrigation Canal,District_7,450601.15,305057.31,61.2,70.6,67.70007355729119,-32.299926442708816,9.399999999999991,711,14.560000000000002,4984.59656862745,17.4,0,73.2,100.0,11.279999999999989,11.440999999999994,31.5,Low,"Delayed by 711 days beyond planned completion | Possible duplicate/overlapping work found (duplicate risk 73/100) | Anomaly pattern detected by ML model (score 17/100 on cost/progress/payment behaviour) | Fund diversion signal: financial progress (71%) far ahead of physical progress (61%), payment irregularity 15/100"
WRK00115,Water Supply at District_9 Sector 12,Water Supply,District_9,1266389.81,529768.86,33.8,41.6,41.83300085145189,-58.166999148548115,7.800000000000004,574,0.0,15673.634911242605,21.5,0,74.1,100.0,9.360000000000005,5.265000000000003,31.5,Low,Delayed by 574 days beyond planned completion | Possible duplicate/overlapping work found (duplicate risk 74/100) | Anomaly pattern detected by ML model (score 22/100 on cost/progress/payment behaviour)
WRK00341,Irrigation Canal at District_4 Sector 6,Irrigation Canal,District_4,566524.89,492845.96,78.9,86.4,86.99458200327263,-13.005417996727381,7.5,674,11.12,6246.463371356147,17.8,0,76.4,100.0,9.0,8.9545,31.3,Low,Delayed by 674 days beyond planned completion | Possible duplicate/overlapping work found (duplicate risk 76/100) | Anomaly pattern detected by ML model (score 18/100 on cost/progress/payment behaviour)
WRK00537,Irrigation Canal at District_5 Sector 38,Irrigation Canal,District_5,4945037.77,4617187.75,86.5,91.6,93.37012101325163,-6.629878986748358,5.099999999999994,702,0.0,53377.89306358381,12.1,0,96.9,100.0,6.119999999999993,4.784772652793549,31.3,Low,Delayed by 702 days beyond planned completion | Possible duplicate/overlapping work found (duplicate risk 97/100) | Anomaly pattern detected by ML model (score 12/100 on cost/progress/payment behaviour)
WRK00353,Road Construction at District_5 Sector 5,Road Construction,District_5,888907.23,169369.02,27.6,18.4,19.053621602335262,-80.94637839766473,-9.200000000000003,893,0.0,6136.558695652173,30.9,0,71.2,100.0,0.0,0.0,31.3,Low,Delayed by 893 days beyond planned completion | Possible duplicate/overlapping work found (duplicate risk 71/100) | Anomaly pattern detected by ML model (score 31/100 on cost/progress/payment behaviour)
WRK00210,School Building at District_10 Sector 28,School Building,District_10,834569.08,525235.22,56.5,65.8,62.93490048780623,-37.06509951219377,9.299999999999997,1018,60.56,9296.198584070797,42.0,0,0.0,100.0,11.159999999999997,27.473499999999994,31.3,Low,"Delayed by 1018 days beyond planned completion | Anomaly pattern detected by ML model (score 42/100 on cost/progress/payment behaviour) | Fund diversion signal: financial progress (66%) far ahead of physical progress (56%), payment irregularity 61/100 | Utilisation irregularity: 63% of funds used vs 56% physical work done"
WRK00487,Community Hall at District_10 Sector 33,Community Hall,District_10,10214570.32,6817598.53,58.8,69.6,66.74386015681176,-33.25613984318824,10.799999999999997,655,0.0,115945.55323129252,19.3,0,63.7,100.0,12.959999999999996,11.635808374283492,31.2,Low,Delayed by 655 days beyond planned completion | Possible duplicate/overlapping work found (duplicate risk 64/100) | Anomaly pattern detected by ML model (score 19/100 on cost/progress/payment behaviour) | Utilisation irregularity: 67% of funds used vs 59% physical work done
WRK00376,Irrigation Canal at District_12 Sector 36,Irrigation Canal,District_12,4255905.63,2632960.3,80.5,61.2,61.86604048360912,-38.133959516390874,-19.299999999999997,965,11.760000000000003,32707.581366459624,28.0,0,71.1,100.0,0.0,4.466002534489119,31.2,Low,Delayed by 965 days beyond planned completion | Possible duplicate/overlapping work found (duplicate risk 71/100) | Anomaly pattern detected by ML model (score 28/100 on cost/progress/payment behaviour)
WRK00051,Community Hall at District_10 Sector 36,Community Hall,District_10,10935619.7,3572164.7,40.1,33.0,32.665407155663985,-67.33459284433602,-7.100000000000001,940,0.4,89081.41396508728,25.8,0,76.3,100.0,0.0,3.196206019059559,31.1,Low,Delayed by 940 days beyond planned completion | Possible duplicate/overlapping work found (duplicate risk 76/100) | Anomaly pattern detected by ML model (score 26/100 on cost/progress/payment behaviour)
WRK00509,Community Hall at District_5 Sector 15,Community Hall,District_5,2206144.26,1762523.02,63.7,77.1,79.89155795278774,-20.10844204721226,13.399999999999991,591,2.719999999999999,27669.121193092622,17.8,0,64.6,100.0,16.079999999999988,10.105133251357083,31.1,Low,Delayed by 591 days beyond planned completion | Possible duplicate/overlapping work found (duplicate risk 65/100) | Anomaly pattern detected by ML model (score 18/100 on cost/progress/payment behaviour) | Utilisation irregularity: 80% of funds used vs 64% physical work done
WRK00269,Drainage at District_7 Sector 10,Drainage,District_7,2262608.9,2215719.77,88.6,97.0,97.92765201268324,-2.0723479873167605,8.400000000000006,533,0.0,25008.123814898423,20.8,0,71.4,100.0,10.080000000000007,5.6700000000000035,31.1,Low,Delayed by 533 days beyond planned completion | Possible duplicate/overlapping work found (duplicate risk 71/100) | Anomaly pattern detected by ML model (score 21/100 on cost/progress/payment behaviour) | Utilisation irregularity: 98% of funds used vs 89% physical work done
WRK00422,School Building at District_1 Sector 14,School Building,District_1,1250590.71,1261892.2,88.6,100.0,100.90369214401089,0.9036921440108883,11.400000000000006,822,0.3199999999999989,14242.575620767495,18.9,0,62.8,100.0,15.487384288021786,7.807000000000003,31.0,Low,Delayed by 822 days beyond planned completion | Possible duplicate/overlapping work found (duplicate risk 63/100) | Anomaly pattern detected by ML model (score 19/100 on cost/progress/payment behaviour) | Utilisation irregularity: 101% of funds used vs 89% physical work done
WRK00437,School Building at District_7 Sector 14,School Building,District_7,2484375.67,2105122.44,71.0,83.9,84.73446529928383,-15.265534700716177,12.900000000000006,707,0.0,29649.611830985916,10.8,0,79.8,100.0,15.480000000000006,8.91070591926643,30.9,Low,Delayed by 707 days beyond planned completion | Possible duplicate/overlapping work found (duplicate risk 80/100) | Anomaly pattern detected by ML model (score 11/100 on cost/progress/payment behaviour) | Utilisation irregularity: 85% of funds used vs 71% physical work done
WRK00135,Irrigation Canal at District_5 Sector 8,Irrigation Canal,District_5,2920716.37,627754.54,36.5,22.3,21.49317018413534,-78.50682981586466,-14.2,877,0.0,17198.754520547947,31.7,0,66.3,100.0,0.0,0.0,30.9,Low,Delayed by 877 days beyond planned completion | Possible duplicate/overlapping work found (duplicate risk 66/100) | Anomaly pattern detected by ML model (score 32/100 on cost/progress/payment behaviour)
WRK00573,Road Construction at District_2 Sector 38,Road Construction,District_2,2259602.81,1504435.61,55.3,65.1,66.579648571069,-33.42035142893099,9.799999999999997,1210,0.0,27204.983905967452,22.8,0,62.0,100.0,11.759999999999996,6.700852524895218,30.9,Low,Delayed by 1210 days beyond planned completion | Possible duplicate/overlapping work found (duplicate risk 62/100) | Anomaly pattern detected by ML model (score 23/100 on cost/progress/payment behaviour) | Utilisation irregularity: 67% of funds used vs 55% physical work done
WRK00588,Drainage at District_7 Sector 25,Drainage,District_7,2874140.47,1455464.4,60.0,51.0,50.639988378856096,-49.36001162114391,-9.0,1083,7.2,24257.739999999998,16.1,0,95.3,100.0,0.0,2.52,30.8,Low,Delayed by 1083 days beyond planned completion | Possible duplicate/overlapping work found (duplicate risk 95/100) | Anomaly pattern detected by ML model (score 16/100 on cost/progress/payment behaviour)
WRK00147,Water Supply at District_2 Sector 16,Water Supply,District_2,582453.81,552413.82,87.7,97.8,94.84251120273382,-5.157488797266191,10.099999999999994,1115,0.0,6298.9033067274795,20.8,0,64.3,100.0,12.119999999999992,6.8174999999999955,30.8,Low,Delayed by 1115 days beyond planned completion | Possible duplicate/overlapping work found (duplicate risk 64/100) | Anomaly pattern detected by ML model (score 21/100 on cost/progress/payment behaviour) | Utilisation irregularity: 95% of funds used vs 88% physical work done
WRK00293,School Building at District_11 Sector 23,School Building,District_11,12757710.97,9801748.39,86.2,75.8,76.82999256723247,-23.17000743276754,-10.400000000000006,782,8.16,113709.37807424595,24.6,0,71.3,100.0,0.0,7.094461672397973,30.8,Low,Delayed by 782 days beyond planned completion | Possible duplicate/overlapping work found (duplicate risk 71/100) | Anomaly pattern detected by ML model (score 25/100 on cost/progress/payment behaviour)
WRK00588_DUP,Drainage at District_7 Sector 25 Phase,Drainage,District_7,2710326.930310322,1455464.4,60.0,51.0,53.70069506092222,-46.29930493907778,-9.0,1083,7.2,24257.739999999998,15.4,0,95.3,100.0,0.0,2.52,30.7,Low,Delayed by 1083 days beyond planned completion | Possible duplicate/overlapping work found (duplicate risk 95/100) | Anomaly pattern detected by ML model (score 15/100 on cost/progress/payment behaviour)
WRK00321,Community Hall at District_9 Sector 30,Community Hall,District_9,5004246.94,3375160.32,77.7,68.2,67.44591864605306,-32.55408135394695,-9.5,685,13.200000000000001,43438.35675675675,20.6,0,81.0,100.0,0.0,5.485129152899515,30.7,Low,Delayed by 685 days beyond planned completion | Possible duplicate/overlapping work found (duplicate risk 81/100) | Anomaly pattern detected by ML model (score 21/100 on cost/progress/payment behaviour)
WRK00086,School Building at District_6 Sector 10,School Building,District_6,520507.69,383562.61,71.2,75.9,73.690094761136,-26.309905238864005,4.700000000000003,551,7.52,5387.115308988764,16.4,0,82.6,100.0,5.640000000000003,5.804500000000002,30.7,Low,Delayed by 551 days beyond planned completion | Possible duplicate/overlapping work found (duplicate risk 83/100) | Anomaly pattern detected by ML model (score 16/100 on cost/progress/payment behaviour)
WRK00452,Bridge at District_3 Sector 39,Bridge,District_3,461446.17,432429.8,87.5,97.0,93.71186242590332,-6.2881375740966705,9.5,879,8.480000000000002,4942.054857142857,19.1,0,64.1,100.0,11.4,9.380500000000001,30.6,Low,Delayed by 879 days beyond planned completion | Possible duplicate/overlapping work found (duplicate risk 64/100) | Anomaly pattern detected by ML model (score 19/100 on cost/progress/payment behaviour) | Utilisation irregularity: 94% of funds used vs 88% physical work done
WRK00283,Road Construction at District_10 Sector 3,Road Construction,District_10,414228.3,305560.06,79.8,70.5,73.76609951565356,-26.233900484346435,-9.299999999999997,1258,1.2000000000000002,3829.07343358396,31.6,0,63.7,100.0,0.0,0.42000000000000004,30.6,Low,Delayed by 1258 days beyond planned completion | Anomaly pattern detected by ML model (score 32/100 on cost/progress/payment behaviour) | Possible duplicate/overlapping work found (duplicate risk 64/100)
WRK00020,School Building at District_7 Sector 8,School Building,District_7,2792468.89,2005987.73,66.8,68.6,71.83563395042871,-28.16436604957129,1.7999999999999972,726,15.04,30029.75643712575,16.7,0,83.8,100.0,2.1599999999999966,6.700454610376372,30.6,Low,Delayed by 726 days beyond planned completion | Possible duplicate/overlapping work found (duplicate risk 84/100) | Anomaly pattern detected by ML model (score 17/100 on cost/progress/payment behaviour)
WRK00547,Water Supply at District_8 Sector 6,Water Supply,District_8,611182.51,292028.65,56.8,45.6,47.78092390111098,-52.21907609888902,-11.199999999999996,871,15.280000000000001,5141.349471830987,26.3,0,68.4,100.0,0.0,5.348,30.6,Low,Delayed by 871 days beyond planned completion | Possible duplicate/overlapping work found (duplicate risk 68/100) | Anomaly pattern detected by ML model (score 26/100 on cost/progress/payment behaviour)
WRK00567,School Building at District_7 Sector 6,School Building,District_7,2586861.91,1844749.22,65.7,72.5,71.3122417887393,-28.68775821126069,6.799999999999997,610,8.080000000000002,28078.374733637746,11.6,0,83.8,100.0,8.159999999999997,7.545779305322965,30.3,Low,Delayed by 610 days beyond planned completion | Possible duplicate/overlapping work found (duplicate risk 84/100) | Anomaly pattern detected by ML model (score 12/100 on cost/progress/payment behaviour)
WRK00066,Water Supply at District_2 Sector 11,Water Supply,District_2,10447510.03,8201018.41,78.7,75.9,78.49734899943428,-21.502651000565724,-2.799999999999997,1146,9.040000000000001,104206.07890724269,26.8,0,63.0,100.0,0.0,6.946259563455575,30.3,Low,Delayed by 1146 days beyond planned completion | Possible duplicate/overlapping work found (duplicate risk 63/100) | Anomaly pattern detected by ML model (score 27/100 on cost/progress/payment behaviour)
WRK00142,Anganwadi Center at District_2 Sector 9,Anganwadi Center,District_2,5515748.5,1240582.02,29.4,23.0,22.491634997498526,-77.50836500250148,-6.399999999999999,935,3.2,42196.667346938775,30.6,0,61.5,100.0,0.0,1.9255223450472239,30.3,Low,Delayed by 935 days beyond planned completion | Anomaly pattern detected by ML model (score 31/100 on cost/progress/payment behaviour) | Possible duplicate/overlapping work found (duplicate risk 62/100)
WRK00496,Bridge at District_3 Sector 12,Bridge,District_3,12207159.26,8640653.72,79.6,69.0,70.78349299753464,-29.216507002465363,-10.599999999999994,696,9.280000000000001,108550.92613065329,25.3,0,64.6,100.0,0.0,7.238832231906828,30.2,Low,Delayed by 696 days beyond planned completion | Possible duplicate/overlapping work found (duplicate risk 65/100) | Anomaly pattern detected by ML model (score 25/100 on cost/progress/payment behaviour)
WRK00102,Road Construction at District_3 Sector 7,Road Construction,District_3,1216060.04,1218812.68,91.1,97.8,100.22635724466366,0.22635724466366788,6.700000000000003,590,0.0,13378.843907793633,19.6,0,68.2,100.0,8.492714489327323,4.522500000000003,30.1,Low,Delayed by 590 days beyond planned completion | Possible duplicate/overlapping work found (duplicate risk 68/100) | Anomaly pattern detected by ML model (score 20/100 on cost/progress/payment behaviour)
WRK00536,Water Supply at District_7 Sector 22,Water Supply,District_7,11778482.55,6021235.59,53.4,51.1,51.12063939000359,-48.87936060999641,-2.299999999999997,976,11.52,112757.22078651686,24.9,0,63.4,100.0,0.0,8.224753739281956,30.1,Low,Delayed by 976 days beyond planned completion | Possible duplicate/overlapping work found (duplicate risk 63/100) | Anomaly pattern detected by ML model (score 25/100 on cost/progress/payment behaviour)
WRK00312,Water Supply at District_10 Sector 30,Water Supply,District_10,10210742.79,2573024.99,34.7,24.7,25.199195033292977,-74.80080496670702,-10.000000000000004,875,0.0,74150.57608069164,28.1,0,63.6,100.0,0.0,2.3394570657288347,30.0,Low,Delayed by 875 days beyond planned completion | Possible duplicate/overlapping work found (duplicate risk 64/100) | Anomaly pattern detected by ML model (score 28/100 on cost/progress/payment behaviour)
WRK00417,Water Supply at District_8 Sector 18,Water Supply,District_8,543574.32,292731.57,51.2,54.1,53.853090410893586,-46.146909589106414,2.8999999999999986,1071,12.960000000000003,5717.413476562499,19.8,0,70.3,100.0,3.479999999999998,6.493499999999999,29.9,Low,Delayed by 1071 days beyond planned completion | Possible duplicate/overlapping work found (duplicate risk 70/100) | Anomaly pattern detected by ML model (score 20/100 on cost/progress/payment behaviour)
WRK00274,Water Supply at District_11 Sector 11,Water Supply,District_11,553651.55,511708.76,93.4,95.1,92.42433440310968,-7.575665596890325,1.6999999999999886,678,11.04,5478.680513918629,19.1,0,75.3,100.0,2.0399999999999863,5.011499999999992,29.9,Low,Delayed by 678 days beyond planned completion | Possible duplicate/overlapping work found (duplicate risk 75/100) | Anomaly pattern detected by ML model (score 19/100 on cost/progress/payment behaviour)
WRK00213,Water Supply at District_4 Sector 38,Water Supply,District_4,4912618.12,1531979.27,20.6,32.4,31.184578824946403,-68.8154211750536,11.799999999999997,1126,8.0,74367.92572815533,43.3,0,0.0,100.0,14.159999999999997,13.114890849387365,29.9,Low,"Delayed by 1126 days beyond planned completion | Anomaly pattern detected by ML model (score 43/100 on cost/progress/payment behaviour) | Utilisation irregularity: 31% of funds used vs 21% physical work done | Fund diversion signal: financial progress (32%) far ahead of physical progress (21%), payment irregularity 8/100"
WRK00309,School Building at District_11 Sector 2,School Building,District_11,589136.74,133085.58,34.3,22.5,22.589930480315996,-77.41006951968401,-11.799999999999997,843,0.0,3880.046064139942,29.4,0,62.9,100.0,0.0,0.0,29.9,Low,Delayed by 843 days beyond planned completion | Possible duplicate/overlapping work found (duplicate risk 63/100) | Anomaly pattern detected by ML model (score 29/100 on cost/progress/payment behaviour)
WRK00562,Water Supply at District_10 Sector 16,Water Supply,District_10,8176947.71,7087505.51,80.6,84.6,86.67666421949029,-13.323335780509721,4.0,1129,3.280000000000001,87934.31153846154,22.1,0,63.6,100.0,4.8,6.849139821836536,29.9,Low,Delayed by 1129 days beyond planned completion | Possible duplicate/overlapping work found (duplicate risk 64/100) | Anomaly pattern detected by ML model (score 22/100 on cost/progress/payment behaviour)
WRK00104,Road Construction at District_2 Sector 17,Road Construction,District_2,873431.87,405691.85,47.1,45.0,46.44802461810787,-53.55197538189213,-2.1000000000000014,1159,11.04,8613.415074309978,27.0,0,62.3,100.0,0.0,3.8639999999999994,29.8,Low,Delayed by 1159 days beyond planned completion | Possible duplicate/overlapping work found (duplicate risk 62/100) | Anomaly pattern detected by ML model (score 27/100 on cost/progress/payment behaviour)
WRK00279,Road Construction at District_3 Sector 27,Road Construction,District_3,11555813.99,9961474.61,90.2,89.2,86.20314084858335,-13.796859151416651,-1.0,763,1.6,110437.6342572062,16.0,0,83.2,100.0,0.0,4.6414029075392165,29.7,Low,Delayed by 763 days beyond planned completion | Possible duplicate/overlapping work found (duplicate risk 83/100) | Anomaly pattern detected by ML model (score 16/100 on cost/progress/payment behaviour)
WRK00064,Drainage at District_12 Sector 18,Drainage,District_12,3199718.15,942353.62,49.4,30.8,29.451144626597813,-70.54885537340219,-18.599999999999998,863,0.0,19075.984210526316,28.5,0,62.3,100.0,0.0,0.0,29.6,Low,Delayed by 863 days beyond planned completion | Possible duplicate/overlapping work found (duplicate risk 62/100) | Anomaly pattern detected by ML model (score 28/100 on cost/progress/payment behaviour)
WRK00198,Bridge at District_4 Sector 36,Bridge,District_4,1021328.01,576341.19,46.1,56.5,56.430567296396774,-43.569432703603226,10.399999999999999,758,4.800000000000001,12501.97809110629,11.4,0,70.5,100.0,12.479999999999999,8.7,29.5,Low,Delayed by 758 days beyond planned completion | Possible duplicate/overlapping work found (duplicate risk 70/100) | Anomaly pattern detected by ML model (score 11/100 on cost/progress/payment behaviour) | Utilisation irregularity: 56% of funds used vs 46% physical work done
WRK00526,Community Hall at District_8 Sector 12,Community Hall,District_8,6065657.29,4710752.26,65.6,76.6,77.66268410459438,-22.337315895405627,11.0,808,0.0,71810.24786585366,8.2,0,75.5,100.0,13.2,9.65211053759537,29.5,Low,Delayed by 808 days beyond planned completion | Possible duplicate/overlapping work found (duplicate risk 76/100) | Anomaly pattern detected by ML model (score 8/100 on cost/progress/payment behaviour) | Utilisation irregularity: 78% of funds used vs 66% physical work done
WRK00073,Bridge at District_8 Sector 10,Bridge,District_8,947377.6,270524.55,29.3,28.3,28.555092499548223,-71.44490750045178,-1.0,887,8.24,9232.919795221842,24.9,0,65.3,100.0,0.0,2.884,29.5,Low,Delayed by 887 days beyond planned completion | Possible duplicate/overlapping work found (duplicate risk 65/100) | Anomaly pattern detected by ML model (score 25/100 on cost/progress/payment behaviour)
WRK00300,Road Construction at District_3 Sector 1,Road Construction,District_3,10948124.26,6151714.23,61.5,58.4,56.18966394522818,-43.81033605477181,-3.1000000000000014,593,0.0,100027.8736585366,15.7,0,83.2,100.0,0.0,3.5816864769350367,29.4,Low,Delayed by 593 days beyond planned completion | Possible duplicate/overlapping work found (duplicate risk 83/100) | Anomaly pattern detected by ML model (score 16/100 on cost/progress/payment behaviour)
WRK00306,Road Construction at District_9 Sector 3,Road Construction,District_9,2067977.47,646620.37,43.4,30.4,31.26825022905109,-68.73174977094891,-13.0,862,6.080000000000002,14899.086866359447,26.6,0,61.4,100.0,0.0,2.1280000000000006,29.3,Low,Delayed by 862 days beyond planned completion | Possible duplicate/overlapping work found (duplicate risk 61/100) | Anomaly pattern detected by ML model (score 27/100 on cost/progress/payment behaviour)
WRK00060,Road Construction at District_8 Sector 18,Road Construction,District_8,867183.46,393061.66,42.9,47.6,45.3262404243734,-54.67375957562659,4.700000000000003,1099,1.4400000000000006,9162.276456876456,16.3,0,73.2,100.0,5.640000000000003,3.6765000000000025,29.3,Low,Delayed by 1099 days beyond planned completion | Possible duplicate/overlapping work found (duplicate risk 73/100) | Anomaly pattern detected by ML model (score 16/100 on cost/progress/payment behaviour)
WRK00127,Bridge at District_8 Sector 11,Bridge,District_8,1249460.79,828317.0,89.5,66.6,66.29395709168271,-33.70604290831728,-22.900000000000006,926,0.0,9254.938547486034,24.6,0,67.5,100.0,0.0,0.0,29.2,Low,Delayed by 926 days beyond planned completion | Possible duplicate/overlapping work found (duplicate risk 68/100) | Anomaly pattern detected by ML model (score 25/100 on cost/progress/payment behaviour)
WRK00053,Community Hall at District_8 Sector 34,Community Hall,District_8,11807162.82,916674.5,16.8,7.6,7.763715246200017,-92.23628475379998,-9.200000000000001,658,5.6800000000000015,54563.95833333333,54.6,1,0.0,100.0,0.0,3.3872092458539695,29.2,Low,Delayed by 658 days beyond planned completion | Anomaly pattern detected by ML model (score 55/100 on cost/progress/payment behaviour)
WRK00563,School Building at District_9 Sector 36,School Building,District_9,10803643.93,3047858.16,43.8,27.2,28.211390339666632,-71.78860966033336,-16.599999999999998,603,11.600000000000001,69585.80273972603,53.0,1,0.0,100.0,0.0,6.180326931193755,29.2,Low,Delayed by 603 days beyond planned completion | Anomaly pattern detected by ML model (score 53/100 on cost/progress/payment behaviour)
WRK00406,Drainage at District_9 Sector 8,Drainage,District_9,10515794.25,8154771.1,75.6,78.6,77.54783810076923,-22.45216189923077,3.0,988,6.800000000000001,107867.3425925926,16.8,0,68.3,100.0,3.5999999999999996,8.363017075167958,29.2,Low,Delayed by 988 days beyond planned completion | Possible duplicate/overlapping work found (duplicate risk 68/100) | Anomaly pattern detected by ML model (score 17/100 on cost/progress/payment behaviour)
WRK00288,Road Construction at District_3 Sector 3,Road Construction,District_3,597662.2,485939.89,61.2,85.5,81.30677998374334,-18.693220016256664,24.299999999999997,611,2.0800000000000014,7940.194281045751,28.9,0,0.0,100.0,29.159999999999997,17.130499999999998,29.2,Low,"Delayed by 611 days beyond planned completion | Anomaly pattern detected by ML model (score 29/100 on cost/progress/payment behaviour) | Utilisation irregularity: 81% of funds used vs 61% physical work done | Fund diversion signal: financial progress (86%) far ahead of physical progress (61%), payment irregularity 2/100"
WRK00318,Water Supply at District_8 Sector 2,Water Supply,District_8,612991.26,438306.02,83.7,71.4,71.50281718535433,-28.497182814645676,-12.299999999999997,1064,8.8,5236.631063321386,21.4,0,70.0,100.0,0.0,3.08,29.2,Low,Delayed by 1064 days beyond planned completion | Possible duplicate/overlapping work found (duplicate risk 70/100) | Anomaly pattern detected by ML model (score 21/100 on cost/progress/payment behaviour)
WRK00301,Water Supply at District_3 Sector 5,Water Supply,District_3,11389714.01,9782775.54,91.1,85.2,85.8913185301305,-14.108681469869502,-5.8999999999999915,969,0.0,107385.02239297474,18.4,0,74.3,100.0,0.0,3.9348634852004674,29.1,Low,Delayed by 969 days beyond planned completion | Possible duplicate/overlapping work found (duplicate risk 74/100) | Anomaly pattern detected by ML model (score 18/100 on cost/progress/payment behaviour)
WRK00254,Irrigation Canal at District_10 Sector 11,Irrigation Canal,District_10,5156997.34,3903689.31,76.5,74.6,75.69694247699573,-24.303057523004266,-1.9000000000000057,906,61.04,51028.618431372546,42.9,0,0.0,100.0,0.0,22.593496655440873,29.1,Low,"Delayed by 906 days beyond planned completion | Anomaly pattern detected by ML model (score 43/100 on cost/progress/payment behaviour) | Fund diversion signal: financial progress (75%) far ahead of physical progress (76%), payment irregularity 61/100"
WRK00515,Bridge at District_11 Sector 38,Bridge,District_11,1193876.36,945200.04,74.4,81.8,79.17068062223797,-20.829319377762037,7.3999999999999915,832,11.600000000000001,12704.301612903226,11.3,0,71.9,100.0,8.87999999999999,9.054999999999994,29.1,Low,Delayed by 832 days beyond planned completion | Possible duplicate/overlapping work found (duplicate risk 72/100) | Anomaly pattern detected by ML model (score 11/100 on cost/progress/payment behaviour)
WRK00152,Drainage at District_10 Sector 32,Drainage,District_10,5694929.63,2190139.51,33.7,36.8,38.4577097926318,-61.5422902073682,3.0999999999999943,817,6.0,64989.302967359035,18.7,0,66.5,100.0,3.719999999999993,6.092173781897145,29.1,Low,Delayed by 817 days beyond planned completion | Possible duplicate/overlapping work found (duplicate risk 66/100) | Anomaly pattern detected by ML model (score 19/100 on cost/progress/payment behaviour)
WRK00219,Irrigation Canal at District_1 Sector 3,Irrigation Canal,District_1,6494168.48,2221577.44,31.8,34.3,34.208805127889136,-65.79119487211086,2.4999999999999964,731,0.0,69860.92578616351,20.6,0,65.9,100.0,2.9999999999999956,3.8210341039658386,29.1,Low,Delayed by 731 days beyond planned completion | Possible duplicate/overlapping work found (duplicate risk 66/100) | Anomaly pattern detected by ML model (score 21/100 on cost/progress/payment behaviour)
WRK00103,Anganwadi Center at District_3 Sector 34,Anganwadi Center,District_3,8767627.61,4067392.62,45.2,48.8,46.39102846203114,-53.60897153796886,3.5999999999999943,1120,0.0,89986.56238938053,18.7,0,66.3,100.0,4.319999999999993,5.529657310322932,29.1,Low,Delayed by 1120 days beyond planned completion | Possible duplicate/overlapping work found (duplicate risk 66/100) | Anomaly pattern detected by ML model (score 19/100 on cost/progress/payment behaviour)
WRK00151,Irrigation Canal at District_3 Sector 34,Irrigation Canal,District_3,471963.72,168039.5,35.2,35.6,35.604325688423685,-64.39567431157633,0.3999999999999986,758,9.36,4773.849431818181,22.6,0,64.3,100.0,0.47999999999999826,3.545999999999999,29.0,Low,Delayed by 758 days beyond planned completion | Possible duplicate/overlapping work found (duplicate risk 64/100) | Anomaly pattern detected by ML model (score 23/100 on cost/progress/payment behaviour)
WRK00339,Water Supply at District_2 Sector 28,Water Supply,District_2,10624055.94,4191820.19,40.5,40.1,39.455931083886966,-60.544068916113034,-0.3999999999999986,632,0.0,103501.73308641976,24.4,0,60.9,100.0,0.0,3.748447721563881,29.0,Low,Delayed by 632 days beyond planned completion | Possible duplicate/overlapping work found (duplicate risk 61/100) | Anomaly pattern detected by ML model (score 24/100 on cost/progress/payment behaviour)
WRK00581,School Building at District_1 Sector 19,School Building,District_1,12245768.11,11578666.97,93.8,95.1,94.55239447613549,-5.447605523864511,1.2999999999999972,924,0.0,123439.94637526653,21.5,0,63.1,100.0,1.5599999999999965,5.583073746018341,29.0,Low,Delayed by 924 days beyond planned completion | Possible duplicate/overlapping work found (duplicate risk 63/100) | Anomaly pattern detected by ML model (score 22/100 on cost/progress/payment behaviour)
WRK00480,Anganwadi Center at District_6 Sector 17,Anganwadi Center,District_6,6260894.25,1787105.28,33.3,28.9,28.54393012627549,-71.4560698737245,-4.399999999999999,847,0.0,53666.82522522523,20.0,0,73.3,100.0,0.0,1.3561427266663995,29.0,Low,Delayed by 847 days beyond planned completion | Possible duplicate/overlapping work found (duplicate risk 73/100) | Anomaly pattern detected by ML model (score 20/100 on cost/progress/payment behaviour)
WRK00105,Community Hall at District_7 Sector 38,Community Hall,District_7,1175132.99,29610.2,18.6,2.6,2.519731830522433,-97.48026816947757,-16.0,790,0.08000000000000114,1591.9462365591396,56.0,1,0.0,100.0,0.0,0.028000000000000396,29.0,Low,Delayed by 790 days beyond planned completion | Anomaly pattern detected by ML model (score 56/100 on cost/progress/payment behaviour)
WRK00585,Road Construction at District_10 Sector 28,Road Construction,District_10,2733831.77,1410438.07,51.8,52.9,51.5919847547898,-48.4080152452102,1.1000000000000014,1192,5.440000000000001,27228.534169884173,22.1,0,64.4,100.0,1.3200000000000016,2.7334830459780743,28.9,Low,Delayed by 1192 days beyond planned completion | Possible duplicate/overlapping work found (duplicate risk 64/100) | Anomaly pattern detected by ML model (score 22/100 on cost/progress/payment behaviour)
WRK00325,Community Hall at District_5 Sector 19,Community Hall,District_5,1121364.87,1132450.5,97.1,100.0,100.98858367125412,0.9885836712541108,2.9000000000000057,883,4.56,11662.723995880537,19.2,0,63.0,100.0,5.457167342508245,3.553500000000004,28.9,Low,Delayed by 883 days beyond planned completion | Possible duplicate/overlapping work found (duplicate risk 63/100) | Anomaly pattern detected by ML model (score 19/100 on cost/progress/payment behaviour)
WRK00047,Drainage at District_4 Sector 7,Drainage,District_4,5602221.59,4524530.26,80.8,83.6,80.76314346573356,-19.236856534266437,2.799999999999997,1094,7.2,55996.66163366337,16.0,0,71.1,100.0,3.3599999999999963,5.877985599793102,28.9,Low,Delayed by 1094 days beyond planned completion | Possible duplicate/overlapping work found (duplicate risk 71/100) | Anomaly pattern detected by ML model (score 16/100 on cost/progress/payment behaviour)
WRK00520,Irrigation Canal at District_7 Sector 29,Irrigation Canal,District_7,10069659.04,6614587.44,63.1,65.6,65.68829603589042,-34.31170396410958,2.499999999999993,677,4.159999999999999,104827.05927099842,14.3,0,73.2,100.0,2.9999999999999916,6.9555694796308725,28.9,Low,Delayed by 677 days beyond planned completion | Possible duplicate/overlapping work found (duplicate risk 73/100) | Anomaly pattern detected by ML model (score 14/100 on cost/progress/payment behaviour)
WRK00430,Community Hall at District_6 Sector 16,Community Hall,District_6,9043634.42,3751944.11,50.8,40.6,41.4871271410814,-58.5128728589186,-10.199999999999996,1033,0.0,73857.16751968504,19.7,0,71.5,100.0,0.0,2.325372104079125,28.9,Low,Delayed by 1033 days beyond planned completion | Possible duplicate/overlapping work found (duplicate risk 72/100) | Anomaly pattern detected by ML model (score 20/100 on cost/progress/payment behaviour)
WRK00223,Road Construction at District_12 Sector 37,Road Construction,District_12,11862529.03,5387254.63,45.3,47.5,45.41404801940451,-54.585951980595496,2.200000000000003,824,0.0,118923.94326710817,18.9,0,66.0,100.0,2.6400000000000032,5.973784807174286,28.9,Low,Delayed by 824 days beyond planned completion | Possible duplicate/overlapping work found (duplicate risk 66/100) | Anomaly pattern detected by ML model (score 19/100 on cost/progress/payment behaviour)
WRK00203,Community Hall at District_12 Sector 24,Community Hall,District_12,540502.29,356087.12,65.2,64.4,65.88077915451571,-34.11922084548431,-0.7999999999999972,1208,0.0,5461.458895705521,19.3,0,74.4,100.0,0.0,0.0,28.8,Low,Delayed by 1208 days beyond planned completion | Possible duplicate/overlapping work found (duplicate risk 74/100) | Anomaly pattern detected by ML model (score 19/100 on cost/progress/payment behaviour)
WRK00206,School Building at District_3 Sector 10,School Building,District_3,410793.81,337152.21,88.3,80.0,82.07334234174562,-17.92665765825439,-8.299999999999997,621,5.440000000000001,3818.25832389581,18.4,0,74.2,100.0,0.0,1.9040000000000004,28.8,Low,Delayed by 621 days beyond planned completion | Possible duplicate/overlapping work found (duplicate risk 74/100) | Anomaly pattern detected by ML model (score 18/100 on cost/progress/payment behaviour)
WRK00385,Water Supply at District_5 Sector 8,Water Supply,District_5,11440308.67,10454612.45,75.8,92.8,91.38400677435567,-8.615993225644328,17.0,743,0.0,137923.64709762533,32.3,0,0.0,100.0,20.4,16.87585805715239,28.7,Low,"Delayed by 743 days beyond planned completion | Anomaly pattern detected by ML model (score 32/100 on cost/progress/payment behaviour) | Utilisation irregularity: 91% of funds used vs 76% physical work done | Fund diversion signal: financial progress (93%) far ahead of physical progress (76%), payment irregularity 0/100"
WRK00473,Drainage at District_11 Sector 8,Drainage,District_11,11598420.01,6368522.21,52.1,56.0,54.908532407941316,-45.091467592058684,3.8999999999999986,745,0.0,122236.51074856045,15.1,0,67.5,100.0,4.679999999999998,7.280303295858678,28.7,Low,Delayed by 745 days beyond planned completion | Possible duplicate/overlapping work found (duplicate risk 68/100) | Anomaly pattern detected by ML model (score 15/100 on cost/progress/payment behaviour)
WRK00491,Irrigation Canal at District_1 Sector 2,Irrigation Canal,District_1,8641457.12,7154146.6,70.9,78.9,82.78866053089898,-17.211339469101013,8.0,739,0.0,100904.74753173483,12.1,0,65.9,100.0,9.6,9.023780459582504,28.7,Low,Delayed by 739 days beyond planned completion | Possible duplicate/overlapping work found (duplicate risk 66/100) | Anomaly pattern detected by ML model (score 12/100 on cost/progress/payment behaviour)
WRK00534,Bridge at District_5 Sector 13,Bridge,District_5,2537783.16,1974102.82,73.8,76.5,77.78847504055469,-22.211524959445317,2.700000000000003,960,1.2000000000000002,26749.360704607047,5.9,0,94.1,100.0,3.2400000000000033,2.306480513745093,28.6,Low,Delayed by 960 days beyond planned completion | Possible duplicate/overlapping work found (duplicate risk 94/100) | Anomaly pattern detected by ML model (score 6/100 on cost/progress/payment behaviour)
WRK00146,Water Supply at District_2 Sector 6,Water Supply,District_2,897747.91,236656.51,37.3,26.0,26.36113182374326,-73.63886817625675,-11.299999999999997,995,0.0,6344.678552278821,24.1,0,63.4,100.0,0.0,0.0,28.6,Low,Delayed by 995 days beyond planned completion | Possible duplicate/overlapping work found (duplicate risk 63/100) | Anomaly pattern detected by ML model (score 24/100 on cost/progress/payment behaviour)
WRK00557,School Building at District_3 Sector 6,School Building,District_3,448873.32,147577.84,43.3,32.7,32.877391777261344,-67.12260822273865,-10.599999999999994,859,0.6400000000000006,3408.2642032332565,21.6,0,68.2,100.0,0.0,0.22400000000000017,28.6,Low,Delayed by 859 days beyond planned completion | Possible duplicate/overlapping work found (duplicate risk 68/100) | Anomaly pattern detected by ML model (score 22/100 on cost/progress/payment behaviour)
WRK00543,School Building at District_1 Sector 16,School Building,District_1,602046.2,414838.18,67.8,71.4,68.90470864196136,-31.09529135803863,3.6000000000000085,935,13.680000000000001,6118.557227138644,13.2,0,71.6,100.0,4.32000000000001,7.218000000000006,28.6,Low,Delayed by 935 days beyond planned completion | Possible duplicate/overlapping work found (duplicate risk 72/100) | Anomaly pattern detected by ML model (score 13/100 on cost/progress/payment behaviour)
WRK00050,Drainage at District_11 Sector 33,Drainage,District_11,5907257.55,2934048.51,44.8,50.5,49.66853882983314,-50.33146117016686,5.700000000000003,939,4.480000000000001,65492.154241071425,13.4,0,67.5,100.0,6.840000000000003,7.339312957937034,28.6,Low,Delayed by 939 days beyond planned completion | Possible duplicate/overlapping work found (duplicate risk 68/100) | Anomaly pattern detected by ML model (score 13/100 on cost/progress/payment behaviour)
WRK00474,Bridge at District_12 Sector 37,Bridge,District_12,4767828.23,2526761.16,43.0,51.1,52.99606105985911,-47.00393894014089,8.100000000000001,830,5.840000000000001,58761.88744186047,11.2,0,66.8,100.0,9.72,9.112229168445722,28.6,Low,Delayed by 830 days beyond planned completion | Possible duplicate/overlapping work found (duplicate risk 67/100) | Anomaly pattern detected by ML model (score 11/100 on cost/progress/payment behaviour)
WRK00124,Water Supply at District_2 Sector 13,Water Supply,District_2,1279353.76,767692.17,50.4,57.7,60.00624643491883,-39.99375356508117,7.300000000000004,563,0.0,15231.987500000001,12.5,0,69.2,100.0,8.760000000000005,4.927500000000003,28.5,Low,Delayed by 563 days beyond planned completion | Possible duplicate/overlapping work found (duplicate risk 69/100) | Anomaly pattern detected by ML model (score 12/100 on cost/progress/payment behaviour)
WRK00488,Drainage at District_12 Sector 14,Drainage,District_12,604675.46,177315.2,26.4,28.4,29.324027801624364,-70.67597219837563,2.0,1034,0.0,6716.484848484849,21.8,0,62.3,100.0,2.4,1.35,28.5,Low,Delayed by 1034 days beyond planned completion | Possible duplicate/overlapping work found (duplicate risk 62/100) | Anomaly pattern detected by ML model (score 22/100 on cost/progress/payment behaviour)
WRK00231,Drainage at District_6 Sector 29,Drainage,District_6,1229483.12,942434.38,75.9,74.2,76.65289296529747,-23.347107034702525,-1.7000000000000028,627,15.12,12416.79025032938,19.9,0,64.6,100.0,0.0,5.292,28.5,Low,Delayed by 627 days beyond planned completion | Possible duplicate/overlapping work found (duplicate risk 65/100) | Anomaly pattern detected by ML model (score 20/100 on cost/progress/payment behaviour)
WRK00297,Anganwadi Center at District_2 Sector 13,Anganwadi Center,District_2,4729736.0,2306636.99,42.0,50.9,48.76883170646311,-51.23116829353689,8.899999999999999,805,2.0800000000000014,54919.92833333334,13.1,0,62.0,100.0,10.679999999999998,8.151797444580165,28.5,Low,Delayed by 805 days beyond planned completion | Possible duplicate/overlapping work found (duplicate risk 62/100) | Anomaly pattern detected by ML model (score 13/100 on cost/progress/payment behaviour) | Utilisation irregularity: 49% of funds used vs 42% physical work done
WRK00252,Irrigation Canal at District_4 Sector 22,Irrigation Canal,District_4,4112410.61,1845262.91,44.0,47.1,44.87059014761174,-55.129409852388264,3.1000000000000014,893,0.8800000000000012,41937.793409090904,9.2,0,84.5,100.0,3.7200000000000015,3.193595204291047,28.5,Low,Delayed by 893 days beyond planned completion | Possible duplicate/overlapping work found (duplicate risk 84/100) | Anomaly pattern detected by ML model (score 9/100 on cost/progress/payment behaviour)
WRK00445,Bridge at District_3 Sector 13,Bridge,District_3,959125.28,463067.15,50.2,50.4,48.28015272415716,-51.71984727584283,0.19999999999999574,964,56.32,9224.445219123505,42.0,0,0.0,100.0,0.23999999999999488,19.846999999999998,28.5,Low,"Delayed by 964 days beyond planned completion | Anomaly pattern detected by ML model (score 42/100 on cost/progress/payment behaviour) | Fund diversion signal: financial progress (50%) far ahead of physical progress (50%), payment irregularity 56/100"
WRK00328,Water Supply at District_11 Sector 14,Water Supply,District_11,1254172.84,814288.25,76.2,65.5,64.92631828959077,-35.07368171040923,-10.700000000000003,1010,56.400000000000006,10686.197506561679,42.2,0,0.0,100.0,0.0,19.740000000000002,28.5,Low,"Delayed by 1010 days beyond planned completion | Anomaly pattern detected by ML model (score 42/100 on cost/progress/payment behaviour) | Fund diversion signal: financial progress (66%) far ahead of physical progress (76%), payment irregularity 56/100"
WRK00324,Anganwadi Center at District_1 Sector 6,Anganwadi Center,District_1,2199673.08,984729.64,38.3,45.8,44.767090571477105,-55.232909428522895,7.5,821,6.880000000000002,25710.95665796345,13.9,0,63.1,100.0,9.0,7.48463233915979,28.5,Low,Delayed by 821 days beyond planned completion | Possible duplicate/overlapping work found (duplicate risk 63/100) | Anomaly pattern detected by ML model (score 14/100 on cost/progress/payment behaviour)
WRK00415,School Building at District_8 Sector 1,School Building,District_8,9701818.89,8014430.22,70.8,85.2,82.60750185989093,-17.392498140109073,14.400000000000006,1217,0.0,113198.16694915254,35.1,0,0.0,100.0,17.280000000000005,13.933921185006799,28.5,Low,"Delayed by 1217 days beyond planned completion | Anomaly pattern detected by ML model (score 35/100 on cost/progress/payment behaviour) | Utilisation irregularity: 83% of funds used vs 71% physical work done | Fund diversion signal: financial progress (85%) far ahead of physical progress (71%), payment irregularity 0/100"
WRK00521,School Building at District_10 Sector 12,School Building,District_10,418673.28,151474.97,32.1,35.1,36.17975572742545,-63.820244272574556,3.0,731,0.0,4718.846417445483,16.5,0,70.1,100.0,3.5999999999999996,2.0250000000000004,28.4,Low,Delayed by 731 days beyond planned completion | Possible duplicate/overlapping work found (duplicate risk 70/100) | Anomaly pattern detected by ML model (score 16/100 on cost/progress/payment behaviour)
WRK00327,School Building at District_4 Sector 20,School Building,District_4,2371661.91,1900430.35,74.8,81.6,80.13074468949075,-19.869255310509246,6.799999999999997,542,6.240000000000001,25406.82286096257,15.7,0,60.5,100.0,8.159999999999997,6.773999999999998,28.4,Low,Delayed by 542 days beyond planned completion | Possible duplicate/overlapping work found (duplicate risk 60/100) | Anomaly pattern detected by ML model (score 16/100 on cost/progress/payment behaviour)
WRK00598,Water Supply at District_2 Sector 18,Water Supply,District_2,3030605.34,1594436.08,47.3,50.7,52.61114203672591,-47.38885796327409,3.4000000000000057,799,8.56,33709.00803382664,9.1,0,80.4,100.0,4.080000000000006,5.689075624641882,28.4,Low,Delayed by 799 days beyond planned completion | Possible duplicate/overlapping work found (duplicate risk 80/100) | Anomaly pattern detected by ML model (score 9/100 on cost/progress/payment behaviour)
WRK00039,Road Construction at District_8 Sector 3,Road Construction,District_8,8965207.45,8597249.76,81.1,94.8,95.89571471656242,-4.104285283437579,13.700000000000003,1173,0.0,106008.01183723798,35.6,0,0.0,100.0,16.44,13.116260639386224,28.3,Low,"Delayed by 1173 days beyond planned completion | Anomaly pattern detected by ML model (score 36/100 on cost/progress/payment behaviour) | Utilisation irregularity: 96% of funds used vs 81% physical work done | Fund diversion signal: financial progress (95%) far ahead of physical progress (81%), payment irregularity 0/100"
WRK00481,Road Construction at District_1 Sector 20,Road Construction,District_1,3189790.56,2734931.8,80.8,87.4,85.7401684704967,-14.25983152950331,6.6000000000000085,748,1.119999999999999,33848.16584158416,7.8,0,78.5,100.0,7.92000000000001,5.251755840034366,28.3,Low,Delayed by 748 days beyond planned completion | Possible duplicate/overlapping work found (duplicate risk 78/100) | Anomaly pattern detected by ML model (score 8/100 on cost/progress/payment behaviour)
WRK00531,Drainage at District_10 Sector 32,Drainage,District_10,8046672.87,5323716.89,75.7,68.4,66.16047372632907,-33.83952627367093,-7.299999999999997,963,9.040000000000001,70326.51109643329,15.2,0,72.4,100.0,0.0,5.3198843422047,28.3,Low,Delayed by 963 days beyond planned completion | Possible duplicate/overlapping work found (duplicate risk 72/100) | Anomaly pattern detected by ML model (score 15/100 on cost/progress/payment behaviour)
WRK00561,Bridge at District_9 Sector 7,Bridge,District_9,5761072.58,4957270.98,94.0,83.5,86.04770919237404,-13.952290807625959,-10.5,1013,0.0,52736.92531914894,18.8,0,70.4,100.0,0.0,1.311503250332718,28.3,Low,Delayed by 1013 days beyond planned completion | Possible duplicate/overlapping work found (duplicate risk 70/100) | Anomaly pattern detected by ML model (score 19/100 on cost/progress/payment behaviour)
WRK00599,Water Supply at District_8 Sector 36,Water Supply,District_8,10281255.72,7530440.86,90.4,71.7,73.24436883085328,-26.75563116914672,-18.700000000000003,847,0.0,83301.33694690265,21.1,0,63.2,100.0,0.0,2.778735713305014,28.3,Low,Delayed by 847 days beyond planned completion | Possible duplicate/overlapping work found (duplicate risk 63/100) | Anomaly pattern detected by ML model (score 21/100 on cost/progress/payment behaviour)
WRK00141,Water Supply at District_6 Sector 27,Water Supply,District_6,6091532.6,3265500.38,45.8,51.8,53.60720518839545,-46.39279481160455,6.0,681,0.0,71299.13493449782,9.1,0,75.4,100.0,7.199999999999999,6.252574763955636,28.3,Low,Delayed by 681 days beyond planned completion | Possible duplicate/overlapping work found (duplicate risk 75/100) | Anomaly pattern detected by ML model (score 9/100 on cost/progress/payment behaviour)
WRK00262,School Building at District_3 Sector 24,School Building,District_3,12996950.18,8052250.08,67.5,64.8,61.954919950304834,-38.045080049695166,-2.700000000000003,1016,5.040000000000001,119292.59377777777,18.5,0,64.7,100.0,0.0,6.270481728788002,28.3,Low,Delayed by 1016 days beyond planned completion | Possible duplicate/overlapping work found (duplicate risk 65/100) | Anomaly pattern detected by ML model (score 18/100 on cost/progress/payment behaviour)
WRK00067,Anganwadi Center at District_3 Sector 6,Anganwadi Center,District_3,2413419.68,819204.51,42.2,33.2,33.9437237869876,-66.0562762130124,-9.0,852,4.4,19412.42914691943,20.4,0,65.2,100.0,0.0,1.54,28.2,Low,Delayed by 852 days beyond planned completion | Possible duplicate/overlapping work found (duplicate risk 65/100) | Anomaly pattern detected by ML model (score 20/100 on cost/progress/payment behaviour)
WRK00319,Water Supply at District_12 Sector 31,Water Supply,District_12,2888836.69,1879974.59,55.0,62.1,65.07721937026493,-34.92278062973507,7.100000000000001,819,10.480000000000002,34181.356181818184,9.4,0,68.4,100.0,8.520000000000001,8.881250510224454,28.2,Low,Delayed by 819 days beyond planned completion | Possible duplicate/overlapping work found (duplicate risk 68/100) | Anomaly pattern detected by ML model (score 9/100 on cost/progress/payment behaviour)
WRK00534_DUP,Bridge at District_5 Sector 13 Phase,Bridge,District_5,2789326.9715020447,1974102.82,73.8,76.5,70.7734460738732,-29.2265539261268,2.700000000000003,960,1.2000000000000002,26749.360704607047,4.5,0,94.1,100.0,3.2400000000000033,2.306480513745093,28.2,Low,Delayed by 960 days beyond planned completion | Possible duplicate/overlapping work found (duplicate risk 94/100) | Anomaly pattern detected by ML model (score 4/100 on cost/progress/payment behaviour)
WRK00514,Water Supply at District_4 Sector 24,Water Supply,District_4,12432002.1,8850645.93,70.8,68.1,71.19244236614149,-28.80755763385851,-2.700000000000003,984,5.040000000000001,125009.12330508475,19.8,0,60.3,100.0,0.0,6.544901462436278,28.2,Low,Delayed by 984 days beyond planned completion | Possible duplicate/overlapping work found (duplicate risk 60/100) | Anomaly pattern detected by ML model (score 20/100 on cost/progress/payment behaviour)
WRK00380,Drainage at District_8 Sector 11,Drainage,District_8,2897507.32,763207.75,30.3,27.2,26.340149159657688,-73.65985084034232,-3.1000000000000014,879,3.040000000000001,25188.374587458744,23.2,0,60.7,100.0,0.0,1.0640000000000003,28.2,Low,Delayed by 879 days beyond planned completion | Possible duplicate/overlapping work found (duplicate risk 61/100) | Anomaly pattern detected by ML model (score 23/100 on cost/progress/payment behaviour)
WRK00163,Community Hall at District_10 Sector 39,Community Hall,District_10,10495971.13,6332881.88,70.9,60.2,60.33631191971466,-39.66368808028534,-10.700000000000003,1002,0.0,89321.32411847672,14.4,0,76.3,100.0,0.0,3.0677228108609764,28.2,Low,Delayed by 1002 days beyond planned completion | Possible duplicate/overlapping work found (duplicate risk 76/100) | Anomaly pattern detected by ML model (score 14/100 on cost/progress/payment behaviour)
WRK00349,Irrigation Canal at District_12 Sector 4,Irrigation Canal,District_12,8961570.2,4915758.88,58.9,54.7,54.85376747927501,-45.14623252072499,-4.199999999999996,1064,9.200000000000001,83459.40373514431,18.0,0,65.4,100.0,0.0,6.006323646809199,28.2,Low,Delayed by 1064 days beyond planned completion | Possible duplicate/overlapping work found (duplicate risk 65/100) | Anomaly pattern detected by ML model (score 18/100 on cost/progress/payment behaviour)
WRK00126,School Building at District_4 Sector 15,School Building,District_4,423571.51,319812.36,84.2,72.1,75.50374669911109,-24.496253300888917,-12.100000000000009,573,3.2,3798.246555819477,23.1,0,60.5,100.0,0.0,1.1199999999999999,28.2,Low,Delayed by 573 days beyond planned completion | Possible duplicate/overlapping work found (duplicate risk 60/100) | Anomaly pattern detected by ML model (score 23/100 on cost/progress/payment behaviour)
WRK00373,Drainage at District_7 Sector 12,Drainage,District_7,404851.54,309710.5,61.8,73.1,76.4997707554725,-23.50022924452751,11.299999999999997,833,0.0,5011.496763754046,6.0,0,70.7,100.0,13.559999999999997,7.627499999999999,28.2,Low,Delayed by 833 days beyond planned completion | Possible duplicate/overlapping work found (duplicate risk 71/100) | Utilisation irregularity: 76% of funds used vs 62% physical work done | Anomaly pattern detected by ML model (score 6/100 on cost/progress/payment behaviour)
WRK00049,School Building at District_2 Sector 4,School Building,District_2,458213.07,290344.55,54.2,63.4,63.36452820955106,-36.63547179044893,9.199999999999996,1077,0.0,5356.910516605166,11.1,0,64.5,100.0,11.039999999999994,6.209999999999997,28.1,Low,Delayed by 1077 days beyond planned completion | Possible duplicate/overlapping work found (duplicate risk 64/100) | Anomaly pattern detected by ML model (score 11/100 on cost/progress/payment behaviour) | Utilisation irregularity: 63% of funds used vs 54% physical work done
WRK00038,Bridge at District_11 Sector 20,Bridge,District_11,593027.1,519417.03,91.6,91.0,87.58740199225298,-12.412598007747023,-0.5999999999999943,624,10.8,5670.491593886463,19.0,0,64.6,100.0,0.0,3.78,28.1,Low,Delayed by 624 days beyond planned completion | Possible duplicate/overlapping work found (duplicate risk 65/100) | Anomaly pattern detected by ML model (score 19/100 on cost/progress/payment behaviour)
WRK00396,School Building at District_4 Sector 38,School Building,District_4,1096103.57,384411.77,35.1,36.0,35.070752483727425,-64.92924751627257,0.8999999999999986,1071,0.0,10951.902279202279,19.0,0,67.3,100.0,1.0799999999999983,0.607499999999999,28.1,Low,Delayed by 1071 days beyond planned completion | Possible duplicate/overlapping work found (duplicate risk 67/100) | Anomaly pattern detected by ML model (score 19/100 on cost/progress/payment behaviour)
WRK00407,Anganwadi Center at District_5 Sector 10,Anganwadi Center,District_5,3225015.81,1401430.3,44.6,45.4,43.45499007026573,-56.54500992973427,0.7999999999999972,1063,3.3599999999999994,31422.204035874438,15.2,0,73.6,100.0,0.9599999999999965,2.0042985053204108,28.1,Low,Delayed by 1063 days beyond planned completion | Possible duplicate/overlapping work found (duplicate risk 74/100) | Anomaly pattern detected by ML model (score 15/100 on cost/progress/payment behaviour)
WRK00003,School Building at District_11 Sector 4,School Building,District_11,2594631.16,2250868.09,78.0,84.0,86.75098506101344,-13.249014938986562,6.0,1097,0.0,28857.283205128202,12.5,0,68.8,100.0,7.199999999999999,4.215170497699698,28.1,Low,Delayed by 1097 days beyond planned completion | Possible duplicate/overlapping work found (duplicate risk 69/100) | Anomaly pattern detected by ML model (score 12/100 on cost/progress/payment behaviour)
WRK00391,Community Hall at District_12 Sector 37,Community Hall,District_12,4366557.86,3546272.74,71.9,81.1,81.2143764883033,-18.785623511696695,9.199999999999989,748,0.0,49322.29123783032,6.4,0,73.2,100.0,11.039999999999987,7.357585094985891,28.1,Low,Delayed by 748 days beyond planned completion | Possible duplicate/overlapping work found (duplicate risk 73/100) | Utilisation irregularity: 81% of funds used vs 72% physical work done | Anomaly pattern detected by ML model (score 6/100 on cost/progress/payment behaviour)
WRK00261,School Building at District_8 Sector 18,School Building,District_8,10839056.93,5367894.8,53.6,48.7,49.52363323365255,-50.47636676634745,-4.899999999999999,739,0.0,100147.29104477611,15.5,0,72.6,100.0,0.0,3.58741906121861,28.1,Low,Delayed by 739 days beyond planned completion | Possible duplicate/overlapping work found (duplicate risk 73/100) | Anomaly pattern detected by ML model (score 16/100 on cost/progress/payment behaviour)
WRK00194,Road Construction at District_11 Sector 29,Road Construction,District_11,10125513.16,6921964.81,67.2,68.9,68.3616198075239,-31.638380192476095,1.7000000000000028,1053,4.480000000000001,103005.42872023808,14.6,0,68.0,100.0,2.040000000000003,6.440122827224501,28.1,Low,Delayed by 1053 days beyond planned completion | Possible duplicate/overlapping work found (duplicate risk 68/100) | Anomaly pattern detected by ML model (score 15/100 on cost/progress/payment behaviour)
WRK00200,Road Construction at District_8 Sector 34,Road Construction,District_8,563864.85,181541.7,45.0,31.0,32.19595972332732,-67.80404027667268,-14.0,956,0.0,4034.26,22.9,0,61.6,100.0,0.0,0.0,28.1,Low,Delayed by 956 days beyond planned completion | Possible duplicate/overlapping work found (duplicate risk 62/100) | Anomaly pattern detected by ML model (score 23/100 on cost/progress/payment behaviour)
WRK00110,Water Supply at District_2 Sector 17,Water Supply,District_2,2268972.84,727964.75,40.4,33.0,32.083449266849755,-67.91655073315025,-7.399999999999999,1088,0.0,18018.929455445545,22.8,0,60.9,100.0,0.0,0.0,28.0,Low,Delayed by 1088 days beyond planned completion | Possible duplicate/overlapping work found (duplicate risk 61/100) | Anomaly pattern detected by ML model (score 23/100 on cost/progress/payment behaviour)
WRK00284,Irrigation Canal at District_1 Sector 19,Irrigation Canal,District_1,419159.67,369434.47,91.6,86.3,88.13693120810025,-11.863068791899758,-5.299999999999997,921,4.719999999999999,4033.127401746725,15.0,0,74.8,100.0,0.0,1.6519999999999995,28.0,Low,Delayed by 921 days beyond planned completion | Possible duplicate/overlapping work found (duplicate risk 75/100) | Anomaly pattern detected by ML model (score 15/100 on cost/progress/payment behaviour)
WRK00308,Irrigation Canal at District_3 Sector 2,Irrigation Canal,District_3,482196.4,215669.48,63.9,45.8,44.72648074519013,-55.27351925480987,-18.1,846,0.0,3375.109233176839,21.3,0,64.3,100.0,0.0,0.0,28.0,Low,Delayed by 846 days beyond planned completion | Possible duplicate/overlapping work found (duplicate risk 64/100) | Anomaly pattern detected by ML model (score 21/100 on cost/progress/payment behaviour)
WRK00247,Community Hall at District_1 Sector 30,Community Hall,District_1,2996896.51,2645363.36,84.1,88.0,88.27009378445304,-11.729906215546961,3.9000000000000057,542,3.119999999999999,31454.97455410226,17.1,0,61.1,100.0,4.680000000000007,4.014371641056117,27.9,Low,Delayed by 542 days beyond planned completion | Possible duplicate/overlapping work found (duplicate risk 61/100) | Anomaly pattern detected by ML model (score 17/100 on cost/progress/payment behaviour)
WRK00179,Road Construction at District_6 Sector 13,Road Construction,District_6,1037652.81,597912.66,69.9,55.7,57.62164899837741,-42.37835100162259,-14.200000000000003,995,1.7599999999999996,8553.829184549357,15.3,0,75.2,100.0,0.0,0.6159999999999998,27.9,Low,Delayed by 995 days beyond planned completion | Possible duplicate/overlapping work found (duplicate risk 75/100) | Anomaly pattern detected by ML model (score 15/100 on cost/progress/payment behaviour)
WRK00518,Bridge at District_4 Sector 34,Bridge,District_4,5809818.2,5789483.73,100.0,100.0,99.64999817033863,-0.350001829661378,0.0,1019,0.0,57894.83730000001,20.9,0,62.4,100.0,0.0,1.5591067701265198,27.9,Low,Delayed by 1019 days beyond planned completion | Possible duplicate/overlapping work found (duplicate risk 62/100) | Anomaly pattern detected by ML model (score 21/100 on cost/progress/payment behaviour)
WRK00172,Irrigation Canal at District_5 Sector 31,Irrigation Canal,District_5,11624084.11,3313155.24,43.7,29.1,28.502505734191562,-71.49749426580844,-14.600000000000001,874,14.480000000000002,75815.90938215103,47.0,0,0.0,100.0,0.0,7.487400730646348,27.9,Low,Delayed by 874 days beyond planned completion | Anomaly pattern detected by ML model (score 47/100 on cost/progress/payment behaviour)
WRK00405,Bridge at District_12 Sector 39,Bridge,District_12,12252809.72,8599439.07,80.3,68.9,70.18340500271802,-29.81659499728198,-11.399999999999991,750,0.0,107091.39564134496,17.1,0,66.8,100.0,0.0,3.920768049396392,27.9,Low,Delayed by 750 days beyond planned completion | Possible duplicate/overlapping work found (duplicate risk 67/100) | Anomaly pattern detected by ML model (score 17/100 on cost/progress/payment behaviour)
WRK00148,School Building at District_3 Sector 37,School Building,District_3,2332538.59,1578009.46,64.1,64.8,67.65201942489621,-32.3479805751038,0.7000000000000028,676,4.240000000000001,24617.932293291735,5.7,0,91.4,100.0,0.8400000000000034,1.9565000000000021,27.8,Low,Delayed by 676 days beyond planned completion | Possible duplicate/overlapping work found (duplicate risk 91/100) | Anomaly pattern detected by ML model (score 6/100 on cost/progress/payment behaviour)
WRK00476,Anganwadi Center at District_1 Sector 22,Anganwadi Center,District_1,10127077.37,8069487.11,80.1,80.9,79.68228952120666,-20.31771047879334,0.8000000000000114,815,0.8800000000000012,100742.66054931337,11.3,0,76.2,100.0,0.9600000000000136,4.463999538250525,27.8,Low,Delayed by 815 days beyond planned completion | Possible duplicate/overlapping work found (duplicate risk 76/100) | Anomaly pattern detected by ML model (score 11/100 on cost/progress/payment behaviour)
WRK00005,Drainage at District_4 Sector 23,Drainage,District_4,428632.52,311965.26,84.4,70.9,72.78151923703783,-27.218480762962177,-13.5,1058,1.2800000000000011,3696.2708530805685,19.5,0,64.9,100.0,0.0,0.44800000000000034,27.7,Low,Delayed by 1058 days beyond planned completion | Possible duplicate/overlapping work found (duplicate risk 65/100) | Anomaly pattern detected by ML model (score 20/100 on cost/progress/payment behaviour)
WRK00320,Water Supply at District_1 Sector 17,Water Supply,District_1,435112.54,187727.67,45.9,43.6,43.144624147122954,-56.855375852877046,-2.299999999999997,811,11.52,4089.9274509803927,18.1,0,62.8,100.0,0.0,4.032,27.7,Low,Delayed by 811 days beyond planned completion | Possible duplicate/overlapping work found (duplicate risk 63/100) | Anomaly pattern detected by ML model (score 18/100 on cost/progress/payment behaviour)
WRK00174,Road Construction at District_1 Sector 23,Road Construction,District_1,4106379.54,1494225.61,34.0,37.6,36.387908020796345,-63.61209197920365,3.6000000000000014,873,0.0,43947.81205882353,15.3,0,64.0,100.0,4.320000000000001,3.3195853527023935,27.7,Low,Delayed by 873 days beyond planned completion | Possible duplicate/overlapping work found (duplicate risk 64/100) | Anomaly pattern detected by ML model (score 15/100 on cost/progress/payment behaviour)
WRK00560,School Building at District_12 Sector 38,School Building,District_12,4511799.9,4701195.07,99.8,100.0,104.19777415217372,4.197774152173723,0.20000000000000284,58,59.6,47106.163026052105,78.9,1,0.0,15.890410958904111,8.635548304347447,22.0362007387604,27.7,Low,"Anomaly pattern detected by ML model (score 79/100 on cost/progress/payment behaviour) | Fund diversion signal: financial progress (100%) far ahead of physical progress (100%), payment irregularity 60/100 | Delayed by 58 days beyond planned completion"
WRK00182,School Building at District_3 Sector 14,School Building,District_3,2472297.06,1162783.89,49.3,47.0,47.032531357700194,-52.967468642299806,-2.299999999999997,676,0.0,23585.880121703853,6.8,0,91.4,100.0,0.0,0.0,27.7,Low,Delayed by 676 days beyond planned completion | Possible duplicate/overlapping work found (duplicate risk 91/100) | Anomaly pattern detected by ML model (score 7/100 on cost/progress/payment behaviour)
WRK00500,Community Hall at District_1 Sector 28,Community Hall,District_1,2160202.84,842173.08,50.8,38.0,38.98583338590556,-61.014166614094435,-12.799999999999997,906,1.2800000000000011,16578.21023622047,17.2,0,69.5,100.0,0.0,0.44800000000000034,27.7,Low,Delayed by 906 days beyond planned completion | Possible duplicate/overlapping work found (duplicate risk 70/100) | Anomaly pattern detected by ML model (score 17/100 on cost/progress/payment behaviour)
WRK00389,Bridge at District_11 Sector 28,Bridge,District_11,1183016.7,839807.43,69.3,73.3,70.98863693132988,-29.011363068670114,4.0,649,11.760000000000003,12118.433333333334,13.8,0,62.8,100.0,4.8,6.816000000000001,27.7,Low,Delayed by 649 days beyond planned completion | Possible duplicate/overlapping work found (duplicate risk 63/100) | Anomaly pattern detected by ML model (score 14/100 on cost/progress/payment behaviour)
WRK00572,Bridge at District_4 Sector 30,Bridge,District_4,434162.99,357389.98,82.3,81.5,82.31700726033787,-17.68299273966213,-0.7999999999999972,795,0.0,4342.527095990279,3.8,0,97.1,100.0,0.0,0.0,27.6,Low,Delayed by 795 days beyond planned completion | Possible duplicate/overlapping work found (duplicate risk 97/100)
WRK00155,Irrigation Canal at District_4 Sector 21,Irrigation Canal,District_4,3081375.29,2035266.53,62.2,69.2,66.05058905369492,-33.94941094630508,7.0,857,0.0,32721.326848874596,1.6,0,84.5,100.0,8.4,5.075662380923072,27.6,Low,Delayed by 857 days beyond planned completion | Possible duplicate/overlapping work found (duplicate risk 84/100)
WRK00497,Community Hall at District_5 Sector 25,Community Hall,District_5,549608.15,355198.89,54.3,61.7,64.6276606342173,-35.37233936578269,7.400000000000006,861,4.880000000000002,6541.416022099448,5.0,0,74.9,100.0,8.880000000000006,6.703000000000005,27.6,Low,Delayed by 861 days beyond planned completion | Possible duplicate/overlapping work found (duplicate risk 75/100) | Anomaly pattern detected by ML model (score 5/100 on cost/progress/payment behaviour)
WRK00400,Bridge at District_8 Sector 37,Bridge,District_8,1295947.66,953890.4,74.0,72.5,73.605626943298,-26.39437305670199,-1.5,657,5.919999999999999,12890.41081081081,8.6,0,84.9,100.0,0.0,2.0719999999999996,27.6,Low,Delayed by 657 days beyond planned completion | Possible duplicate/overlapping work found (duplicate risk 85/100) | Anomaly pattern detected by ML model (score 9/100 on cost/progress/payment behaviour)
WRK00101,Community Hall at District_4 Sector 7,Community Hall,District_4,529114.85,429526.74,74.9,82.7,81.17835664600985,-18.821643353990158,7.799999999999997,732,9.040000000000001,5734.669425901201,10.8,0,60.2,100.0,9.359999999999996,8.428999999999998,27.6,Low,Delayed by 732 days beyond planned completion | Possible duplicate/overlapping work found (duplicate risk 60/100) | Anomaly pattern detected by ML model (score 11/100 on cost/progress/payment behaviour)
WRK00421,Irrigation Canal at District_3 Sector 18,Irrigation Canal,District_3,9711575.03,6348429.68,61.4,68.2,65.36972283475218,-34.63027716524783,6.800000000000004,769,1.919999999999999,103394.62019543974,10.9,0,60.5,100.0,8.160000000000005,9.005305809697143,27.6,Low,Delayed by 769 days beyond planned completion | Possible duplicate/overlapping work found (duplicate risk 60/100) | Anomaly pattern detected by ML model (score 11/100 on cost/progress/payment behaviour)
WRK00154,Anganwadi Center at District_8 Sector 36,Anganwadi Center,District_8,968428.27,613216.68,72.3,66.5,63.32081569655128,-36.67918430344872,-5.799999999999997,806,0.0,8481.558506224068,2.7,0,98.2,100.0,0.0,0.0,27.5,Low,Delayed by 806 days beyond planned completion | Possible duplicate/overlapping work found (duplicate risk 98/100)
WRK00245,Anganwadi Center at District_7 Sector 4,Anganwadi Center,District_7,483523.46,352984.99,74.7,72.8,73.00266051206698,-26.99733948793302,-1.9000000000000057,815,12.560000000000002,4725.368005354752,11.2,0,75.7,100.0,0.0,4.396000000000001,27.5,Low,Delayed by 815 days beyond planned completion | Possible duplicate/overlapping work found (duplicate risk 76/100) | Anomaly pattern detected by ML model (score 11/100 on cost/progress/payment behaviour)
WRK00429,Community Hall at District_4 Sector 8,Community Hall,District_4,5227704.57,4160393.09,70.5,81.1,79.58355401097197,-20.416445989028038,10.599999999999994,851,0.0,59012.66794326241,7.2,0,62.1,100.0,12.719999999999994,8.767767786993941,27.5,Low,Delayed by 851 days beyond planned completion | Possible duplicate/overlapping work found (duplicate risk 62/100) | Utilisation irregularity: 80% of funds used vs 70% physical work done | Anomaly pattern detected by ML model (score 7/100 on cost/progress/payment behaviour)
WRK00084,Water Supply at District_2 Sector 35,Water Supply,District_2,1006783.97,630044.52,52.6,60.5,62.579911756044346,-37.42008824395565,7.899999999999999,1094,0.0,11978.032699619773,10.5,0,63.4,100.0,9.479999999999999,5.332499999999999,27.5,Low,Delayed by 1094 days beyond planned completion | Possible duplicate/overlapping work found (duplicate risk 63/100) | Anomaly pattern detected by ML model (score 10/100 on cost/progress/payment behaviour)
WRK00087,Bridge at District_2 Sector 32,Bridge,District_2,10325070.66,6559762.36,57.9,60.6,63.53237257167594,-36.46762742832406,2.700000000000003,654,0.0,113294.686701209,14.8,0,62.1,100.0,3.2400000000000033,6.041054577439148,27.5,Low,Delayed by 654 days beyond planned completion | Possible duplicate/overlapping work found (duplicate risk 62/100) | Anomaly pattern detected by ML model (score 15/100 on cost/progress/payment behaviour)
WRK00154_DUP,Anganwadi Center at District_8 Sec 36,Anganwadi Center,District_8,954016.6732442207,613216.68,72.3,66.5,64.27735459954812,-35.72264540045188,-5.799999999999997,806,0.0,8481.558506224068,2.9,0,98.2,100.0,0.0,0.0,27.5,Low,Delayed by 806 days beyond planned completion | Possible duplicate/overlapping work found (duplicate risk 98/100)
WRK00572_DUP,Bridge at District_4 Sec 30,Bridge,District_4,449608.10336242674,357389.98,82.3,81.5,79.48922124117274,-20.510778758827268,-0.7999999999999972,795,0.0,4342.527095990279,3.4,0,97.1,100.0,0.0,0.0,27.5,Low,Delayed by 795 days beyond planned completion | Possible duplicate/overlapping work found (duplicate risk 97/100)
WRK00137,Bridge at District_11 Sector 17,Bridge,District_11,9367148.51,5694031.39,64.5,59.6,60.78724367315491,-39.21275632684509,-4.899999999999999,1114,0.0,88279.55643410853,15.6,0,67.7,100.0,0.0,3.017713166180215,27.5,Low,Delayed by 1114 days beyond planned completion | Possible duplicate/overlapping work found (duplicate risk 68/100) | Anomaly pattern detected by ML model (score 16/100 on cost/progress/payment behaviour)
WRK00004,Drainage at District_10 Sector 19,Drainage,District_10,11412477.52,9288503.39,78.6,79.1,81.3890180613473,-18.610981938652696,0.5,922,5.040000000000001,118174.34338422393,16.0,0,60.9,100.0,0.6,6.554300561974246,27.4,Low,Delayed by 922 days beyond planned completion | Possible duplicate/overlapping work found (duplicate risk 61/100) | Anomaly pattern detected by ML model (score 16/100 on cost/progress/payment behaviour)
WRK00589,Water Supply at District_10 Sector 1,Water Supply,District_10,11008794.49,8300712.13,62.2,77.3,75.4007365433161,-24.599263456683897,15.099999999999994,726,5.119999999999999,133451.96350482316,28.3,0,0.0,100.0,18.119999999999994,17.17069665907259,27.4,Low,"Delayed by 726 days beyond planned completion | Anomaly pattern detected by ML model (score 28/100 on cost/progress/payment behaviour) | Utilisation irregularity: 75% of funds used vs 62% physical work done | Fund diversion signal: financial progress (77%) far ahead of physical progress (62%), payment irregularity 5/100"
WRK00030,Anganwadi Center at District_7 Sector 2,Anganwadi Center,District_7,548420.5,229532.51,51.0,42.9,41.85337893094806,-58.14662106905194,-8.100000000000001,725,0.0,4500.637450980393,13.2,0,75.7,100.0,0.0,0.0,27.4,Low,Delayed by 725 days beyond planned completion | Possible duplicate/overlapping work found (duplicate risk 76/100) | Anomaly pattern detected by ML model (score 13/100 on cost/progress/payment behaviour)
WRK00292,Water Supply at District_12 Sector 1,Water Supply,District_12,477187.12,330161.49,78.8,67.9,69.18910342760299,-30.810896572397013,-10.899999999999991,1129,0.0,4189.8666243654825,17.7,0,66.1,100.0,0.0,0.0,27.4,Low,Delayed by 1129 days beyond planned completion | Possible duplicate/overlapping work found (duplicate risk 66/100) | Anomaly pattern detected by ML model (score 18/100 on cost/progress/payment behaviour)
WRK00365,Road Construction at District_2 Sector 19,Road Construction,District_2,2195301.55,1033888.69,42.5,46.0,47.095520430894794,-52.90447956910521,3.5,689,0.0,24326.79270588235,7.3,0,79.2,100.0,4.2,2.3625,27.3,Low,Delayed by 689 days beyond planned completion | Possible duplicate/overlapping work found (duplicate risk 79/100) | Anomaly pattern detected by ML model (score 7/100 on cost/progress/payment behaviour)
WRK00299,Road Construction at District_9 Sector 15,Road Construction,District_9,531166.88,239388.08,43.2,45.8,45.06833709210182,-54.93166290789818,2.5999999999999943,914,0.0,5541.3907407407405,7.8,0,80.2,100.0,3.119999999999993,1.7549999999999963,27.3,Low,Delayed by 914 days beyond planned completion | Possible duplicate/overlapping work found (duplicate risk 80/100) | Anomaly pattern detected by ML model (score 8/100 on cost/progress/payment behaviour)
WRK00413,Road Construction at District_9 Sector 22,Road Construction,District_9,2843963.4,2055652.78,77.1,75.0,72.28126705146768,-27.718732948532317,-2.0999999999999943,889,10.160000000000004,26662.163164721143,8.4,0,80.2,100.0,0.0,3.6157946304122115,27.3,Low,Delayed by 889 days beyond planned completion | Possible duplicate/overlapping work found (duplicate risk 80/100) | Anomaly pattern detected by ML model (score 8/100 on cost/progress/payment behaviour)
WRK00075,Road Construction at District_1 Sector 38,Road Construction,District_1,4235179.91,2407587.21,57.0,58.9,56.84734205305578,-43.152657946944224,1.8999999999999986,602,0.0,42238.37210526316,8.7,0,78.5,100.0,2.279999999999998,2.0900243654367925,27.3,Low,Delayed by 602 days beyond planned completion | Possible duplicate/overlapping work found (duplicate risk 78/100) | Anomaly pattern detected by ML model (score 9/100 on cost/progress/payment behaviour)
WRK00402,Drainage at District_4 Sector 39,Drainage,District_4,5312305.24,2346075.02,32.4,45.2,44.16303118907376,-55.83696881092624,12.800000000000004,729,10.239999999999998,72409.72283950618,30.7,0,0.0,100.0,15.360000000000005,14.47988809604455,27.2,Low,"Delayed by 729 days beyond planned completion | Anomaly pattern detected by ML model (score 31/100 on cost/progress/payment behaviour) | Utilisation irregularity: 44% of funds used vs 32% physical work done | Fund diversion signal: financial progress (45%) far ahead of physical progress (32%), payment irregularity 10/100"
WRK00418,Water Supply at District_2 Sector 27,Water Supply,District_2,936850.2,484444.14,50.3,52.9,51.70988275393441,-48.29011724606559,2.6000000000000014,614,4.0,9631.096222664017,11.9,0,69.2,100.0,3.1200000000000014,3.1550000000000007,27.2,Low,Delayed by 614 days beyond planned completion | Possible duplicate/overlapping work found (duplicate risk 69/100) | Anomaly pattern detected by ML model (score 12/100 on cost/progress/payment behaviour)
WRK00222,Drainage at District_11 Sector 39,Drainage,District_11,825189.87,861840.15,87.7,100.0,104.44143600550986,4.441436005509862,12.299999999999997,837,0.0,9827.13968072976,25.3,0,0.0,100.0,23.642872011019712,8.302499999999998,27.2,Low,Delayed by 837 days beyond planned completion | Anomaly pattern detected by ML model (score 25/100 on cost/progress/payment behaviour) | Utilisation irregularity: 104% of funds used vs 88% physical work done
WRK00253,School Building at District_8 Sector 19,School Building,District_8,2848931.71,1113581.53,51.1,38.2,39.08768771435381,-60.91231228564619,-12.899999999999999,943,0.0,21792.20215264188,15.1,0,69.8,100.0,0.0,0.0,27.2,Low,Delayed by 943 days beyond planned completion | Possible duplicate/overlapping work found (duplicate risk 70/100) | Anomaly pattern detected by ML model (score 15/100 on cost/progress/payment behaviour)
WRK00277,Drainage at District_10 Sector 19,Drainage,District_10,5134035.45,3020178.59,72.6,56.2,58.82660179138419,-41.1733982086158,-16.39999999999999,722,3.2,41600.256060606065,18.0,0,61.4,100.0,0.0,1.896891857693238,27.2,Low,Delayed by 722 days beyond planned completion | Possible duplicate/overlapping work found (duplicate risk 61/100) | Anomaly pattern detected by ML model (score 18/100 on cost/progress/payment behaviour)
WRK00056,Water Supply at District_12 Sector 34,Water Supply,District_12,8243492.36,4938830.15,69.7,58.3,59.911866649682935,-40.08813335031707,-11.400000000000006,1046,0.0,70858.39526542324,14.4,0,69.2,100.0,0.0,2.1814172308723316,27.2,Low,Delayed by 1046 days beyond planned completion | Possible duplicate/overlapping work found (duplicate risk 69/100) | Anomaly pattern detected by ML model (score 14/100 on cost/progress/payment behaviour)
WRK00108,Road Construction at District_6 Sector 30,Road Construction,District_6,930092.33,472584.82,63.3,50.5,50.81052759568505,-49.189472404314955,-12.799999999999997,931,1.2000000000000002,7465.794944707742,12.2,0,75.2,100.0,0.0,0.42000000000000004,27.1,Low,Delayed by 931 days beyond planned completion | Possible duplicate/overlapping work found (duplicate risk 75/100) | Anomaly pattern detected by ML model (score 12/100 on cost/progress/payment behaviour)
WRK00093,School Building at District_6 Sector 31,School Building,District_6,563879.43,342859.36,72.6,62.7,60.80366506719352,-39.19633493280648,-9.899999999999991,692,0.0,4722.580716253444,8.6,0,82.6,100.0,0.0,0.0,27.1,Low,Delayed by 692 days beyond planned completion | Possible duplicate/overlapping work found (duplicate risk 83/100) | Anomaly pattern detected by ML model (score 9/100 on cost/progress/payment behaviour)
WRK00369,School Building at District_12 Sector 22,School Building,District_12,3108798.78,1146833.04,40.5,36.8,36.88990896992053,-63.11009103007946,-3.700000000000003,739,4.719999999999999,28316.865185185186,17.2,0,63.0,100.0,0.0,1.7912279449002966,27.1,Low,Delayed by 739 days beyond planned completion | Possible duplicate/overlapping work found (duplicate risk 63/100) | Anomaly pattern detected by ML model (score 17/100 on cost/progress/payment behaviour)
WRK00394,Drainage at District_6 Sector 19,Drainage,District_6,5866502.41,3843840.38,56.1,64.9,65.52184097713513,-34.47815902286487,8.800000000000004,707,0.0,68517.65383244207,7.5,0,61.0,100.0,10.560000000000004,8.009050866365724,27.0,Low,Delayed by 707 days beyond planned completion | Possible duplicate/overlapping work found (duplicate risk 61/100) | Anomaly pattern detected by ML model (score 8/100 on cost/progress/payment behaviour) | Utilisation irregularity: 66% of funds used vs 56% physical work done
WRK00118,Road Construction at District_8 Sector 37,Road Construction,District_8,585864.99,173108.09,24.7,31.1,29.547437200505872,-70.45256279949413,6.400000000000002,1204,2.0,7008.4246963562755,40.5,0,0.0,100.0,7.680000000000002,5.020000000000002,27.0,Low,Delayed by 1204 days beyond planned completion | Anomaly pattern detected by ML model (score 40/100 on cost/progress/payment behaviour)
WRK00336,Anganwadi Center at District_11 Sector 12,Anganwadi Center,District_11,10557655.68,5860117.12,65.2,56.4,55.50585563328393,-44.49414436671608,-8.800000000000004,987,1.119999999999999,89879.09693251534,15.3,0,63.5,100.0,0.0,3.4864984736706517,27.0,Low,Delayed by 987 days beyond planned completion | Possible duplicate/overlapping work found (duplicate risk 64/100) | Anomaly pattern detected by ML model (score 15/100 on cost/progress/payment behaviour)
WRK00159_DUP,Bridge at District_1 Sector 28 Phase,Bridge,District_1,577913.9907045211,356954.93,64.4,62.7,61.766099409506396,-38.23390059049361,-1.7000000000000028,750,0.0,5542.778416149068,1.9,0,95.8,100.0,0.0,0.0,27.0,Low,Delayed by 750 days beyond planned completion | Possible duplicate/overlapping work found (duplicate risk 96/100)
WRK00398,Anganwadi Center at District_2 Sector 24,Anganwadi Center,District_2,9906744.51,5805383.51,53.8,56.7,58.600315210914836,-41.399684789085164,2.9000000000000057,881,0.0,107906.75669144982,9.8,0,67.6,100.0,3.4800000000000066,5.917409133357938,27.0,Low,Delayed by 881 days beyond planned completion | Possible duplicate/overlapping work found (duplicate risk 68/100) | Anomaly pattern detected by ML model (score 10/100 on cost/progress/payment behaviour)
WRK00001,Anganwadi Center at District_3 Sector 28,Anganwadi Center,District_3,2284048.4,1223011.9,45.8,52.8,53.54579613987164,-46.45420386012836,7.0,1014,0.0,26703.316593886462,6.8,0,69.1,100.0,8.4,4.786770184464072,27.0,Low,Delayed by 1014 days beyond planned completion | Possible duplicate/overlapping work found (duplicate risk 69/100) | Anomaly pattern detected by ML model (score 7/100 on cost/progress/payment behaviour)
WRK00081,Anganwadi Center at District_6 Sector 38,Anganwadi Center,District_6,591200.89,477755.79,69.5,77.1,80.81107421878204,-19.18892578121796,7.599999999999994,842,0.0,6874.184028776978,3.8,0,73.3,100.0,9.119999999999992,5.129999999999996,26.9,Low,Delayed by 842 days beyond planned completion | Possible duplicate/overlapping work found (duplicate risk 73/100)
WRK00159,Bridge at District_1 Sector 28,Bridge,District_1,557728.0,356954.93,64.4,62.7,64.00161548281599,-35.99838451718401,-1.7000000000000028,750,0.0,5542.778416149068,1.8,0,95.8,100.0,0.0,0.0,26.9,Low,Delayed by 750 days beyond planned completion | Possible duplicate/overlapping work found (duplicate risk 96/100)
WRK00166,Community Hall at District_5 Sector 29,Community Hall,District_5,626447.96,483274.06,65.8,73.5,77.1451247123544,-22.854875287645594,7.700000000000003,856,0.0,7344.590577507599,2.9,0,74.9,100.0,9.240000000000004,5.197500000000002,26.9,Low,Delayed by 856 days beyond planned completion | Possible duplicate/overlapping work found (duplicate risk 75/100)
WRK00446,Water Supply at District_7 Sector 7,Water Supply,District_7,3014851.88,1412835.56,60.5,47.8,46.86251982634716,-53.13748017365284,-12.700000000000003,829,4.080000000000001,23352.65388429752,12.5,0,71.3,100.0,0.0,1.4280000000000002,26.9,Low,Delayed by 829 days beyond planned completion | Possible duplicate/overlapping work found (duplicate risk 71/100) | Anomaly pattern detected by ML model (score 12/100 on cost/progress/payment behaviour)
WRK00553,Community Hall at District_8 Sector 39,Community Hall,District_8,6452452.35,3947050.67,66.8,61.6,61.1713261237799,-38.8286738762201,-5.199999999999996,935,2.8000000000000003,59087.58488023952,9.7,0,75.5,100.0,0.0,2.5963641448528163,26.9,Low,Delayed by 935 days beyond planned completion | Possible duplicate/overlapping work found (duplicate risk 76/100) | Anomaly pattern detected by ML model (score 10/100 on cost/progress/payment behaviour)
WRK00374,School Building at District_4 Sector 14,School Building,District_4,1292926.6,819011.58,57.6,65.8,63.34555882754673,-36.65444117245326,8.199999999999996,669,0.0,14218.951041666665,6.2,0,67.3,100.0,9.839999999999995,5.5349999999999975,26.9,Low,Delayed by 669 days beyond planned completion | Possible duplicate/overlapping work found (duplicate risk 67/100) | Anomaly pattern detected by ML model (score 6/100 on cost/progress/payment behaviour)
WRK00466,Water Supply at District_9 Sector 39,Water Supply,District_9,928652.33,389892.44,51.3,43.4,41.98475870943004,-58.01524129056995,-7.899999999999999,778,0.8,7600.242495126706,12.0,0,74.1,100.0,0.0,0.27999999999999997,26.9,Low,Delayed by 778 days beyond planned completion | Possible duplicate/overlapping work found (duplicate risk 74/100) | Anomaly pattern detected by ML model (score 12/100 on cost/progress/payment behaviour)
WRK00574,Bridge at District_8 Sector 8,Bridge,District_8,1017002.34,559846.03,53.6,55.3,55.048647184036966,-44.951352815963034,1.6999999999999957,727,0.08000000000000114,10444.888619402986,4.6,0,84.9,100.0,2.0399999999999947,1.1754999999999978,26.8,Low,Delayed by 727 days beyond planned completion | Possible duplicate/overlapping work found (duplicate risk 85/100) | Anomaly pattern detected by ML model (score 5/100 on cost/progress/payment behaviour)
WRK00311,Road Construction at District_10 Sector 22,Road Construction,District_10,6416909.91,3098563.88,44.1,48.7,48.28747673660265,-51.71252326339736,4.600000000000001,720,0.0,70262.21950113378,10.2,0,63.7,100.0,5.520000000000001,5.257798049660661,26.8,Low,Delayed by 720 days beyond planned completion | Possible duplicate/overlapping work found (duplicate risk 64/100) | Anomaly pattern detected by ML model (score 10/100 on cost/progress/payment behaviour)
WRK00258,Water Supply at District_1 Sector 4,Water Supply,District_1,937285.12,492477.01,54.3,54.4,52.54292418511882,-47.45707581488117,0.10000000000000142,1067,6.240000000000001,9069.558195211786,11.3,0,71.8,100.0,0.1200000000000017,2.251500000000001,26.8,Low,Delayed by 1067 days beyond planned completion | Possible duplicate/overlapping work found (duplicate risk 72/100) | Anomaly pattern detected by ML model (score 11/100 on cost/progress/payment behaviour)
WRK00132,Bridge at District_11 Sector 20,Bridge,District_11,10488238.51,6583537.18,63.3,59.8,62.77066614878116,-37.22933385121884,-3.5,1046,0.0,104005.32669826224,12.5,0,67.7,100.0,0.0,3.7726225332514005,26.8,Low,Delayed by 1046 days beyond planned completion | Possible duplicate/overlapping work found (duplicate risk 68/100) | Anomaly pattern detected by ML model (score 12/100 on cost/progress/payment behaviour)
WRK00571,School Building at District_3 Sector 7,School Building,District_3,1031410.57,974781.22,94.7,92.2,94.50952398131814,-5.4904760186818695,-2.5,789,0.15999999999999945,10293.360295670538,12.3,0,71.6,100.0,0.0,0.0559999999999998,26.7,Low,Delayed by 789 days beyond planned completion | Possible duplicate/overlapping work found (duplicate risk 72/100) | Anomaly pattern detected by ML model (score 12/100 on cost/progress/payment behaviour)
WRK00298,Water Supply at District_12 Sector 19,Water Supply,District_12,3058592.75,2606002.02,88.0,87.6,85.20264817864359,-14.797351821356406,-0.4000000000000057,673,7.76,29613.659318181817,11.8,0,68.4,100.0,0.0,2.917480033142589,26.6,Low,Delayed by 673 days beyond planned completion | Possible duplicate/overlapping work found (duplicate risk 68/100) | Anomaly pattern detected by ML model (score 12/100 on cost/progress/payment behaviour)
WRK00582,Community Hall at District_8 Sector 23,Community Hall,District_8,12387312.63,6279577.15,48.1,53.1,50.69361965396687,-49.30638034603314,5.0,565,9.52,130552.5395010395,35.9,0,0.0,100.0,6.0,11.75401095924353,26.6,Low,"Delayed by 565 days beyond planned completion | Anomaly pattern detected by ML model (score 36/100 on cost/progress/payment behaviour) | Fund diversion signal: financial progress (53%) far ahead of physical progress (48%), payment irregularity 10/100"
WRK00117,School Building at District_7 Sector 39,School Building,District_7,567236.91,537991.86,94.0,91.0,94.84429706804517,-5.155702931954841,-3.0,658,0.0,5723.317659574468,14.8,0,65.5,100.0,0.0,0.0,26.6,Low,Delayed by 658 days beyond planned completion | Possible duplicate/overlapping work found (duplicate risk 66/100) | Anomaly pattern detected by ML model (score 15/100 on cost/progress/payment behaviour)
WRK00143,Road Construction at District_9 Sector 31,Road Construction,District_9,570332.37,483977.74,80.4,86.9,84.85889377101286,-15.141106228987145,6.5,639,0.0,6019.6236318407955,9.6,0,61.4,100.0,7.8,4.3875,26.6,Low,Delayed by 639 days beyond planned completion | Possible duplicate/overlapping work found (duplicate risk 61/100) | Anomaly pattern detected by ML model (score 10/100 on cost/progress/payment behaviour)
WRK00438,Drainage at District_11 Sector 27,Drainage,District_11,649928.71,402660.85,58.2,63.4,61.95461806880327,-38.04538193119673,5.199999999999996,1033,0.0,6918.571305841923,5.9,0,71.8,100.0,6.239999999999995,3.509999999999997,26.6,Low,Delayed by 1033 days beyond planned completion | Possible duplicate/overlapping work found (duplicate risk 72/100) | Anomaly pattern detected by ML model (score 6/100 on cost/progress/payment behaviour)
WRK00483,School Building at District_3 Sector 39,School Building,District_3,895380.48,599846.41,75.6,67.8,66.99346516913123,-33.006534830868766,-7.799999999999997,921,0.0,7934.476322751324,5.0,0,86.0,100.0,0.0,0.0,26.6,Low,Delayed by 921 days beyond planned completion | Possible duplicate/overlapping work found (duplicate risk 86/100) | Anomaly pattern detected by ML model (score 5/100 on cost/progress/payment behaviour)
WRK00423,Water Supply at District_6 Sector 7,Water Supply,District_6,8350800.5,4821708.43,56.4,57.1,57.73947575445012,-42.260524245549874,0.7000000000000028,720,0.0,85491.28421985815,7.8,0,75.4,100.0,0.8400000000000034,3.356363263941727,26.6,Low,Delayed by 720 days beyond planned completion | Possible duplicate/overlapping work found (duplicate risk 75/100) | Anomaly pattern detected by ML model (score 8/100 on cost/progress/payment behaviour)
WRK00026,Drainage at District_2 Sector 21,Drainage,District_2,12010129.4,7372253.0,66.0,63.7,61.38362672428824,-38.61637327571175,-2.299999999999997,733,1.2000000000000002,111700.80303030302,13.8,0,62.2,100.0,0.0,4.562040823710245,26.6,Low,Delayed by 733 days beyond planned completion | Possible duplicate/overlapping work found (duplicate risk 62/100) | Anomaly pattern detected by ML model (score 14/100 on cost/progress/payment behaviour)
WRK00241,School Building at District_8 Sector 20,School Building,District_8,4637811.64,2157238.31,45.3,44.8,46.514142389793136,-53.485857610206864,-0.5,778,9.12,47621.15474613687,12.7,0,64.1,100.0,0.0,4.257922712115325,26.5,Low,Delayed by 778 days beyond planned completion | Possible duplicate/overlapping work found (duplicate risk 64/100) | Anomaly pattern detected by ML model (score 13/100 on cost/progress/payment behaviour)
WRK00507,Bridge at District_11 Sector 30,Bridge,District_11,2360926.29,1266116.57,48.9,55.7,53.6279584569326,-46.3720415430674,6.800000000000004,721,3.6800000000000015,25891.95439672802,7.7,0,61.8,100.0,8.160000000000005,5.900821063852886,26.5,Low,Delayed by 721 days beyond planned completion | Possible duplicate/overlapping work found (duplicate risk 62/100) | Anomaly pattern detected by ML model (score 8/100 on cost/progress/payment behaviour)
WRK00403,Water Supply at District_1 Sector 34,Water Supply,District_1,2568777.2,998675.83,39.7,39.3,38.877479526056206,-61.12252047394379,-0.4000000000000057,1015,0.0,25155.56246851385,11.6,0,71.0,100.0,0.0,0.0,26.4,Low,Delayed by 1015 days beyond planned completion | Possible duplicate/overlapping work found (duplicate risk 71/100) | Anomaly pattern detected by ML model (score 12/100 on cost/progress/payment behaviour)
WRK00266,Community Hall at District_10 Sector 8,Community Hall,District_10,9285752.37,7173584.0,81.2,76.7,77.2536646914697,-22.746335308530302,-4.5,632,0.0,88344.63054187191,13.1,0,63.7,100.0,0.0,3.020837022924858,26.4,Low,Delayed by 632 days beyond planned completion | Possible duplicate/overlapping work found (duplicate risk 64/100) | Anomaly pattern detected by ML model (score 13/100 on cost/progress/payment behaviour)
WRK00225,Anganwadi Center at District_8 Sector 15,Anganwadi Center,District_8,5156500.15,643371.69,28.2,12.8,12.476906259762252,-87.52309374023775,-15.399999999999999,731,0.0,22814.598936170212,45.4,0,0.0,100.0,0.0,0.0,26.4,Low,Delayed by 731 days beyond planned completion | Anomaly pattern detected by ML model (score 45/100 on cost/progress/payment behaviour)
WRK00436,Drainage at District_10 Sector 28,Drainage,District_10,4594660.09,3315365.89,70.0,74.0,72.15693489961735,-27.843065100382642,4.0,1024,0.0,47362.36985714286,5.9,0,72.4,100.0,4.8,3.7534998461140736,26.4,Low,Delayed by 1024 days beyond planned completion | Possible duplicate/overlapping work found (duplicate risk 72/100) | Anomaly pattern detected by ML model (score 6/100 on cost/progress/payment behaviour)
WRK00007,Community Hall at District_6 Sector 28,Community Hall,District_6,10031934.31,4700377.06,51.8,48.9,46.85414512049371,-53.145854879506295,-2.8999999999999986,802,0.0,90740.86988416988,10.6,0,68.2,100.0,0.0,3.1358675425661526,26.3,Low,Delayed by 802 days beyond planned completion | Possible duplicate/overlapping work found (duplicate risk 68/100) | Anomaly pattern detected by ML model (score 11/100 on cost/progress/payment behaviour)
WRK00471,Road Construction at District_8 Sector 13,Road Construction,District_8,3094770.79,1548732.25,54.2,51.6,50.043520347430956,-49.95647965256904,-2.6000000000000014,579,3.6800000000000015,28574.395756457565,13.4,0,64.5,100.0,0.0,1.4395905978765953,26.3,Low,Delayed by 579 days beyond planned completion | Possible duplicate/overlapping work found (duplicate risk 64/100) | Anomaly pattern detected by ML model (score 13/100 on cost/progress/payment behaviour)
WRK00092,Community Hall at District_5 Sector 14,Community Hall,District_5,5799456.34,4366796.9,67.6,74.2,75.29665961758064,-24.703340382419356,6.6000000000000085,812,0.0,64597.58727810652,4.3,0,67.6,100.0,7.92000000000001,6.335869625529722,26.3,Low,Delayed by 812 days beyond planned completion | Possible duplicate/overlapping work found (duplicate risk 68/100) | Anomaly pattern detected by ML model (score 4/100 on cost/progress/payment behaviour)
WRK00042,Anganwadi Center at District_2 Sector 9,Anganwadi Center,District_2,506975.8,336545.29,64.5,67.0,66.38291019019053,-33.617089809809464,2.5,682,0.0,5217.756434108527,3.5,0,81.2,100.0,3.0,1.6875,26.3,Low,Delayed by 682 days beyond planned completion | Possible duplicate/overlapping work found (duplicate risk 81/100)
WRK00287,Road Construction at District_7 Sector 10,Road Construction,District_7,3153423.87,2431097.62,72.4,77.7,77.09390555225295,-22.906094447747044,5.299999999999997,632,0.4,33578.69640883978,8.4,0,63.7,100.0,6.359999999999997,4.109320066746243,26.3,Low,Delayed by 632 days beyond planned completion | Possible duplicate/overlapping work found (duplicate risk 64/100) | Anomaly pattern detected by ML model (score 8/100 on cost/progress/payment behaviour)
WRK00246,Road Construction at District_12 Sector 37,Road Construction,District_12,980282.56,356898.7,35.3,36.4,36.40773737727212,-63.592262622727894,1.1000000000000014,735,0.0,10110.4447592068,14.1,0,61.3,100.0,1.3200000000000016,0.742500000000001,26.2,Low,Delayed by 735 days beyond planned completion | Possible duplicate/overlapping work found (duplicate risk 61/100) | Anomaly pattern detected by ML model (score 14/100 on cost/progress/payment behaviour)
WRK00178,Bridge at District_2 Sector 22,Bridge,District_2,460424.9,188972.61,39.5,40.3,41.04309084934372,-58.95690915065628,0.7999999999999972,656,0.0,4784.116708860759,13.9,0,62.1,100.0,0.9599999999999965,0.539999999999998,26.2,Low,Delayed by 656 days beyond planned completion | Possible duplicate/overlapping work found (duplicate risk 62/100) | Anomaly pattern detected by ML model (score 14/100 on cost/progress/payment behaviour)
WRK00002,Anganwadi Center at District_1 Sector 17,Anganwadi Center,District_1,5166802.51,4059999.83,73.3,76.7,78.57857586277282,-21.42142413722718,3.4000000000000057,1012,0.0,55388.8107776262,8.0,0,67.0,100.0,4.080000000000006,3.7338059604306606,26.2,Low,Delayed by 1012 days beyond planned completion | Possible duplicate/overlapping work found (duplicate risk 67/100) | Anomaly pattern detected by ML model (score 8/100 on cost/progress/payment behaviour)
WRK00187,Water Supply at District_1 Sector 28,Water Supply,District_1,890660.73,686610.02,70.9,78.3,77.08996219020457,-22.910037809795426,7.3999999999999915,801,0.0,9684.203385049364,2.7,0,70.1,100.0,8.87999999999999,4.994999999999994,26.2,Low,Delayed by 801 days beyond planned completion | Possible duplicate/overlapping work found (duplicate risk 70/100)
WRK00469,Bridge at District_2 Sector 25,Bridge,District_2,1002513.36,689392.43,65.2,71.6,68.76640826013531,-31.233591739864686,6.3999999999999915,826,4.719999999999999,10573.503527607363,3.8,0,67.9,100.0,7.679999999999989,5.971999999999994,26.1,Low,Delayed by 826 days beyond planned completion | Possible duplicate/overlapping work found (duplicate risk 68/100)
WRK00386,Irrigation Canal at District_5 Sector 32,Irrigation Canal,District_5,530088.8,329250.57,62.3,61.4,62.11234230943947,-37.88765769056053,-0.8999999999999986,678,9.680000000000001,5284.920866773676,10.5,0,66.3,100.0,0.0,3.3880000000000003,26.1,Low,Delayed by 678 days beyond planned completion | Possible duplicate/overlapping work found (duplicate risk 66/100) | Anomaly pattern detected by ML model (score 10/100 on cost/progress/payment behaviour)
WRK00265,Anganwadi Center at District_11 Sector 10,Anganwadi Center,District_11,628345.28,310918.51,48.6,52.0,49.482111173016214,-50.51788882698379,3.3999999999999986,706,0.0,6397.5002057613165,7.2,0,69.7,100.0,4.079999999999998,2.294999999999999,26.1,Low,Delayed by 706 days beyond planned completion | Possible duplicate/overlapping work found (duplicate risk 70/100) | Anomaly pattern detected by ML model (score 7/100 on cost/progress/payment behaviour)
WRK00345,Irrigation Canal at District_4 Sector 28,Irrigation Canal,District_4,2488700.77,2153206.09,83.5,87.1,86.51928411626601,-13.480715883733993,3.5999999999999943,855,0.0,25786.899281437123,4.1,0,75.8,100.0,4.319999999999993,2.447777934692293,26.1,Low,Delayed by 855 days beyond planned completion | Possible duplicate/overlapping work found (duplicate risk 76/100) | Anomaly pattern detected by ML model (score 4/100 on cost/progress/payment behaviour)
WRK00447,Irrigation Canal at District_4 Sector 24,Irrigation Canal,District_4,4257748.68,1791432.91,41.2,42.7,42.07465129200627,-57.92534870799372,1.5,1035,0.0,43481.38131067961,12.3,0,61.8,100.0,1.7999999999999998,1.879694529553558,26.0,Low,Delayed by 1035 days beyond planned completion | Possible duplicate/overlapping work found (duplicate risk 62/100) | Anomaly pattern detected by ML model (score 12/100 on cost/progress/payment behaviour)
WRK00260,Community Hall at District_12 Sector 39,Community Hall,District_12,555767.88,360825.79,62.8,67.3,64.92382935120324,-35.07617064879677,4.5,852,0.6400000000000006,5745.6335987261145,2.9,0,74.4,100.0,5.3999999999999995,3.2615,26.0,Low,Delayed by 852 days beyond planned completion | Possible duplicate/overlapping work found (duplicate risk 74/100)
WRK00357,School Building at District_1 Sector 1,School Building,District_1,647610.54,340247.87,52.3,54.8,52.538964236128706,-47.461035763871294,2.5,885,5.280000000000001,6505.695411089867,7.2,0,68.3,100.0,3.0,3.5355000000000003,26.0,Low,Delayed by 885 days beyond planned completion | Possible duplicate/overlapping work found (duplicate risk 68/100) | Anomaly pattern detected by ML model (score 7/100 on cost/progress/payment behaviour)
WRK00362,Water Supply at District_11 Sector 8,Water Supply,District_11,5201399.73,3032109.02,56.8,57.1,58.29409730830282,-41.70590269169719,0.30000000000000426,639,0.0,53382.20105633803,6.6,0,75.3,100.0,0.3600000000000051,1.544979456277824,26.0,Low,Delayed by 639 days beyond planned completion | Possible duplicate/overlapping work found (duplicate risk 75/100) | Anomaly pattern detected by ML model (score 7/100 on cost/progress/payment behaviour)
WRK00359,Water Supply at District_1 Sector 26,Water Supply,District_1,931893.02,646563.68,71.5,68.9,69.38174942012121,-30.61825057987879,-2.5999999999999943,649,5.359999999999999,9042.848671328673,8.3,0,71.8,100.0,0.0,1.8759999999999997,26.0,Low,Delayed by 649 days beyond planned completion | Possible duplicate/overlapping work found (duplicate risk 72/100) | Anomaly pattern detected by ML model (score 8/100 on cost/progress/payment behaviour)
WRK00041,Bridge at District_2 Sector 16,Bridge,District_2,11498879.72,10398936.01,87.3,90.4,90.4343402419727,-9.565659758027287,3.1000000000000085,934,15.600000000000001,119117.25097365407,34.2,0,0.0,100.0,3.72000000000001,12.050564466990457,25.9,Low,"Delayed by 934 days beyond planned completion | Anomaly pattern detected by ML model (score 34/100 on cost/progress/payment behaviour) | Fund diversion signal: financial progress (90%) far ahead of physical progress (87%), payment irregularity 16/100"
WRK00014,Road Construction at District_4 Sector 22,Road Construction,District_4,5921618.73,2571650.49,55.0,45.5,43.428167318026574,-56.57183268197343,-9.5,801,0.0,46757.28163636364,12.0,0,64.3,100.0,0.0,1.024452825961941,25.9,Low,Delayed by 801 days beyond planned completion | Possible duplicate/overlapping work found (duplicate risk 64/100) | Anomaly pattern detected by ML model (score 12/100 on cost/progress/payment behaviour)
WRK00427,Water Supply at District_2 Sector 38,Water Supply,District_2,453586.36,246604.61,56.0,57.2,54.36773054639473,-45.63226945360526,1.2000000000000028,809,0.0,4403.6537499999995,3.8,0,80.4,100.0,1.4400000000000033,0.8100000000000018,25.9,Low,Delayed by 809 days beyond planned completion | Possible duplicate/overlapping work found (duplicate risk 80/100)
WRK00441,Road Construction at District_12 Sector 28,Road Construction,District_12,3099720.57,1396927.94,55.8,45.1,45.06625382687318,-54.93374617312683,-10.699999999999996,786,0.0,25034.55089605735,9.6,0,71.2,100.0,0.0,0.0,25.9,Low,Delayed by 786 days beyond planned completion | Possible duplicate/overlapping work found (duplicate risk 71/100) | Anomaly pattern detected by ML model (score 10/100 on cost/progress/payment behaviour)
WRK00414,Irrigation Canal at District_8 Sector 6,Irrigation Canal,District_8,6249001.64,2832744.71,43.9,46.4,45.331156450136575,-54.66884354986343,2.5,787,0.5599999999999995,64527.214350797265,9.9,0,62.1,100.0,3.0,3.7609914010534844,25.9,Low,Delayed by 787 days beyond planned completion | Possible duplicate/overlapping work found (duplicate risk 62/100) | Anomaly pattern detected by ML model (score 10/100 on cost/progress/payment behaviour)
WRK00366,Anganwadi Center at District_11 Sector 8,Anganwadi Center,District_11,444533.54,236348.47,60.1,54.9,53.167747477501926,-46.832252522498074,-5.200000000000003,1080,2.0,3932.5868552412644,12.6,0,63.5,100.0,0.0,0.7,25.9,Low,Delayed by 1080 days beyond planned completion | Possible duplicate/overlapping work found (duplicate risk 64/100) | Anomaly pattern detected by ML model (score 13/100 on cost/progress/payment behaviour)
WRK00323,Irrigation Canal at District_1 Sector 21,Irrigation Canal,District_1,4357991.84,2617381.49,46.6,59.1,60.05934811479593,-39.940651885204076,12.5,1185,0.0,56166.9847639485,28.8,0,0.0,100.0,15.0,9.913661894138077,25.9,Low,Delayed by 1185 days beyond planned completion | Anomaly pattern detected by ML model (score 29/100 on cost/progress/payment behaviour) | Utilisation irregularity: 60% of funds used vs 47% physical work done
WRK00470,Bridge at District_4 Sector 4,Bridge,District_4,10303806.33,5863430.15,63.3,59.3,56.905477084990984,-43.094522915009016,-4.0,866,3.8400000000000007,92629.22827804109,11.1,0,62.0,100.0,0.0,4.57051743862691,25.9,Low,Delayed by 866 days beyond planned completion | Possible duplicate/overlapping work found (duplicate risk 62/100) | Anomaly pattern detected by ML model (score 11/100 on cost/progress/payment behaviour)
WRK00019,Irrigation Canal at District_10 Sector 13,Irrigation Canal,District_10,584746.0,307781.47,55.3,52.7,52.6350706118554,-47.3649293881446,-2.5999999999999943,650,4.319999999999999,5565.668535262206,9.4,0,68.3,100.0,0.0,1.5119999999999998,25.8,Low,Delayed by 650 days beyond planned completion | Possible duplicate/overlapping work found (duplicate risk 68/100) | Anomaly pattern detected by ML model (score 9/100 on cost/progress/payment behaviour)
WRK00238,Water Supply at District_3 Sector 27,Water Supply,District_3,631737.25,215233.48,26.7,35.0,34.07009480602893,-65.92990519397107,8.3,973,11.280000000000001,8061.179026217229,31.5,0,0.0,100.0,9.96,9.550500000000001,25.8,Low,Delayed by 973 days beyond planned completion | Anomaly pattern detected by ML model (score 32/100 on cost/progress/payment behaviour)
WRK00082,Anganwadi Center at District_2 Sector 7,Anganwadi Center,District_2,1222898.48,603259.75,53.8,50.6,49.33032135259502,-50.66967864740497,-3.1999999999999957,701,8.4,11213.006505576208,11.6,0,61.3,100.0,0.0,2.94,25.7,Low,Delayed by 701 days beyond planned completion | Possible duplicate/overlapping work found (duplicate risk 61/100) | Anomaly pattern detected by ML model (score 12/100 on cost/progress/payment behaviour)
WRK00220,Water Supply at District_6 Sector 33,Water Supply,District_6,1160108.01,491442.04,51.0,44.1,42.36174871338058,-57.63825128661942,-6.899999999999999,877,2.319999999999999,9636.118431372548,11.3,0,64.3,100.0,0.0,0.8119999999999996,25.7,Low,Delayed by 877 days beyond planned completion | Possible duplicate/overlapping work found (duplicate risk 64/100) | Anomaly pattern detected by ML model (score 11/100 on cost/progress/payment behaviour)
WRK00356,Bridge at District_9 Sector 9,Bridge,District_9,8696986.92,4723232.7,56.7,54.6,54.30883987117691,-45.69116012882309,-2.1000000000000014,1023,0.0,83302.16402116402,8.8,0,67.2,100.0,0.0,2.778775416677038,25.7,Low,Delayed by 1023 days beyond planned completion | Possible duplicate/overlapping work found (duplicate risk 67/100) | Anomaly pattern detected by ML model (score 9/100 on cost/progress/payment behaviour)
WRK00074,Irrigation Canal at District_4 Sector 17,Irrigation Canal,District_4,5694051.91,5130132.1,87.0,85.9,90.0963352826195,-9.9036647173805,-1.0999999999999943,773,1.7599999999999996,58967.035632183906,11.9,0,61.8,100.0,0.0,2.226577225991486,25.7,Low,Delayed by 773 days beyond planned completion | Possible duplicate/overlapping work found (duplicate risk 62/100) | Anomaly pattern detected by ML model (score 12/100 on cost/progress/payment behaviour)
WRK00009,Anganwadi Center at District_5 Sector 18,Anganwadi Center,District_5,3211470.47,2268425.4,79.8,72.3,70.63510068644659,-29.364899313553405,-7.5,1050,0.0,28426.383458646615,7.5,0,73.6,100.0,0.0,0.1444853261994474,25.7,Low,Delayed by 1050 days beyond planned completion | Possible duplicate/overlapping work found (duplicate risk 74/100) | Anomaly pattern detected by ML model (score 8/100 on cost/progress/payment behaviour)
WRK00444,Anganwadi Center at District_3 Sector 7,Anganwadi Center,District_3,12293365.6,6440803.85,44.6,54.2,52.39251853048281,-47.60748146951719,9.600000000000001,928,0.0,144412.64237668162,28.4,0,0.0,100.0,11.520000000000001,12.19235970297043,25.7,Low,"Delayed by 928 days beyond planned completion | Anomaly pattern detected by ML model (score 28/100 on cost/progress/payment behaviour) | Fund diversion signal: financial progress (54%) far ahead of physical progress (45%), payment irregularity 0/100 | Utilisation irregularity: 52% of funds used vs 45% physical work done"
WRK00095,Irrigation Canal at District_12 Sector 16,Irrigation Canal,District_12,4801227.9,2974412.69,69.1,65.1,61.95108318020063,-38.04891681979937,-4.0,603,0.0,43045.046164978296,8.4,0,69.8,100.0,0.0,0.8462484338686214,25.6,Low,Delayed by 603 days beyond planned completion | Possible duplicate/overlapping work found (duplicate risk 70/100) | Anomaly pattern detected by ML model (score 8/100 on cost/progress/payment behaviour)
WRK00348,Water Supply at District_11 Sector 33,Water Supply,District_11,632232.5,333258.31,58.6,52.6,52.711353813668225,-47.28864618633177,-6.0,709,2.4000000000000004,5687.001877133106,9.1,0,68.1,100.0,0.0,0.8400000000000001,25.6,Low,Delayed by 709 days beyond planned completion | Possible duplicate/overlapping work found (duplicate risk 68/100) | Anomaly pattern detected by ML model (score 9/100 on cost/progress/payment behaviour)
WRK00528,Water Supply at District_6 Sector 34,Water Supply,District_6,610690.57,495480.75,88.0,81.0,81.13450155288955,-18.86549844711045,-7.0,757,0.0,5630.463068181818,8.6,0,70.5,100.0,0.0,0.0,25.6,Low,Delayed by 757 days beyond planned completion | Possible duplicate/overlapping work found (duplicate risk 70/100) | Anomaly pattern detected by ML model (score 9/100 on cost/progress/payment behaviour)
WRK00240,Water Supply at District_6 Sector 4,Water Supply,District_6,604458.83,286908.96,51.3,45.8,47.465426222659374,-52.53457377734063,-5.5,812,1.6800000000000013,5592.767251461989,8.0,0,70.5,100.0,0.0,0.5880000000000004,25.5,Low,Delayed by 812 days beyond planned completion | Possible duplicate/overlapping work found (duplicate risk 70/100) | Anomaly pattern detected by ML model (score 8/100 on cost/progress/payment behaviour)
WRK00180,Water Supply at District_1 Sector 22,Water Supply,District_1,621273.25,365153.52,59.6,57.7,58.775026930581674,-41.224973069418326,-1.8999999999999986,993,3.919999999999999,6126.736912751678,6.9,0,71.0,100.0,0.0,1.3719999999999997,25.5,Low,Delayed by 993 days beyond planned completion | Possible duplicate/overlapping work found (duplicate risk 71/100) | Anomaly pattern detected by ML model (score 7/100 on cost/progress/payment behaviour)
WRK00131,Anganwadi Center at District_8 Sector 30,Anganwadi Center,District_8,445702.19,271586.79,68.6,61.3,60.93458728573893,-39.065412714261065,-7.299999999999997,802,7.359999999999999,3958.99110787172,9.3,0,64.7,100.0,0.0,2.5759999999999996,25.5,Low,Delayed by 802 days beyond planned completion | Possible duplicate/overlapping work found (duplicate risk 65/100) | Anomaly pattern detected by ML model (score 9/100 on cost/progress/payment behaviour)
WRK00569,Road Construction at District_12 Sector 14,Road Construction,District_12,5249704.16,2676146.92,50.0,51.1,50.97709963145809,-49.02290036854191,1.1000000000000014,988,1.2000000000000002,53522.9384,10.0,0,61.1,100.0,1.3200000000000016,2.511735496665193,25.4,Low,Delayed by 988 days beyond planned completion | Possible duplicate/overlapping work found (duplicate risk 61/100) | Anomaly pattern detected by ML model (score 10/100 on cost/progress/payment behaviour)
WRK00289,School Building at District_11 Sector 7,School Building,District_11,869502.54,442672.41,46.8,50.2,50.910996763735724,-49.089003236264276,3.4000000000000057,672,0.0,9458.81217948718,7.5,0,62.9,100.0,4.080000000000006,2.295000000000004,25.4,Low,Delayed by 672 days beyond planned completion | Possible duplicate/overlapping work found (duplicate risk 63/100) | Anomaly pattern detected by ML model (score 8/100 on cost/progress/payment behaviour)
WRK00224,Irrigation Canal at District_8 Sector 33,Irrigation Canal,District_8,5246500.1,3359360.13,55.8,62.0,64.03049777889073,-35.969502221109266,6.200000000000003,793,0.0,60203.58655913979,4.0,0,62.1,100.0,7.440000000000003,5.854937363011129,25.4,Low,Delayed by 793 days beyond planned completion | Possible duplicate/overlapping work found (duplicate risk 62/100)
WRK00024,Community Hall at District_1 Sector 35,Community Hall,District_1,547785.95,388680.09,68.1,70.9,70.95473879897797,-29.045261201022033,2.8000000000000114,795,0.0,5707.490308370045,0.9,0,78.3,100.0,3.3600000000000136,1.8900000000000077,25.4,Low,Delayed by 795 days beyond planned completion | Possible duplicate/overlapping work found (duplicate risk 78/100)
WRK00316,Water Supply at District_8 Sector 1,Water Supply,District_8,4383820.74,3348562.14,84.6,80.3,76.38455900913503,-23.61544099086497,-4.299999999999997,1092,0.0,39581.11276595745,10.7,0,62.4,100.0,0.0,0.6799636843201519,25.3,Low,Delayed by 1092 days beyond planned completion | Possible duplicate/overlapping work found (duplicate risk 62/100) | Anomaly pattern detected by ML model (score 11/100 on cost/progress/payment behaviour)
WRK00080,School Building at District_11 Sector 38,School Building,District_11,1061006.15,702136.29,64.1,66.3,66.17645807236839,-33.82354192763161,2.200000000000003,1090,0.48000000000000115,10953.764274570984,9.3,0,60.7,100.0,2.6400000000000032,1.6530000000000025,25.3,Low,Delayed by 1090 days beyond planned completion | Possible duplicate/overlapping work found (duplicate risk 61/100) | Anomaly pattern detected by ML model (score 9/100 on cost/progress/payment behaviour)
WRK00052,Road Construction at District_3 Sector 11,Road Construction,District_3,1263730.23,686932.8,68.8,57.2,54.3575506617421,-45.64244933825789,-11.599999999999994,780,0.0,9984.488372093025,8.5,0,68.3,100.0,0.0,0.0,25.3,Low,Delayed by 780 days beyond planned completion | Possible duplicate/overlapping work found (duplicate risk 68/100) | Anomaly pattern detected by ML model (score 8/100 on cost/progress/payment behaviour)
WRK00157,Community Hall at District_5 Sector 6,Community Hall,District_5,560109.8,314863.82,61.7,57.1,56.21466005415366,-43.78533994584634,-4.600000000000001,943,5.119999999999999,5103.141329011345,7.6,0,68.0,100.0,0.0,1.7919999999999996,25.3,Low,Delayed by 943 days beyond planned completion | Possible duplicate/overlapping work found (duplicate risk 68/100) | Anomaly pattern detected by ML model (score 8/100 on cost/progress/payment behaviour)
WRK00433,Road Construction at District_8 Sector 7,Road Construction,District_8,966106.39,669239.98,70.7,72.0,69.27187180699632,-30.728128193003673,1.2999999999999972,669,0.0,9465.912022630833,4.1,0,73.2,100.0,1.5599999999999965,0.8774999999999982,25.2,Low,Delayed by 669 days beyond planned completion | Possible duplicate/overlapping work found (duplicate risk 73/100) | Anomaly pattern detected by ML model (score 4/100 on cost/progress/payment behaviour)
WRK00094,Anganwadi Center at District_3 Sector 22,Anganwadi Center,District_3,4346636.24,3134570.71,71.8,74.3,72.11486162918477,-27.885138370815227,2.5,1036,0.0,43656.973676880225,5.3,0,67.3,100.0,3.0,2.5631237714796717,25.2,Low,Delayed by 1036 days beyond planned completion | Possible duplicate/overlapping work found (duplicate risk 67/100) | Anomaly pattern detected by ML model (score 5/100 on cost/progress/payment behaviour)
WRK00205,School Building at District_11 Sector 23,School Building,District_11,6220071.9,2899254.66,46.9,44.5,46.61127245168983,-53.38872754831018,-2.3999999999999986,997,0.0,61817.79658848615,10.6,0,60.7,100.0,0.0,1.7474268755186022,25.2,Low,Delayed by 997 days beyond planned completion | Possible duplicate/overlapping work found (duplicate risk 61/100) | Anomaly pattern detected by ML model (score 11/100 on cost/progress/payment behaviour)
WRK00503,Water Supply at District_7 Sector 26,Water Supply,District_7,2536439.74,1858030.46,82.7,74.8,73.25348324656038,-26.746516753439614,-7.900000000000006,897,0.15999999999999945,22467.11559854897,6.6,0,71.3,100.0,0.0,0.0559999999999998,25.2,Low,Delayed by 897 days beyond planned completion | Possible duplicate/overlapping work found (duplicate risk 71/100) | Anomaly pattern detected by ML model (score 7/100 on cost/progress/payment behaviour)
WRK00533,Bridge at District_11 Sector 15,Bridge,District_11,6040289.0,3531460.81,62.0,57.5,58.465096785931934,-41.534903214068066,-4.5,806,3.76,56959.04532258065,8.0,0,64.6,100.0,0.0,2.830184447243917,25.2,Low,Delayed by 806 days beyond planned completion | Possible duplicate/overlapping work found (duplicate risk 65/100) | Anomaly pattern detected by ML model (score 8/100 on cost/progress/payment behaviour)
WRK00090,Bridge at District_5 Sector 14,Bridge,District_5,10305497.15,4330732.68,36.7,40.2,42.023520233567766,-57.976479766432234,3.5,1142,1.8400000000000007,118003.61525885557,33.9,0,0.0,100.0,4.2,7.451104826000862,25.2,Low,Delayed by 1142 days beyond planned completion | Anomaly pattern detected by ML model (score 34/100 on cost/progress/payment behaviour)
WRK00416,Road Construction at District_6 Sector 27,Road Construction,District_6,4537689.52,944807.48,27.9,20.2,20.821333761063496,-79.1786662389365,-7.699999999999999,572,0.15999999999999945,33864.06738351255,40.7,0,0.0,100.0,0.0,0.4615191872504889,25.2,Low,Delayed by 572 days beyond planned completion | Anomaly pattern detected by ML model (score 41/100 on cost/progress/payment behaviour)
WRK00464,Bridge at District_9 Sector 14,Bridge,District_9,5260525.75,2888871.91,57.2,57.8,54.91603020857754,-45.08396979142246,0.5999999999999943,960,0.0,50504.75367132867,5.4,0,70.4,100.0,0.7199999999999932,1.6093487353204137,25.1,Low,Delayed by 960 days beyond planned completion | Possible duplicate/overlapping work found (duplicate risk 70/100) | Anomaly pattern detected by ML model (score 5/100 on cost/progress/payment behaviour)
WRK00457,Road Construction at District_7 Sector 33,Road Construction,District_7,6154562.75,4874041.39,76.7,78.3,79.19395069942215,-20.806049300577858,1.5999999999999943,974,0.0,63546.82385919165,7.0,0,63.7,100.0,1.919999999999993,2.910428144178385,25.1,Low,Delayed by 974 days beyond planned completion | Possible duplicate/overlapping work found (duplicate risk 64/100) | Anomaly pattern detected by ML model (score 7/100 on cost/progress/payment behaviour)
WRK00458,Drainage at District_2 Sector 37,Drainage,District_2,885876.57,504102.48,63.7,59.2,56.904369871753126,-43.09563012824687,-4.5,863,8.64,7913.696703296702,8.6,0,62.2,100.0,0.0,3.024,25.1,Low,Delayed by 863 days beyond planned completion | Possible duplicate/overlapping work found (duplicate risk 62/100) | Anomaly pattern detected by ML model (score 9/100 on cost/progress/payment behaviour)
WRK00334,Drainage at District_10 Sector 29,Drainage,District_10,2946149.37,1416487.31,59.5,47.7,48.0792767815435,-51.9207232184565,-11.799999999999997,741,0.0,23806.509411764706,10.8,0,60.7,100.0,0.0,0.0,25.0,Low,Delayed by 741 days beyond planned completion | Possible duplicate/overlapping work found (duplicate risk 61/100) | Anomaly pattern detected by ML model (score 11/100 on cost/progress/payment behaviour)
WRK00122,Community Hall at District_6 Sector 23,Community Hall,District_6,554678.69,467129.38,84.3,86.7,84.21621173151614,-15.783788268483859,2.4000000000000057,1033,0.0,5541.273784104389,7.6,0,61.8,100.0,2.8800000000000066,1.6200000000000037,25.0,Low,Delayed by 1033 days beyond planned completion | Possible duplicate/overlapping work found (duplicate risk 62/100) | Anomaly pattern detected by ML model (score 8/100 on cost/progress/payment behaviour)
WRK00055,Irrigation Canal at District_1 Sector 22,Irrigation Canal,District_1,5162433.64,3497707.37,75.3,70.7,67.75307178573244,-32.246928214267555,-4.599999999999994,798,0.0,46450.29707835326,3.5,0,74.8,100.0,0.0,1.009716153958249,25.0,Low,Delayed by 798 days beyond planned completion | Possible duplicate/overlapping work found (duplicate risk 75/100)
WRK00317,Community Hall at District_8 Sector 6,Community Hall,District_8,4386111.61,3034893.75,60.4,66.6,69.19326318739071,-30.806736812609298,6.199999999999996,896,0.0,50246.58526490066,3.5,0,60.3,100.0,7.439999999999994,5.376955463320339,25.0,Low,Delayed by 896 days beyond planned completion | Possible duplicate/overlapping work found (duplicate risk 60/100)
WRK00294,Drainage at District_7 Sector 33,Drainage,District_7,426314.4,315586.01,74.6,77.2,74.02658929653795,-25.973410703462047,2.6000000000000085,906,0.0,4230.375469168901,3.3,0,70.7,100.0,3.1200000000000103,1.7550000000000059,25.0,Low,Delayed by 906 days beyond planned completion | Possible duplicate/overlapping work found (duplicate risk 71/100)
WRK00160,Water Supply at District_3 Sector 35,Water Supply,District_3,4383828.87,2886304.72,75.1,64.6,65.83981276623146,-34.160187233768546,-10.5,899,0.0,38432.819174434095,7.4,0,66.4,100.0,0.0,0.6248403056984533,24.9,Low,Delayed by 899 days beyond planned completion | Possible duplicate/overlapping work found (duplicate risk 66/100) | Anomaly pattern detected by ML model (score 7/100 on cost/progress/payment behaviour)
WRK00530,Bridge at District_8 Sector 24,Bridge,District_8,6402930.98,4519025.05,71.3,72.3,70.57744436283147,-29.422555637168536,1.0,948,0.0,63380.43548387097,5.0,0,67.5,100.0,1.2,2.497440736185557,24.9,Low,Delayed by 948 days beyond planned completion | Possible duplicate/overlapping work found (duplicate risk 68/100) | Anomaly pattern detected by ML model (score 5/100 on cost/progress/payment behaviour)
WRK00184,School Building at District_1 Sector 13,School Building,District_1,2420357.29,1357501.67,63.1,54.2,56.08682964323833,-43.91317035676167,-8.899999999999999,912,0.0,21513.4971473851,5.4,0,70.9,100.0,0.0,0.0,24.9,Low,Delayed by 912 days beyond planned completion | Possible duplicate/overlapping work found (duplicate risk 71/100) | Anomaly pattern detected by ML model (score 5/100 on cost/progress/payment behaviour)
WRK00190,Road Construction at District_5 Sector 17,Road Construction,District_5,854124.72,498566.33,59.8,60.2,58.37160760316128,-41.62839239683871,0.4000000000000057,1009,0.0,8337.229598662208,5.0,0,71.2,100.0,0.4800000000000068,0.27000000000000385,24.9,Low,Delayed by 1009 days beyond planned completion | Possible duplicate/overlapping work found (duplicate risk 71/100) | Anomaly pattern detected by ML model (score 5/100 on cost/progress/payment behaviour)
WRK00535,Anganwadi Center at District_2 Sector 16,Anganwadi Center,District_2,2300816.84,1074650.62,54.2,45.4,46.70735198548009,-53.29264801451992,-8.800000000000004,987,0.0,19827.50221402214,9.7,0,62.0,100.0,0.0,0.0,24.9,Low,Delayed by 987 days beyond planned completion | Possible duplicate/overlapping work found (duplicate risk 62/100) | Anomaly pattern detected by ML model (score 10/100 on cost/progress/payment behaviour)
WRK00340,Road Construction at District_4 Sector 1,Road Construction,District_4,563272.52,439060.08,74.4,79.8,77.94807387372634,-22.051926126273656,5.3999999999999915,790,0.0,5901.345161290323,2.8,0,64.3,100.0,6.47999999999999,3.6449999999999942,24.9,Low,Delayed by 790 days beyond planned completion | Possible duplicate/overlapping work found (duplicate risk 64/100)
WRK00011,Community Hall at District_2 Sector 12,Community Hall,District_2,5234977.05,4427675.01,72.1,83.8,84.5786899868071,-15.421310013192896,11.700000000000003,1185,0.0,61410.19431345354,25.5,0,0.0,100.0,14.040000000000003,9.625360089899013,24.9,Low,Delayed by 1185 days beyond planned completion | Anomaly pattern detected by ML model (score 26/100 on cost/progress/payment behaviour) | Utilisation irregularity: 85% of funds used vs 72% physical work done
WRK00554,Anganwadi Center at District_5 Sector 29,Anganwadi Center,District_5,1063908.2,755387.24,75.9,69.4,71.00116720596759,-28.998832794032413,-6.5,819,0.0,9952.401054018444,3.5,0,74.9,100.0,0.0,0.0,24.9,Low,Delayed by 819 days beyond planned completion | Possible duplicate/overlapping work found (duplicate risk 75/100)
WRK00426,Water Supply at District_3 Sector 33,Water Supply,District_3,3236799.88,2670281.76,82.6,82.5,82.49758585631189,-17.50241414368812,-0.09999999999999432,931,0.0,32327.866343825666,3.6,0,74.3,100.0,0.0,0.33177446536506283,24.9,Low,Delayed by 931 days beyond planned completion | Possible duplicate/overlapping work found (duplicate risk 74/100)
WRK00035,Road Construction at District_1 Sector 5,Road Construction,District_1,2573185.1,2063178.3,73.8,78.0,80.17994119428097,-19.82005880571903,4.200000000000003,969,0.0,27956.345528455287,4.2,0,64.0,100.0,5.040000000000004,2.956921341706491,24.9,Low,Delayed by 969 days beyond planned completion | Possible duplicate/overlapping work found (duplicate risk 64/100) | Anomaly pattern detected by ML model (score 4/100 on cost/progress/payment behaviour)
WRK00315,Anganwadi Center at District_2 Sector 33,Anganwadi Center,District_2,11047146.84,5842166.8,52.0,52.8,52.88394265609308,-47.11605734390691,0.7999999999999972,623,15.439999999999998,112349.36153846154,32.4,0,0.0,100.0,0.9599999999999965,10.117174617774282,24.8,Low,"Delayed by 623 days beyond planned completion | Anomaly pattern detected by ML model (score 32/100 on cost/progress/payment behaviour) | Fund diversion signal: financial progress (53%) far ahead of physical progress (52%), payment irregularity 15/100"
WRK00202,School Building at District_3 Sector 28,School Building,District_3,546879.87,312228.02,59.1,55.5,57.09261523924807,-42.90738476075193,-3.6000000000000014,992,4.880000000000002,5283.046023688664,8.1,0,62.2,100.0,0.0,1.7080000000000004,24.7,Low,Delayed by 992 days beyond planned completion | Possible duplicate/overlapping work found (duplicate risk 62/100) | Anomaly pattern detected by ML model (score 8/100 on cost/progress/payment behaviour)
WRK00303,Road Construction at District_8 Sector 38,Road Construction,District_8,943371.95,724902.43,75.3,79.2,76.84163494579207,-23.15836505420793,3.9000000000000057,744,0.0,9626.858300132802,2.6,0,65.9,100.0,4.680000000000007,2.632500000000004,24.7,Low,Delayed by 744 days beyond planned completion | Possible duplicate/overlapping work found (duplicate risk 66/100)
WRK00546,Drainage at District_3 Sector 3,Drainage,District_3,858240.31,212711.35,19.5,25.1,24.784590926520334,-75.21540907347966,5.600000000000001,1047,3.440000000000001,10908.274358974359,31.9,0,0.0,100.0,6.7200000000000015,4.984000000000002,24.7,Low,Delayed by 1047 days beyond planned completion | Anomaly pattern detected by ML model (score 32/100 on cost/progress/payment behaviour)
WRK00010,Water Supply at District_2 Sector 6,Water Supply,District_2,8883863.91,5488826.21,66.4,62.2,61.784222108823364,-38.215777891176636,-4.200000000000003,831,0.15999999999999945,82663.0453313253,7.8,0,60.9,100.0,0.0,2.8040947773490363,24.7,Low,Delayed by 831 days beyond planned completion | Possible duplicate/overlapping work found (duplicate risk 61/100) | Anomaly pattern detected by ML model (score 8/100 on cost/progress/payment behaviour)
WRK00424,Anganwadi Center at District_5 Sector 1,Anganwadi Center,District_5,11729721.78,5059442.35,42.9,42.5,43.13352392233808,-56.86647607766192,-0.3999999999999986,575,6.800000000000001,117935.71911421911,34.2,0,0.0,100.0,0.0,6.821345498494921,24.6,Low,Delayed by 575 days beyond planned completion | Anomaly pattern detected by ML model (score 34/100 on cost/progress/payment behaviour)
WRK00211,Road Construction at District_1 Sector 35,Road Construction,District_1,2293379.36,1567878.09,72.4,68.4,68.36540510245109,-31.634594897548908,-4.0,692,0.08000000000000114,21655.774723756906,4.1,0,71.2,100.0,0.0,0.028000000000000396,24.6,Low,Delayed by 692 days beyond planned completion | Possible duplicate/overlapping work found (duplicate risk 71/100) | Anomaly pattern detected by ML model (score 4/100 on cost/progress/payment behaviour)
WRK00270,Water Supply at District_2 Sector 28,Water Supply,District_2,4198763.91,2502342.4,59.1,58.1,59.597120810729265,-40.402879189270735,-1.0,652,3.3599999999999994,42340.818950930625,7.4,0,62.0,100.0,0.0,1.9884422856481514,24.6,Low,Delayed by 652 days beyond planned completion | Possible duplicate/overlapping work found (duplicate risk 62/100) | Anomaly pattern detected by ML model (score 7/100 on cost/progress/payment behaviour)
WRK00120,Bridge at District_11 Sector 36,Bridge,District_11,2126382.71,1740067.84,80.1,78.1,81.83229819433588,-18.16770180566413,-2.0,956,0.0,21723.693383270915,3.8,0,71.9,100.0,0.0,0.0,24.6,Low,Delayed by 956 days beyond planned completion | Possible duplicate/overlapping work found (duplicate risk 72/100)
WRK00112,Anganwadi Center at District_10 Sector 27,Anganwadi Center,District_10,4288316.1,2273101.63,41.1,51.7,53.006858099849495,-46.993141900150505,10.600000000000001,1068,10.32,55306.609002433084,23.1,0,0.0,100.0,12.72,12.201859896801292,24.5,Low,"Delayed by 1068 days beyond planned completion | Anomaly pattern detected by ML model (score 23/100 on cost/progress/payment behaviour) | Utilisation irregularity: 53% of funds used vs 41% physical work done | Fund diversion signal: financial progress (52%) far ahead of physical progress (41%), payment irregularity 10/100"
WRK00185,School Building at District_12 Sector 20,School Building,District_12,2332261.77,1373158.65,51.8,56.4,58.876695046113966,-41.123304953886034,4.600000000000001,713,0.0,26508.854247104246,2.5,0,63.0,100.0,5.520000000000001,3.1574350966011173,24.5,Low,Delayed by 713 days beyond planned completion | Possible duplicate/overlapping work found (duplicate risk 63/100)
WRK00387,Drainage at District_1 Sector 15,Drainage,District_1,11092701.18,5785525.06,51.2,54.6,52.15614272952046,-47.843857270479546,3.3999999999999986,778,15.600000000000001,112998.53632812499,28.4,0,0.0,100.0,4.079999999999998,11.959337996187646,24.5,Low,"Delayed by 778 days beyond planned completion | Anomaly pattern detected by ML model (score 28/100 on cost/progress/payment behaviour) | Fund diversion signal: financial progress (55%) far ahead of physical progress (51%), payment irregularity 16/100"
WRK00282,Anganwadi Center at District_6 Sector 12,Anganwadi Center,District_6,2918850.56,2315442.19,90.4,83.5,79.32719207111447,-20.672807928885543,-6.900000000000006,924,0.0,25613.2985619469,6.7,0,65.0,100.0,0.0,0.009444300976930147,24.5,Low,Delayed by 924 days beyond planned completion | Possible duplicate/overlapping work found (duplicate risk 65/100) | Anomaly pattern detected by ML model (score 7/100 on cost/progress/payment behaviour)
WRK00351,Community Hall at District_5 Sector 4,Community Hall,District_5,9730004.34,5952479.48,49.5,61.0,61.17653468590334,-38.82346531409666,11.5,860,4.640000000000001,120252.11070707072,21.0,0,0.0,100.0,13.799999999999999,13.93904295857957,24.4,Low,"Delayed by 860 days beyond planned completion | Anomaly pattern detected by ML model (score 21/100 on cost/progress/payment behaviour) | Fund diversion signal: financial progress (61%) far ahead of physical progress (50%), payment irregularity 5/100 | Utilisation irregularity: 61% of funds used vs 50% physical work done"
WRK00597,Bridge at District_1 Sector 26,Bridge,District_1,1055008.09,573134.56,53.8,54.7,54.325134132383766,-45.67486586761624,0.9000000000000057,954,3.2,10653.058736059482,5.4,0,62.7,100.0,1.0800000000000067,1.7275000000000038,24.3,Low,Delayed by 954 days beyond planned completion | Possible duplicate/overlapping work found (duplicate risk 63/100) | Anomaly pattern detected by ML model (score 5/100 on cost/progress/payment behaviour)
WRK00435,School Building at District_10 Sector 35,School Building,District_10,515761.7,302868.42,59.6,58.7,58.72254958055241,-41.27745041944759,-0.8999999999999986,725,0.0,5081.684899328859,3.6,0,70.1,100.0,0.0,0.0,24.3,Low,Delayed by 725 days beyond planned completion | Possible duplicate/overlapping work found (duplicate risk 70/100)
WRK00173,Bridge at District_9 Sector 9,Bridge,District_9,2023047.25,1285376.63,70.3,61.8,63.53665886943569,-36.46334113056431,-8.5,808,0.0,18284.16258890469,4.5,0,68.4,100.0,0.0,0.0,24.3,Low,Delayed by 808 days beyond planned completion | Possible duplicate/overlapping work found (duplicate risk 68/100) | Anomaly pattern detected by ML model (score 4/100 on cost/progress/payment behaviour)
WRK00305,Community Hall at District_1 Sector 35,Community Hall,District_1,2654279.81,1618811.65,66.3,60.9,60.98873388936338,-39.01126611063662,-5.399999999999999,692,0.15999999999999945,24416.465309200605,4.7,0,66.5,100.0,0.0,0.0559999999999998,24.2,Low,Delayed by 692 days beyond planned completion | Possible duplicate/overlapping work found (duplicate risk 66/100) | Anomaly pattern detected by ML model (score 5/100 on cost/progress/payment behaviour)
WRK00544,School Building at District_11 Sector 32,School Building,District_11,2170587.71,1643617.63,76.8,78.2,75.7222397615068,-24.277760238493197,1.4000000000000057,813,0.0,21401.271223958334,0.9,0,71.3,100.0,1.6800000000000068,0.9450000000000038,24.2,Low,Delayed by 813 days beyond planned completion | Possible duplicate/overlapping work found (duplicate risk 71/100)
WRK00590,School Building at District_11 Sector 16,School Building,District_11,2543501.36,2141020.32,89.8,87.7,84.1761028191469,-15.823897180853091,-2.0999999999999943,861,0.0,23842.097104677057,3.5,0,68.8,100.0,0.0,0.0,24.1,Low,Delayed by 861 days beyond planned completion | Possible duplicate/overlapping work found (duplicate risk 69/100)
WRK00016,Anganwadi Center at District_12 Sector 35,Anganwadi Center,District_12,12467233.2,11766141.5,91.1,92.9,94.37652533843676,-5.623474661563235,1.8000000000000114,783,8.88,129156.32821075742,29.5,0,0.0,100.0,2.1600000000000135,9.302986389779548,24.1,Low,Delayed by 783 days beyond planned completion | Anomaly pattern detected by ML model (score 30/100 on cost/progress/payment behaviour)
WRK00411,Irrigation Canal at District_1 Sector 34,Irrigation Canal,District_1,458863.0,211279.23,44.0,47.4,46.044076336510024,-53.95592366348997,3.3999999999999986,552,14.080000000000002,4801.800681818182,29.6,0,0.0,100.0,4.079999999999998,7.222999999999999,24.1,Low,Delayed by 552 days beyond planned completion | Anomaly pattern detected by ML model (score 30/100 on cost/progress/payment behaviour)
WRK00456,Road Construction at District_12 Sector 15,Road Construction,District_12,3171700.4,2196940.39,71.8,70.4,69.2669581906286,-30.733041809371397,-1.3999999999999915,758,0.0,30598.055571030643,1.9,0,71.2,100.0,0.0,0.2487355849980868,24.1,Low,Delayed by 758 days beyond planned completion | Possible duplicate/overlapping work found (duplicate risk 71/100)
WRK00337,Anganwadi Center at District_1 Sector 9,Anganwadi Center,District_1,2110487.79,1515569.79,77.2,71.7,71.81135077782184,-28.188649222178157,-5.5,1003,0.0,19631.733031088082,6.2,0,63.1,100.0,0.0,0.0,24.1,Low,Delayed by 1003 days beyond planned completion | Possible duplicate/overlapping work found (duplicate risk 63/100) | Anomaly pattern detected by ML model (score 6/100 on cost/progress/payment behaviour)
WRK00278,School Building at District_2 Sector 13,School Building,District_2,897709.79,636355.9,70.5,69.7,70.88659465326762,-29.113405346732378,-0.7999999999999972,939,2.8800000000000012,9026.324822695036,4.8,0,64.5,100.0,0.0,1.0080000000000005,24.1,Low,Delayed by 939 days beyond planned completion | Possible duplicate/overlapping work found (duplicate risk 64/100) | Anomaly pattern detected by ML model (score 5/100 on cost/progress/payment behaviour)
WRK00063,Drainage at District_6 Sector 4,Drainage,District_6,3018298.05,1593213.66,56.3,52.5,52.785166792921586,-47.21483320707841,-3.799999999999997,649,0.0,28298.64404973357,6.4,0,61.1,100.0,0.0,0.13835324651668585,24.0,Low,Delayed by 649 days beyond planned completion | Possible duplicate/overlapping work found (duplicate risk 61/100) | Anomaly pattern detected by ML model (score 6/100 on cost/progress/payment behaviour)
WRK00226,Bridge at District_1 Sector 2,Bridge,District_1,1081658.12,643405.9,65.3,61.6,59.483295886504315,-40.516704113495685,-3.6999999999999957,932,2.6400000000000006,9853.076569678407,5.2,0,62.7,100.0,0.0,0.9240000000000002,24.0,Low,Delayed by 932 days beyond planned completion | Possible duplicate/overlapping work found (duplicate risk 63/100) | Anomaly pattern detected by ML model (score 5/100 on cost/progress/payment behaviour)
WRK00031,Irrigation Canal at District_7 Sector 6,Irrigation Canal,District_7,516496.29,359982.73,66.4,69.8,69.69706016668582,-30.302939833314195,3.3999999999999915,767,0.0,5421.426656626505,1.7,0,63.4,100.0,4.079999999999989,2.2949999999999946,24.0,Low,Delayed by 767 days beyond planned completion | Possible duplicate/overlapping work found (duplicate risk 63/100)
WRK00175,Bridge at District_6 Sector 8,Bridge,District_6,1275964.4,852256.81,67.9,64.2,66.79314955809113,-33.20685044190887,-3.700000000000003,644,0.0,12551.646686303387,5.9,0,62.4,100.0,0.0,0.0,24.0,Low,Delayed by 644 days beyond planned completion | Possible duplicate/overlapping work found (duplicate risk 62/100) | Anomaly pattern detected by ML model (score 6/100 on cost/progress/payment behaviour)
WRK00153,Anganwadi Center at District_2 Sector 24,Anganwadi Center,District_2,6466571.87,4396919.71,69.5,69.5,67.99460051466187,-32.005399485338124,0.0,959,0.0,63265.03179856115,5.6,0,61.2,100.0,0.0,1.8169008280238879,24.0,Low,Delayed by 959 days beyond planned completion | Possible duplicate/overlapping work found (duplicate risk 61/100) | Anomaly pattern detected by ML model (score 6/100 on cost/progress/payment behaviour)
WRK00368,Community Hall at District_1 Sector 14,Community Hall,District_1,1213870.33,790463.6,65.1,66.7,65.11927843231821,-34.88072156768179,1.6000000000000085,827,0.0,12142.298003072197,0.1,0,70.7,100.0,1.9200000000000101,1.0800000000000058,24.0,Low,Delayed by 827 days beyond planned completion | Possible duplicate/overlapping work found (duplicate risk 71/100)
WRK00508,School Building at District_1 Sector 24,School Building,District_1,2870051.2,2110965.97,68.3,71.2,73.55150911593493,-26.448490884065063,2.9000000000000057,710,0.0,30907.261639824308,2.4,0,62.0,100.0,3.4800000000000066,2.221078899746219,23.9,Low,Delayed by 710 days beyond planned completion | Possible duplicate/overlapping work found (duplicate risk 62/100)
WRK00216,Anganwadi Center at District_6 Sector 8,Anganwadi Center,District_6,2371764.95,2484326.64,96.4,100.0,104.74590409981393,4.745904099813936,3.5999999999999943,716,0.0,25771.023236514524,20.9,0,0.0,100.0,13.811808199627848,2.4470158114498197,23.8,Low,Delayed by 716 days beyond planned completion | Anomaly pattern detected by ML model (score 21/100 on cost/progress/payment behaviour) | Utilisation irregularity: 105% of funds used vs 96% physical work done
WRK00145,Water Supply at District_7 Sector 30,Water Supply,District_7,5427918.41,4428396.13,71.9,81.4,81.58553234406483,-18.414467655935166,9.5,1149,4.4,61591.04492350486,22.4,0,0.0,100.0,11.4,9.689041751736555,23.8,Low,Delayed by 1149 days beyond planned completion | Anomaly pattern detected by ML model (score 22/100 on cost/progress/payment behaviour) | Utilisation irregularity: 82% of funds used vs 72% physical work done
WRK00448,Anganwadi Center at District_3 Sector 18,Anganwadi Center,District_3,2272686.48,1418830.93,70.4,65.4,62.42968145786655,-37.57031854213345,-5.0,798,0.0,20153.848437499997,1.9,0,69.1,100.0,0.0,0.0,23.8,Low,Delayed by 798 days beyond planned completion | Possible duplicate/overlapping work found (duplicate risk 69/100)
WRK00420,Water Supply at District_4 Sector 7,Water Supply,District_4,461140.71,362912.63,80.2,77.4,78.6988921450895,-21.30110785491049,-2.799999999999997,897,1.2000000000000002,4525.095137157107,6.2,0,60.3,100.0,0.0,0.42000000000000004,23.8,Low,Delayed by 897 days beyond planned completion | Possible duplicate/overlapping work found (duplicate risk 60/100) | Anomaly pattern detected by ML model (score 6/100 on cost/progress/payment behaviour)
WRK00439,Anganwadi Center at District_3 Sector 23,Anganwadi Center,District_3,2623536.16,1923477.52,71.3,71.8,73.3162191292229,-26.683780870777102,0.5,858,0.08000000000000114,26977.244319775597,1.5,0,67.9,100.0,0.6,0.44041997634711894,23.7,Low,Delayed by 858 days beyond planned completion | Possible duplicate/overlapping work found (duplicate risk 68/100)
WRK00208,School Building at District_2 Sector 16,School Building,District_2,12596227.91,5821530.38,43.2,48.2,46.21645798722294,-53.78354201277706,5.0,754,1.0400000000000007,134757.64768518516,25.5,0,0.0,100.0,6.0,8.987875510514213,23.6,Low,Delayed by 754 days beyond planned completion | Anomaly pattern detected by ML model (score 26/100 on cost/progress/payment behaviour)
WRK00243,Anganwadi Center at District_7 Sector 21,Anganwadi Center,District_7,3214992.93,1167521.37,27.0,37.3,36.31489696619644,-63.68510303380356,10.299999999999997,920,0.0,43241.532222222224,22.3,0,0.0,100.0,12.359999999999996,7.808180669149994,23.6,Low,Delayed by 920 days beyond planned completion | Anomaly pattern detected by ML model (score 22/100 on cost/progress/payment behaviour) | Utilisation irregularity: 36% of funds used vs 27% physical work done
WRK00158,Anganwadi Center at District_4 Sector 4,Anganwadi Center,District_4,8845673.54,6329935.91,85.9,74.8,71.55968261066981,-28.44031738933019,-11.100000000000009,1007,15.360000000000003,73689.59150174621,29.8,0,0.0,100.0,0.0,7.693327683773248,23.6,Low,Delayed by 1007 days beyond planned completion | Anomaly pattern detected by ML model (score 30/100 on cost/progress/payment behaviour)
WRK00363,Irrigation Canal at District_3 Sector 30,Irrigation Canal,District_3,946518.84,532774.76,60.2,53.8,56.28781356322501,-43.71218643677499,-6.400000000000006,743,0.0,8850.079069767442,5.2,0,60.1,100.0,0.0,0.0,23.5,Low,Delayed by 743 days beyond planned completion | Possible duplicate/overlapping work found (duplicate risk 60/100) | Anomaly pattern detected by ML model (score 5/100 on cost/progress/payment behaviour)
WRK00165,Road Construction at District_8 Sector 8,Road Construction,District_8,2040186.36,1134692.6,62.0,57.5,55.61710548834372,-44.38289451165628,-4.5,831,0.0,18301.493548387098,3.1,0,64.5,100.0,0.0,0.0,23.5,Low,Delayed by 831 days beyond planned completion | Possible duplicate/overlapping work found (duplicate risk 64/100)
WRK00008,Bridge at District_9 Sector 14,Bridge,District_9,2557695.34,1409900.7,56.5,55.9,55.12387178998418,-44.876128210015814,-0.6000000000000014,864,0.0,24953.994690265485,1.7,0,66.2,100.0,0.0,0.0,23.4,Low,Delayed by 864 days beyond planned completion | Possible duplicate/overlapping work found (duplicate risk 66/100)
WRK00555,Drainage at District_8 Sector 6,Drainage,District_8,4487096.26,3709114.74,81.6,80.3,82.66180454082793,-17.338195459172066,-1.2999999999999972,845,0.0,45454.83750000001,4.0,0,60.7,100.0,0.0,0.9619295115479517,23.4,Low,Delayed by 845 days beyond planned completion | Possible duplicate/overlapping work found (duplicate risk 61/100)
WRK00048,Anganwadi Center at District_12 Sector 17,Anganwadi Center,District_12,2176994.86,1513458.25,56.1,67.8,69.5205247292132,-30.47947527078681,11.699999999999996,874,12.480000000000002,26977.86541889483,17.2,0,0.0,100.0,14.039999999999994,12.340449791964101,23.3,Low,"Delayed by 874 days beyond planned completion | Anomaly pattern detected by ML model (score 17/100 on cost/progress/payment behaviour) | Utilisation irregularity: 70% of funds used vs 56% physical work done | Fund diversion signal: financial progress (68%) far ahead of physical progress (56%), payment irregularity 12/100"
WRK00350,Anganwadi Center at District_6 Sector 36,Anganwadi Center,District_6,518632.52,315478.19,63.7,62.0,60.828848526505816,-39.171151473494184,-1.7000000000000028,756,0.0,4952.561852433281,2.5,0,64.3,100.0,0.0,0.0,23.3,Low,Delayed by 756 days beyond planned completion | Possible duplicate/overlapping work found (duplicate risk 64/100)
WRK00428,Road Construction at District_10 Sector 38,Road Construction,District_10,5638728.42,5686832.36,100.0,100.0,100.853099075128,0.8530990751280129,0.0,4,14.8,56868.3236,56.3,1,62.5,1.095890410958904,1.7061981502560002,6.689829386917932,23.2,Low,Anomaly pattern detected by ML model (score 56/100 on cost/progress/payment behaviour) | Possible duplicate/overlapping work found (duplicate risk 62/100)
WRK00489,Road Construction at District_6 Sector 8,Road Construction,District_6,443638.1,356835.83,76.2,79.3,80.43399112925604,-19.56600887074396,3.0999999999999943,497,13.52,4682.884908136483,26.6,0,0.0,100.0,3.719999999999993,6.824499999999995,23.2,Low,Delayed by 497 days beyond planned completion | Anomaly pattern detected by ML model (score 27/100 on cost/progress/payment behaviour)
WRK00450,Anganwadi Center at District_8 Sector 13,Anganwadi Center,District_8,3098891.81,2632561.33,68.7,85.5,84.95170181497882,-15.048298185021181,16.799999999999997,835,0.0,38319.67001455604,13.5,0,0.0,100.0,20.159999999999997,11.95940862513633,23.2,Low,"Delayed by 835 days beyond planned completion | Anomaly pattern detected by ML model (score 14/100 on cost/progress/payment behaviour) | Utilisation irregularity: 85% of funds used vs 69% physical work done | Fund diversion signal: financial progress (86%) far ahead of physical progress (69%), payment irregularity 0/100"
WRK00449,Drainage at District_8 Sector 20,Drainage,District_8,5329447.11,1893606.82,43.0,36.3,35.53101815096163,-64.46898184903837,-6.700000000000003,1162,4.880000000000002,44037.367906976746,31.3,0,0.0,100.0,0.0,2.6018844456886976,23.2,Low,Delayed by 1162 days beyond planned completion | Anomaly pattern detected by ML model (score 31/100 on cost/progress/payment behaviour)
WRK00167,School Building at District_5 Sector 15,School Building,District_5,6475695.22,2899825.97,59.8,42.9,44.780149026223015,-55.219850973776985,-16.9,734,9.760000000000003,48492.07307692308,30.2,0,0.0,100.0,0.0,4.52373080131037,23.2,Low,Delayed by 734 days beyond planned completion | Anomaly pattern detected by ML model (score 30/100 on cost/progress/payment behaviour)
WRK00558,Drainage at District_2 Sector 14,Drainage,District_2,2542186.7,589430.57,20.9,23.8,23.185967025946596,-76.8140329740534,2.900000000000002,752,0.0,28202.41961722488,29.0,0,0.0,100.0,3.4800000000000026,2.091234030782149,23.1,Low,Delayed by 752 days beyond planned completion | Anomaly pattern detected by ML model (score 29/100 on cost/progress/payment behaviour)
WRK00215,School Building at District_11 Sector 27,School Building,District_11,464404.36,468883.31,95.0,100.0,100.9644504629543,0.9644504629543125,5.0,646,4.96,4935.613789473684,23.7,0,0.0,100.0,7.928900925908607,5.111,23.1,Low,Delayed by 646 days beyond planned completion | Anomaly pattern detected by ML model (score 24/100 on cost/progress/payment behaviour)
WRK00335,School Building at District_3 Sector 8,School Building,District_3,4527984.3,3043842.94,72.0,70.1,67.22291285329766,-32.777087146702335,-1.9000000000000057,900,0.0,42275.59638888889,2.0,0,60.6,100.0,0.0,0.8093113024147313,22.9,Low,Delayed by 900 days beyond planned completion | Possible duplicate/overlapping work found (duplicate risk 61/100)
WRK00267,School Building at District_8 Sector 24,School Building,District_8,604881.99,441832.64,55.3,70.4,73.04443632054577,-26.95556367945423,15.100000000000009,964,2.8800000000000012,7989.740325497288,14.0,0,0.0,100.0,18.120000000000008,11.200500000000007,22.9,Low,"Delayed by 964 days beyond planned completion | Anomaly pattern detected by ML model (score 14/100 on cost/progress/payment behaviour) | Utilisation irregularity: 73% of funds used vs 55% physical work done | Fund diversion signal: financial progress (70%) far ahead of physical progress (55%), payment irregularity 3/100"
WRK00217,Water Supply at District_12 Sector 6,Water Supply,District_12,8336871.53,3515592.4,43.0,41.1,42.169204447366596,-57.830795552633404,-1.8999999999999986,737,12.719999999999999,81757.96279069767,26.3,0,0.0,100.0,0.0,7.156646648804907,22.6,Low,Delayed by 737 days beyond planned completion | Anomaly pattern detected by ML model (score 26/100 on cost/progress/payment behaviour)
WRK00377,Bridge at District_3 Sector 4,Bridge,District_3,5748177.02,5517107.36,87.5,95.3,95.98012275550973,-4.019877244490275,7.799999999999997,1088,0.0,63052.655542857145,20.4,0,0.0,100.0,9.359999999999996,7.071705790065084,22.6,Low,Delayed by 1088 days beyond planned completion | Anomaly pattern detected by ML model (score 20/100 on cost/progress/payment behaviour)
WRK00097,School Building at District_12 Sector 12,School Building,District_12,11823336.14,10247281.87,100.0,89.0,86.66996986858904,-13.330030131410957,-11.0,28,3.280000000000001,102472.81869999999,51.1,1,65.3,7.671232876712329,0.0,4.847055094355463,22.5,Low,Anomaly pattern detected by ML model (score 51/100 on cost/progress/payment behaviour) | Possible duplicate/overlapping work found (duplicate risk 65/100) | Delayed by 28 days beyond planned completion
WRK00587,Water Supply at District_5 Sector 18,Water Supply,District_5,9148657.63,7474352.7,88.4,78.2,81.69890056318569,-18.301099436814322,-10.200000000000003,1059,8.64,84551.50113122171,26.3,0,0.0,100.0,0.0,5.862749349347417,22.5,Low,Delayed by 1059 days beyond planned completion | Anomaly pattern detected by ML model (score 26/100 on cost/progress/payment behaviour)
WRK00091,Anganwadi Center at District_9 Sector 12,Anganwadi Center,District_9,12462438.45,9453993.66,77.1,74.7,75.8599025217252,-24.140097478274804,-2.3999999999999915,920,11.839999999999998,122619.89182879378,24.3,0,0.0,100.0,0.0,8.810207352624388,22.4,Low,Delayed by 920 days beyond planned completion | Anomaly pattern detected by ML model (score 24/100 on cost/progress/payment behaviour)
WRK00189,Anganwadi Center at District_10 Sector 18,Anganwadi Center,District_10,11567933.05,11590105.58,99.4,100.0,100.19167235757817,0.19167235757817017,0.5999999999999943,46,0.0,116600.65975855131,46.9,0,65.8,12.602739726027398,1.1033447151563336,4.782256503408488,22.4,Low,Anomaly pattern detected by ML model (score 47/100 on cost/progress/payment behaviour) | Possible duplicate/overlapping work found (duplicate risk 66/100) | Delayed by 46 days beyond planned completion
WRK00239,Water Supply at District_11 Sector 12,Water Supply,District_11,3118955.15,789854.15,38.4,25.0,25.324318947003775,-74.67568105299623,-13.399999999999999,673,0.0,20569.118489583336,29.7,0,0.0,100.0,0.0,0.0,22.4,Low,Delayed by 673 days beyond planned completion | Anomaly pattern detected by ML model (score 30/100 on cost/progress/payment behaviour)
WRK00221,Drainage at District_12 Sector 29,Drainage,District_12,910868.99,901298.86,87.2,98.1,98.94934067302039,-1.0506593269796136,10.899999999999991,963,0.0,10335.996100917431,17.5,0,0.0,100.0,13.07999999999999,7.357499999999995,22.4,Low,Delayed by 963 days beyond planned completion | Anomaly pattern detected by ML model (score 18/100 on cost/progress/payment behaviour) | Utilisation irregularity: 99% of funds used vs 87% physical work done
WRK00358,Road Construction at District_3 Sector 23,Road Construction,District_3,4450884.3,1989498.53,35.1,45.9,44.69894959974584,-55.30105040025416,10.799999999999997,894,0.0,56680.8698005698,16.7,0,0.0,100.0,12.959999999999996,8.790830741592078,22.4,Low,Delayed by 894 days beyond planned completion | Anomaly pattern detected by ML model (score 17/100 on cost/progress/payment behaviour) | Utilisation irregularity: 45% of funds used vs 35% physical work done
WRK00125,Drainage at District_10 Sector 7,Drainage,District_10,10674490.76,5813370.24,56.8,54.8,54.46039882093636,-45.539601179063645,-2.0,1165,7.359999999999999,102348.06760563381,25.9,0,0.0,100.0,0.0,6.26906646752781,22.4,Low,Delayed by 1165 days beyond planned completion | Anomaly pattern detected by ML model (score 26/100 on cost/progress/payment behaviour)
WRK00280,Community Hall at District_4 Sector 27,Community Hall,District_4,513544.75,193279.44,46.3,39.1,37.63633841062536,-62.36366158937463,-7.199999999999996,1173,0.0,4174.501943844492,29.2,0,0.0,100.0,0.0,0.0,22.3,Low,Delayed by 1173 days beyond planned completion | Anomaly pattern detected by ML model (score 29/100 on cost/progress/payment behaviour)
WRK00559,Drainage at District_6 Sector 4,Drainage,District_6,5600181.67,2931444.24,58.3,54.1,52.34552042666145,-47.65447957333855,-4.199999999999996,1198,7.919999999999999,50282.06243567754,26.8,0,0.0,100.0,0.0,3.9656585308386116,22.3,Low,Delayed by 1198 days beyond planned completion | Anomaly pattern detected by ML model (score 27/100 on cost/progress/payment behaviour)
WRK00425,Drainage at District_6 Sector 2,Drainage,District_6,1021588.99,262765.65,33.7,26.5,25.72126878540459,-74.27873121459541,-7.200000000000003,1065,2.4800000000000013,7797.200296735905,28.5,0,0.0,100.0,0.0,0.8680000000000004,22.3,Low,Delayed by 1065 days beyond planned completion | Anomaly pattern detected by ML model (score 28/100 on cost/progress/payment behaviour)
WRK00069,School Building at District_1 Sector 24,School Building,District_1,11864686.94,7421212.41,65.2,62.8,62.54874188867557,-37.45125811132443,-2.4000000000000057,796,14.32,113822.27622699387,23.5,0,0.0,100.0,0.0,9.255881303462322,22.3,Low,Delayed by 796 days beyond planned completion | Anomaly pattern detected by ML model (score 24/100 on cost/progress/payment behaviour)
WRK00136,Bridge at District_9 Sector 7,Bridge,District_9,12780233.3,12817796.13,99.1,100.0,100.29391349217389,0.29391349217388757,0.9000000000000057,0,2.6400000000000006,129342.03965691222,54.4,1,61.3,0.0,1.6678269843477778,6.520401394127164,22.3,Low,Anomaly pattern detected by ML model (score 54/100 on cost/progress/payment behaviour) | Possible duplicate/overlapping work found (duplicate risk 61/100)
WRK00522,School Building at District_5 Sector 10,School Building,District_5,2901147.74,2873377.32,92.4,97.2,99.042778152346,-0.9572218476540044,4.799999999999997,1153,0.0,31097.15714285714,23.8,0,0.0,100.0,5.759999999999996,3.5126947580855,22.3,Low,Delayed by 1153 days beyond planned completion | Anomaly pattern detected by ML model (score 24/100 on cost/progress/payment behaviour)
WRK00134,Community Hall at District_10 Sector 27,Community Hall,District_10,5594841.86,4611015.28,66.8,81.1,82.41547116758005,-17.58452883241994,14.299999999999997,902,0.0,69027.1748502994,11.5,0,0.0,100.0,17.159999999999997,11.746010220829069,22.2,Low,"Delayed by 902 days beyond planned completion | Anomaly pattern detected by ML model (score 12/100 on cost/progress/payment behaviour) | Utilisation irregularity: 82% of funds used vs 67% physical work done | Fund diversion signal: financial progress (81%) far ahead of physical progress (67%), payment irregularity 0/100"
WRK00191,School Building at District_12 Sector 37,School Building,District_12,4505285.75,4131500.43,85.4,91.7,91.70340482842848,-8.296595171571521,6.299999999999997,1161,0.0,48378.225175644024,21.0,0,0.0,100.0,7.559999999999996,5.354765577944306,22.2,Low,Delayed by 1161 days beyond planned completion | Anomaly pattern detected by ML model (score 21/100 on cost/progress/payment behaviour)
WRK00114,Anganwadi Center at District_4 Sector 23,Anganwadi Center,District_4,4320131.53,4020576.18,77.4,89.8,93.06605949564688,-6.933940504353118,12.399999999999991,769,0.0,51945.42868217054,13.9,0,0.0,100.0,14.879999999999988,9.643507768062292,22.2,Low,Delayed by 769 days beyond planned completion | Anomaly pattern detected by ML model (score 14/100 on cost/progress/payment behaviour) | Utilisation irregularity: 93% of funds used vs 77% physical work done
WRK00161,Drainage at District_11 Sector 18,Drainage,District_11,3137245.78,1970815.85,53.7,62.5,62.819937875571874,-37.180062124428126,8.799999999999997,885,13.680000000000001,36700.481378026074,15.0,0,0.0,100.0,10.559999999999997,11.269680116564768,22.0,Low,"Delayed by 885 days beyond planned completion | Anomaly pattern detected by ML model (score 15/100 on cost/progress/payment behaviour) | Fund diversion signal: financial progress (62%) far ahead of physical progress (54%), payment irregularity 14/100 | Utilisation irregularity: 63% of funds used vs 54% physical work done"
WRK00502,Anganwadi Center at District_1 Sector 35,Anganwadi Center,District_1,2517152.09,2348278.43,94.5,97.5,93.2910823835043,-6.708917616495699,3.0,1203,0.0,24849.507195767197,24.8,0,0.0,100.0,3.5999999999999996,2.0250000000000004,22.0,Low,Delayed by 1203 days beyond planned completion | Anomaly pattern detected by ML model (score 25/100 on cost/progress/payment behaviour)
WRK00596,Anganwadi Center at District_10 Sector 38,Anganwadi Center,District_10,3104414.41,799813.89,25.5,25.2,25.76376038661668,-74.23623961338332,-0.3000000000000007,996,3.6,31365.250588235296,26.6,0,0.0,100.0,0.0,1.5455644776456101,21.9,Low,Delayed by 996 days beyond planned completion | Anomaly pattern detected by ML model (score 27/100 on cost/progress/payment behaviour)
WRK00304,Anganwadi Center at District_12 Sector 29,Anganwadi Center,District_12,11493167.84,6759562.58,61.8,56.4,58.81374634132202,-41.18625365867797,-5.399999999999999,1120,6.16,109378.03527508091,23.9,0,0.0,100.0,0.0,6.186537278478818,21.9,Low,Delayed by 1120 days beyond planned completion | Anomaly pattern detected by ML model (score 24/100 on cost/progress/payment behaviour)
WRK00013,Irrigation Canal at District_2 Sector 12,Irrigation Canal,District_2,10603362.01,7794887.38,62.2,70.7,73.51335710927029,-26.486642890729712,8.5,835,0.0,125319.73279742764,15.1,0,0.0,100.0,10.2,10.533312147975503,21.9,Low,"Delayed by 835 days beyond planned completion | Anomaly pattern detected by ML model (score 15/100 on cost/progress/payment behaviour) | Fund diversion signal: financial progress (71%) far ahead of physical progress (62%), payment irregularity 0/100 | Utilisation irregularity: 74% of funds used vs 62% physical work done"
WRK00479,School Building at District_3 Sector 30,School Building,District_3,5456074.34,3785341.6,83.5,67.7,69.37848284523191,-30.621517154768092,-15.799999999999997,566,3.119999999999999,45333.432335329344,26.4,0,0.0,100.0,0.0,2.048101504748843,21.9,Low,Delayed by 566 days beyond planned completion | Anomaly pattern detected by ML model (score 26/100 on cost/progress/payment behaviour)
WRK00058,School Building at District_9 Sector 35,School Building,District_9,1226672.34,285126.68,26.3,23.8,23.243915322978587,-76.75608467702142,-2.5,720,0.0,10841.318631178707,27.6,0,0.0,100.0,0.0,0.0,21.9,Low,Delayed by 720 days beyond planned completion | Anomaly pattern detected by ML model (score 28/100 on cost/progress/payment behaviour)
WRK00329,Water Supply at District_12 Sector 12,Water Supply,District_12,9481273.68,4997405.03,54.1,53.7,52.70816135749391,-47.29183864250609,-0.3999999999999986,947,14.4,92373.47560073937,22.6,0,0.0,100.0,0.0,8.254240132745831,21.9,Low,Delayed by 947 days beyond planned completion | Anomaly pattern detected by ML model (score 23/100 on cost/progress/payment behaviour)
WRK00176,Road Construction at District_10 Sector 8,Road Construction,District_10,10086268.05,4531816.29,58.7,46.9,44.93055575694322,-55.06944424305678,-11.800000000000004,759,8.24,77203.00323679727,23.8,0,0.0,100.0,0.0,5.3699876212272315,21.8,Low,Delayed by 759 days beyond planned completion | Anomaly pattern detected by ML model (score 24/100 on cost/progress/payment behaviour)
WRK00248,Road Construction at District_8 Sector 9,Road Construction,District_8,2556581.83,1237874.07,73.0,50.1,48.41910614689771,-51.58089385310228,-22.9,764,0.0,16957.179041095893,27.3,0,0.0,100.0,0.0,0.0,21.8,Low,Delayed by 764 days beyond planned completion | Anomaly pattern detected by ML model (score 27/100 on cost/progress/payment behaviour)
WRK00133,Water Supply at District_12 Sector 19,Water Supply,District_12,1118804.49,1163193.66,100.0,100.0,103.96755379485472,3.967553794854714,0.0,0,0.0,11631.936599999999,45.4,0,69.2,0.0,7.935107589709446,0.0,21.8,Low,Anomaly pattern detected by ML model (score 45/100 on cost/progress/payment behaviour) | Possible duplicate/overlapping work found (duplicate risk 69/100)
WRK00083,Irrigation Canal at District_8 Sector 5,Irrigation Canal,District_8,5012137.41,3912383.59,62.1,74.8,78.05818695621116,-21.941813043788844,12.699999999999996,973,0.0,63001.3460547504,11.4,0,0.0,100.0,15.239999999999995,10.376742698430093,21.7,Low,"Delayed by 973 days beyond planned completion | Anomaly pattern detected by ML model (score 11/100 on cost/progress/payment behaviour) | Utilisation irregularity: 78% of funds used vs 62% physical work done | Fund diversion signal: financial progress (75%) far ahead of physical progress (62%), payment irregularity 0/100"
WRK00119,Anganwadi Center at District_11 Sector 31,Anganwadi Center,District_11,440147.08,112749.71,22.4,24.5,25.61637123663299,-74.383628763367,2.1000000000000014,994,0.0,5033.469196428572,24.4,0,0.0,100.0,2.520000000000002,1.4175000000000009,21.7,Low,Delayed by 994 days beyond planned completion | Anomaly pattern detected by ML model (score 24/100 on cost/progress/payment behaviour)
WRK00495,Irrigation Canal at District_12 Sector 36,Irrigation Canal,District_12,542548.26,137952.7,32.6,26.0,25.426807193151813,-74.57319280684818,-6.600000000000001,810,3.519999999999999,4231.67791411043,25.8,0,0.0,100.0,0.0,1.2319999999999995,21.6,Low,Delayed by 810 days beyond planned completion | Anomaly pattern detected by ML model (score 26/100 on cost/progress/payment behaviour)
WRK00302,School Building at District_9 Sector 29,School Building,District_9,1020520.94,574954.62,53.3,58.3,56.33932607007554,-43.66067392992446,5.0,1196,0.0,10787.141088180113,20.6,0,0.0,100.0,6.0,3.375,21.6,Low,Delayed by 1196 days beyond planned completion | Anomaly pattern detected by ML model (score 21/100 on cost/progress/payment behaviour)
WRK00291,Anganwadi Center at District_9 Sector 17,Anganwadi Center,District_9,9727684.96,7334143.52,65.8,72.0,75.39454197126875,-24.60545802873124,6.200000000000003,898,6.880000000000002,111461.14772036474,15.6,0,0.0,100.0,7.440000000000003,10.72353626556767,21.6,Low,"Delayed by 898 days beyond planned completion | Anomaly pattern detected by ML model (score 16/100 on cost/progress/payment behaviour) | Fund diversion signal: financial progress (72%) far ahead of physical progress (66%), payment irregularity 7/100"
WRK00070,Community Hall at District_5 Sector 2,Community Hall,District_5,11003669.59,8813869.05,77.7,83.6,80.099361198649,-19.900638801350986,5.8999999999999915,1048,0.0,113434.6081081081,16.7,0,0.0,100.0,7.079999999999989,8.207771449105687,21.5,Low,Delayed by 1048 days beyond planned completion | Anomaly pattern detected by ML model (score 17/100 on cost/progress/payment behaviour)
WRK00505,Irrigation Canal at District_9 Sector 27,Irrigation Canal,District_9,5053183.9,1813713.72,55.1,37.3,35.89249383937916,-64.10750616062084,-17.800000000000004,846,0.5599999999999995,32916.764428312155,25.7,0,0.0,100.0,0.0,0.5560442844430189,21.5,Low,Delayed by 846 days beyond planned completion | Anomaly pattern detected by ML model (score 26/100 on cost/progress/payment behaviour)
WRK00296,Water Supply at District_12 Sector 13,Water Supply,District_12,479793.49,300219.66,77.3,65.7,62.572683093303326,-37.427316906696674,-11.599999999999994,654,12.080000000000002,3883.824838292367,23.0,0,0.0,100.0,0.0,4.228000000000001,21.4,Low,Delayed by 654 days beyond planned completion | Anomaly pattern detected by ML model (score 23/100 on cost/progress/payment behaviour)
WRK00006,Irrigation Canal at District_2 Sector 36,Irrigation Canal,District_2,907292.34,263807.35,39.5,30.4,29.076333874922828,-70.92366612507718,-9.100000000000001,960,4.0,6678.667088607594,24.2,0,0.0,100.0,0.0,1.4,21.3,Low,Delayed by 960 days beyond planned completion | Anomaly pattern detected by ML model (score 24/100 on cost/progress/payment behaviour)
WRK00545,Community Hall at District_8 Sector 32,Community Hall,District_8,895947.14,537365.21,77.2,62.5,59.97733415388768,-40.02266584611231,-14.700000000000003,1167,0.0,6960.6892487046625,25.3,0,0.0,100.0,0.0,0.0,21.3,Low,Delayed by 1167 days beyond planned completion | Anomaly pattern detected by ML model (score 25/100 on cost/progress/payment behaviour)
WRK00523,Water Supply at District_10 Sector 19,Water Supply,District_10,5633410.72,2142715.54,52.8,38.0,38.035848023522064,-61.964151976477936,-14.799999999999997,783,4.800000000000001,40581.73371212122,23.9,0,0.0,100.0,0.0,2.4079980961459766,21.3,Low,Delayed by 783 days beyond planned completion | Anomaly pattern detected by ML model (score 24/100 on cost/progress/payment behaviour)
WRK00032,Road Construction at District_11 Sector 25,Road Construction,District_11,2523260.38,2356757.89,81.3,89.8,93.40129574736953,-6.59870425263047,8.5,650,1.8400000000000007,28988.411931119314,15.0,0,0.0,100.0,10.2,6.552965280205102,21.3,Low,Delayed by 650 days beyond planned completion | Anomaly pattern detected by ML model (score 15/100 on cost/progress/payment behaviour) | Utilisation irregularity: 93% of funds used vs 81% physical work done
WRK00460,Irrigation Canal at District_12 Sector 28,Irrigation Canal,District_12,9097520.75,8678930.73,98.5,100.0,95.39885611143013,-4.601143888569856,1.5,48,0.0,88110.9718781726,42.1,0,66.2,13.150684931506849,1.7999999999999998,4.022120331407621,21.3,Low,Anomaly pattern detected by ML model (score 42/100 on cost/progress/payment behaviour) | Possible duplicate/overlapping work found (duplicate risk 66/100) | Delayed by 48 days beyond planned completion
WRK00401,Community Hall at District_2 Sector 25,Community Hall,District_2,6425341.28,3666259.52,62.4,58.6,57.05937412868442,-42.94062587131558,-3.799999999999997,711,15.52,58754.15897435898,20.6,0,0.0,100.0,0.0,7.032358166427252,21.2,Low,Delayed by 711 days beyond planned completion | Anomaly pattern detected by ML model (score 21/100 on cost/progress/payment behaviour)
WRK00472,Bridge at District_5 Sector 24,Bridge,District_5,963940.46,805697.19,67.3,79.9,83.58370910170116,-16.416290898298847,12.600000000000009,963,0.0,11971.726448736998,10.7,0,0.0,100.0,15.12000000000001,8.505000000000006,21.2,Low,Delayed by 963 days beyond planned completion | Anomaly pattern detected by ML model (score 11/100 on cost/progress/payment behaviour) | Utilisation irregularity: 84% of funds used vs 67% physical work done
WRK00360,Water Supply at District_10 Sector 28,Water Supply,District_10,8966926.8,7767236.58,80.1,82.9,86.6209433091391,-13.379056690860915,2.8000000000000114,1025,3.2,96969.24569288391,18.1,0,0.0,100.0,3.3600000000000136,6.444858254032644,21.0,Low,Delayed by 1025 days beyond planned completion | Anomaly pattern detected by ML model (score 18/100 on cost/progress/payment behaviour)
WRK00513,Bridge at District_10 Sector 35,Bridge,District_10,11816935.27,9635765.82,80.7,79.2,81.54200391079912,-18.45799608920088,-1.5,1079,1.3599999999999994,119402.30260223048,21.2,0,0.0,100.0,0.0,4.987748257411944,21.0,Low,Delayed by 1079 days beyond planned completion | Anomaly pattern detected by ML model (score 21/100 on cost/progress/payment behaviour)
WRK00463,Water Supply at District_11 Sector 37,Water Supply,District_11,2932852.27,1081543.9,44.8,36.4,36.87686253627769,-63.123137463722315,-8.399999999999999,1003,8.16,24141.604910714286,22.4,0,0.0,100.0,0.0,2.856,21.0,Low,Delayed by 1003 days beyond planned completion | Anomaly pattern detected by ML model (score 22/100 on cost/progress/payment behaviour)
WRK00218,Community Hall at District_12 Sector 8,Community Hall,District_12,11786747.16,7935661.74,80.8,68.5,67.32698710065483,-32.67301289934517,-12.299999999999997,930,5.440000000000001,98213.63539603961,20.7,0,0.0,100.0,0.0,5.398594688396077,21.0,Low,Delayed by 930 days beyond planned completion | Anomaly pattern detected by ML model (score 21/100 on cost/progress/payment behaviour)
WRK00244,Road Construction at District_5 Sector 7,Road Construction,District_5,9776407.7,4687707.77,58.1,46.6,47.94918454556677,-52.05081545443323,-11.5,654,0.9599999999999995,80683.43838209982,22.3,0,0.0,100.0,0.0,2.9890645305638595,21.0,Low,Delayed by 654 days beyond planned completion | Anomaly pattern detected by ML model (score 22/100 on cost/progress/payment behaviour)
WRK00388,Anganwadi Center at District_3 Sector 23,Anganwadi Center,District_3,1037028.11,776643.87,77.0,78.6,74.89130357324643,-25.108696426753564,1.5999999999999943,1222,0.0,10086.284025974026,21.5,0,0.0,100.0,1.919999999999993,1.079999999999996,20.8,Low,Delayed by 1222 days beyond planned completion | Anomaly pattern detected by ML model (score 22/100 on cost/progress/payment behaviour)
WRK00367,Irrigation Canal at District_3 Sector 38,Irrigation Canal,District_3,2368800.18,1419276.31,48.2,57.6,59.91540873658664,-40.084591263413365,9.399999999999999,629,2.0800000000000014,29445.566597510373,11.7,0,0.0,100.0,11.279999999999998,7.266410808726879,20.7,Low,Delayed by 629 days beyond planned completion | Anomaly pattern detected by ML model (score 12/100 on cost/progress/payment behaviour) | Utilisation irregularity: 60% of funds used vs 48% physical work done
WRK00232,Road Construction at District_5 Sector 29,Road Construction,District_5,1025545.08,739847.35,69.9,71.1,72.14186528007136,-27.858134719928646,1.1999999999999886,1154,8.4,10584.368383404862,19.1,0,0.0,100.0,1.4399999999999864,3.7499999999999925,20.6,Low,Delayed by 1154 days beyond planned completion | Anomaly pattern detected by ML model (score 19/100 on cost/progress/payment behaviour)
WRK00098,Irrigation Canal at District_6 Sector 10,Irrigation Canal,District_6,6151424.8,3497829.05,63.8,55.2,56.86209559125229,-43.137904408747715,-8.599999999999994,678,11.600000000000001,54824.906739811915,19.1,0,0.0,100.0,0.0,5.471735970654345,20.6,Low,Delayed by 678 days beyond planned completion | Anomaly pattern detected by ML model (score 19/100 on cost/progress/payment behaviour)
WRK00201,School Building at District_12 Sector 13,School Building,District_12,9844391.9,5151883.83,68.5,53.6,52.333185049246154,-47.66681495075384,-14.899999999999999,1065,0.08000000000000114,75209.98291970803,21.1,0,0.0,100.0,0.0,2.4183134710354652,20.6,Low,Delayed by 1065 days beyond planned completion | Anomaly pattern detected by ML model (score 21/100 on cost/progress/payment behaviour)
WRK00235,Drainage at District_7 Sector 3,Drainage,District_7,9141681.16,4394266.57,46.2,47.8,48.06847332662825,-51.93152667337175,1.5999999999999943,603,0.0,95113.99502164502,18.1,0,0.0,100.0,1.919999999999993,4.42579768107133,20.5,Low,Delayed by 603 days beyond planned completion | Anomaly pattern detected by ML model (score 18/100 on cost/progress/payment behaviour)
WRK00475,Irrigation Canal at District_12 Sector 15,Irrigation Canal,District_12,846279.47,206893.57,30.2,24.9,24.447428696338342,-75.55257130366165,-5.300000000000001,903,0.0,6850.7804635761595,22.0,0,0.0,100.0,0.0,0.0,20.5,Low,Delayed by 903 days beyond planned completion | Anomaly pattern detected by ML model (score 22/100 on cost/progress/payment behaviour)
WRK00511,Road Construction at District_9 Sector 30,Road Construction,District_9,1227044.37,1008132.17,75.2,85.9,82.1593900471586,-17.840609952841398,10.700000000000003,952,1.6,13406.012898936171,9.4,0,0.0,100.0,12.840000000000003,7.7825000000000015,20.4,Low,Delayed by 952 days beyond planned completion | Anomaly pattern detected by ML model (score 9/100 on cost/progress/payment behaviour) | Utilisation irregularity: 82% of funds used vs 75% physical work done
WRK00164,Road Construction at District_2 Sector 6,Road Construction,District_2,2616883.23,1886028.65,87.2,74.4,72.07156316256419,-27.92843683743581,-12.799999999999997,631,8.16,21628.768922018346,19.9,0,0.0,100.0,0.0,2.856,20.4,Low,Delayed by 631 days beyond planned completion | Anomaly pattern detected by ML model (score 20/100 on cost/progress/payment behaviour)
WRK00188,Road Construction at District_5 Sector 10,Road Construction,District_5,12500456.39,8486182.04,80.3,70.5,67.88697768498034,-32.11302231501966,-9.799999999999997,943,2.9599999999999995,105680.9718555417,18.2,0,0.0,100.0,0.0,4.889061214719434,20.3,Low,Delayed by 943 days beyond planned completion | Anomaly pattern detected by ML model (score 18/100 on cost/progress/payment behaviour)
WRK00542,Drainage at District_1 Sector 34,Drainage,District_1,4240192.83,2518484.04,66.1,59.1,59.39550725573959,-40.604492744260405,-6.999999999999993,1023,12.960000000000003,38101.12012102875,18.0,0,0.0,100.0,0.0,5.144917224141354,20.3,Low,Delayed by 1023 days beyond planned completion | Anomaly pattern detected by ML model (score 18/100 on cost/progress/payment behaviour)
WRK00237,Community Hall at District_9 Sector 3,Community Hall,District_9,945525.18,919553.65,93.2,95.7,97.25321646114173,-2.74678353885827,2.5,576,0.0,9866.455472103004,18.2,0,0.0,100.0,3.0,1.6875,20.3,Low,Delayed by 576 days beyond planned completion | Anomaly pattern detected by ML model (score 18/100 on cost/progress/payment behaviour)
WRK00550,School Building at District_9 Sector 7,School Building,District_9,1278444.3,631645.95,58.7,51.0,49.40738912129375,-50.59261087870625,-7.700000000000003,878,12.880000000000003,10760.578364565587,18.4,0,0.0,100.0,0.0,4.508000000000001,20.3,Low,Delayed by 878 days beyond planned completion | Anomaly pattern detected by ML model (score 18/100 on cost/progress/payment behaviour)
WRK00100,Bridge at District_12 Sector 10,Bridge,District_12,2829316.57,1104915.54,34.1,39.4,39.052382886938666,-60.947617113061334,5.299999999999997,681,0.0,32402.21524926686,15.1,0,0.0,100.0,6.359999999999997,3.9128435550952467,20.3,Low,Delayed by 681 days beyond planned completion | Anomaly pattern detected by ML model (score 15/100 on cost/progress/payment behaviour)
WRK00580,Water Supply at District_6 Sector 10,Water Supply,District_6,1032623.67,789163.12,84.5,73.6,76.42310968912808,-23.57689031087192,-10.900000000000006,499,0.0,9339.208520710059,21.0,0,0.0,100.0,0.0,0.0,20.2,Low,Delayed by 499 days beyond planned completion | Anomaly pattern detected by ML model (score 21/100 on cost/progress/payment behaviour)
WRK00310,Anganwadi Center at District_2 Sector 12,Anganwadi Center,District_2,405110.75,364518.05,100.0,94.6,89.97985118884156,-10.020148811158434,-5.400000000000006,43,0.0,3645.1805,43.1,0,63.8,11.78082191780822,0.0,0.0,20.2,Low,Anomaly pattern detected by ML model (score 43/100 on cost/progress/payment behaviour) | Possible duplicate/overlapping work found (duplicate risk 64/100) | Delayed by 43 days beyond planned completion
WRK00144,Community Hall at District_4 Sector 24,Community Hall,District_4,12822594.43,8366151.82,79.6,66.9,65.24539059292387,-34.754609407076124,-12.699999999999989,951,0.0,105102.40979899498,18.1,0,0.0,100.0,0.0,3.825287572565023,20.1,Low,Delayed by 951 days beyond planned completion | Anomaly pattern detected by ML model (score 18/100 on cost/progress/payment behaviour)
WRK00399,Community Hall at District_11 Sector 9,Community Hall,District_11,5460158.36,3071551.48,50.0,56.7,56.25389004285216,-43.74610995714784,6.700000000000003,1094,0.0,61431.0296,11.9,0,0.0,100.0,8.040000000000003,6.251360279569556,20.1,Low,Delayed by 1094 days beyond planned completion | Anomaly pattern detected by ML model (score 12/100 on cost/progress/payment behaviour)
WRK00455,Irrigation Canal at District_7 Sector 17,Irrigation Canal,District_7,8747558.7,6168263.12,77.2,69.9,70.5141094966302,-29.485890503369806,-7.299999999999997,1103,2.0,79899.78134715026,18.4,0,0.0,100.0,0.0,3.315445385280836,20.1,Low,Delayed by 1103 days beyond planned completion | Anomaly pattern detected by ML model (score 18/100 on cost/progress/payment behaviour)
WRK00482,Road Construction at District_10 Sector 28,Road Construction,District_10,2319534.68,2254382.82,99.2,100.0,97.19116680764608,-2.808833192353922,0.7999999999999972,37,3.919999999999999,22725.63326612903,41.5,0,64.4,10.136986301369863,0.9599999999999965,1.9119999999999977,20.1,Low,Anomaly pattern detected by ML model (score 42/100 on cost/progress/payment behaviour) | Possible duplicate/overlapping work found (duplicate risk 64/100) | Delayed by 37 days beyond planned completion
WRK00025,Water Supply at District_1 Sector 3,Water Supply,District_1,542808.16,229072.61,49.7,40.8,42.20139395104155,-57.79860604895845,-8.900000000000006,660,3.8400000000000007,4609.106841046277,19.4,0,0.0,100.0,0.0,1.344,20.1,Low,Delayed by 660 days beyond planned completion | Anomaly pattern detected by ML model (score 19/100 on cost/progress/payment behaviour)
WRK00040,Bridge at District_1 Sector 25,Bridge,District_1,8458605.03,3337826.75,43.6,38.4,39.46072358458378,-60.53927641541622,-5.200000000000003,822,2.6400000000000006,76555.65940366972,17.8,0,0.0,100.0,0.0,3.3789121371564956,20.0,Low,Delayed by 822 days beyond planned completion | Anomaly pattern detected by ML model (score 18/100 on cost/progress/payment behaviour)
WRK00583,Road Construction at District_10 Sector 10,Road Construction,District_10,437376.19,405024.67,100.0,95.4,92.60327362584597,-7.396726374154025,-4.599999999999994,7,6.480000000000001,4050.2466999999997,48.3,1,60.7,1.9178082191780823,0.0,2.2680000000000002,20.0,Low,Anomaly pattern detected by ML model (score 48/100 on cost/progress/payment behaviour) | Possible duplicate/overlapping work found (duplicate risk 61/100)
WRK00485,Irrigation Canal at District_9 Sector 29,Irrigation Canal,District_9,1209056.46,761749.91,72.6,65.0,63.0036673390753,-36.99633266092469,-7.599999999999994,733,14.160000000000004,10492.423002754822,17.0,0,0.0,100.0,0.0,4.956000000000001,20.0,Low,Delayed by 733 days beyond planned completion | Anomaly pattern detected by ML model (score 17/100 on cost/progress/payment behaviour)
WRK00493,Water Supply at District_4 Sector 5,Water Supply,District_4,9531297.8,5598219.75,63.7,58.7,58.735125766398774,-41.264874233601226,-5.0,1143,0.0,87884.14050235478,17.7,0,0.0,100.0,0.0,2.9987313811384664,19.9,Low,Delayed by 1143 days beyond planned completion | Anomaly pattern detected by ML model (score 18/100 on cost/progress/payment behaviour)
WRK00129,Bridge at District_10 Sector 15,Bridge,District_10,9181802.18,5072763.82,60.9,57.0,55.24801907679523,-44.75198092320477,-3.8999999999999986,601,5.52,83296.6144499179,16.7,0,0.0,100.0,0.0,4.710509011709488,19.9,Low,Delayed by 601 days beyond planned completion | Anomaly pattern detected by ML model (score 17/100 on cost/progress/payment behaviour)
WRK00168,Drainage at District_9 Sector 4,Drainage,District_9,1292523.35,1020631.65,79.9,80.4,78.96427170928865,-21.035728290711347,0.5,487,3.280000000000001,12773.862953692114,17.8,0,0.0,100.0,0.6,1.4855000000000005,19.8,Low,Delayed by 487 days beyond planned completion | Anomaly pattern detected by ML model (score 18/100 on cost/progress/payment behaviour)
WRK00584,Road Construction at District_5 Sector 12,Road Construction,District_5,475672.89,285959.87,65.7,61.5,60.11691563923266,-39.883084360767334,-4.200000000000003,680,13.680000000000001,4352.509436834094,16.4,0,0.0,100.0,0.0,4.788,19.8,Low,Delayed by 680 days beyond planned completion | Anomaly pattern detected by ML model (score 16/100 on cost/progress/payment behaviour)
WRK00177,Water Supply at District_7 Sector 21,Water Supply,District_7,11665622.37,7659359.75,79.6,65.9,65.65753208073373,-34.34246791926627,-13.699999999999989,772,0.0,96223.11243718593,16.8,0,0.0,100.0,0.0,3.399040422896336,19.7,Low,Delayed by 772 days beyond planned completion | Anomaly pattern detected by ML model (score 17/100 on cost/progress/payment behaviour)
WRK00156,Community Hall at District_3 Sector 5,Community Hall,District_3,2974087.43,991450.13,30.2,31.9,33.33628056791861,-66.6637194320814,1.6999999999999993,751,0.0,32829.474503311256,16.8,0,0.0,100.0,2.039999999999999,1.5033539661993185,19.7,Low,Delayed by 751 days beyond planned completion | Anomaly pattern detected by ML model (score 17/100 on cost/progress/payment behaviour)
WRK00595,Road Construction at District_2 Sector 6,Road Construction,District_2,477845.69,479044.83,99.5,100.0,100.25094712060707,0.2509471206070759,0.5,3,0.0,4814.520904522613,39.0,0,79.2,0.821917808219178,1.1018942412141315,0.3375,19.7,Low,Anomaly pattern detected by ML model (score 39/100 on cost/progress/payment behaviour) | Possible duplicate/overlapping work found (duplicate risk 79/100)
WRK00109,Irrigation Canal at District_2 Sector 33,Irrigation Canal,District_2,4165198.03,1476722.95,37.5,34.9,35.45384731683453,-64.54615268316547,-2.6000000000000014,813,4.880000000000002,39379.278666666665,17.4,0,0.0,100.0,0.0,2.3782747184005433,19.7,Low,Delayed by 813 days beyond planned completion | Anomaly pattern detected by ML model (score 17/100 on cost/progress/payment behaviour)
WRK00170,Drainage at District_2 Sector 32,Drainage,District_2,8885007.06,5466445.13,59.0,64.4,61.52437576116006,-38.47562423883994,5.400000000000006,1026,0.0,92651.61237288135,10.5,0,0.0,100.0,6.480000000000007,6.872591978225578,19.6,Low,Delayed by 1026 days beyond planned completion | Anomaly pattern detected by ML model (score 10/100 on cost/progress/payment behaviour)
WRK00162,Irrigation Canal at District_2 Sector 13,Irrigation Canal,District_2,5706470.31,2341865.5,44.0,42.8,41.03877480788996,-58.961225192110035,-1.2000000000000028,738,6.719999999999999,53224.21590909091,16.0,0,0.0,100.0,0.0,3.686895441917212,19.6,Low,Delayed by 738 days beyond planned completion | Anomaly pattern detected by ML model (score 16/100 on cost/progress/payment behaviour)
WRK00486,Bridge at District_1 Sector 26,Bridge,District_1,9923973.17,5161745.08,50.2,49.9,52.01288830167202,-47.98711169832798,-0.30000000000000426,613,0.0,102823.60717131474,16.2,0,0.0,100.0,0.0,3.7158945558513303,19.6,Low,Delayed by 613 days beyond planned completion | Anomaly pattern detected by ML model (score 16/100 on cost/progress/payment behaviour)
WRK00519,Drainage at District_9 Sector 31,Drainage,District_9,10315133.16,5222043.0,54.0,52.7,50.62506628852865,-49.37493371147135,-1.2999999999999972,630,0.08000000000000114,96704.5,16.1,0,0.0,100.0,0.0,3.4501492420038025,19.5,Low,Delayed by 630 days beyond planned completion | Anomaly pattern detected by ML model (score 16/100 on cost/progress/payment behaviour)
WRK00138,Drainage at District_3 Sector 29,Drainage,District_3,1210278.54,1135714.93,91.5,94.1,93.83913640243509,-6.160863597564912,2.5999999999999943,954,4.0,12412.185027322404,14.4,0,0.0,100.0,3.119999999999993,3.1549999999999963,19.5,Low,Delayed by 954 days beyond planned completion | Anomaly pattern detected by ML model (score 14/100 on cost/progress/payment behaviour)
WRK00568,Anganwadi Center at District_11 Sector 27,Anganwadi Center,District_11,9420330.96,6730975.21,82.1,71.5,71.45157891565202,-28.54842108434798,-10.599999999999994,628,0.0,81985.08172959805,16.2,0,0.0,100.0,0.0,2.715549403425837,19.5,Low,Delayed by 628 days beyond planned completion | Anomaly pattern detected by ML model (score 16/100 on cost/progress/payment behaviour)
WRK00071,Community Hall at District_1 Sector 6,Community Hall,District_1,584645.1,455341.92,70.1,80.9,77.88347494916147,-22.116525050838533,10.800000000000011,753,0.0,6495.605135520685,5.8,0,0.0,100.0,12.960000000000013,7.290000000000008,19.5,Low,Delayed by 753 days beyond planned completion | Utilisation irregularity: 78% of funds used vs 70% physical work done | Anomaly pattern detected by ML model (score 6/100 on cost/progress/payment behaviour)
WRK00392,Bridge at District_3 Sector 20,Bridge,District_3,4065523.39,2017528.16,57.4,49.8,49.6252995361564,-50.3747004638436,-7.600000000000001,518,0.0,35148.574216027875,17.4,0,0.0,100.0,0.0,0.4671814285044594,19.4,Low,Delayed by 518 days beyond planned completion | Anomaly pattern detected by ML model (score 17/100 on cost/progress/payment behaviour)
WRK00268,Community Hall at District_2 Sector 33,Community Hall,District_2,4151767.96,2533702.0,69.5,59.3,61.027061830305186,-38.97293816969482,-10.200000000000003,612,7.2,36456.14388489209,15.7,0,0.0,100.0,0.0,3.049950792074129,19.4,Low,Delayed by 612 days beyond planned completion | Anomaly pattern detected by ML model (score 16/100 on cost/progress/payment behaviour)
WRK00065,Road Construction at District_4 Sector 17,Road Construction,District_4,415132.11,210530.99,46.8,51.3,50.714214807426,-49.285785192574,4.5,599,0.0,4498.525427350427,12.4,0,0.0,100.0,5.3999999999999995,3.0374999999999996,19.4,Low,Delayed by 599 days beyond planned completion | Anomaly pattern detected by ML model (score 12/100 on cost/progress/payment behaviour)
WRK00076,Anganwadi Center at District_3 Sector 29,Anganwadi Center,District_3,10349004.44,6824296.59,65.6,65.8,65.94157563237069,-34.058424367629314,0.20000000000000284,597,0.0,104028.91143292683,14.7,0,0.0,100.0,0.2400000000000034,3.9087547090888415,19.3,Low,Delayed by 597 days beyond planned completion | Anomaly pattern detected by ML model (score 15/100 on cost/progress/payment behaviour)
WRK00256,School Building at District_5 Sector 18,School Building,District_5,2947545.26,1917375.5,54.7,63.5,65.04990868231826,-34.950091317681746,8.799999999999997,836,4.480000000000001,35052.568555758684,6.1,0,0.0,100.0,10.559999999999997,7.970572714844544,19.3,Low,Delayed by 836 days beyond planned completion | Utilisation irregularity: 65% of funds used vs 55% physical work done | Anomaly pattern detected by ML model (score 6/100 on cost/progress/payment behaviour)
WRK00018,Drainage at District_12 Sector 37,Drainage,District_12,2017420.36,1396898.05,66.8,72.0,69.24179401064437,-30.758205989355638,5.200000000000003,1138,0.0,20911.64745508982,11.4,0,0.0,100.0,6.240000000000003,3.5100000000000016,19.3,Low,Delayed by 1138 days beyond planned completion | Anomaly pattern detected by ML model (score 11/100 on cost/progress/payment behaviour)
WRK00512,Drainage at District_5 Sector 5,Drainage,District_5,11080436.21,7822604.72,73.1,69.3,70.59834623604587,-29.401653763954126,-3.799999999999997,753,3.119999999999999,107012.37647058823,14.3,0,0.0,100.0,0.0,5.008974765431255,19.3,Low,Delayed by 753 days beyond planned completion | Anomaly pattern detected by ML model (score 14/100 on cost/progress/payment behaviour)
WRK00467,Anganwadi Center at District_5 Sector 24,Anganwadi Center,District_5,9225501.41,6877394.0,71.1,74.9,74.54764455995027,-25.452355440049736,3.8000000000000114,995,0.0,96728.46694796062,10.8,0,0.0,100.0,4.560000000000014,5.988299765838997,19.3,Low,Delayed by 995 days beyond planned completion | Anomaly pattern detected by ML model (score 11/100 on cost/progress/payment behaviour)
WRK00565,Road Construction at District_11 Sector 1,Road Construction,District_11,577355.2,291021.25,44.3,52.2,50.405928620717376,-49.59407137928263,7.900000000000006,824,0.0,6569.3284424379235,8.4,0,0.0,100.0,9.480000000000006,5.332500000000004,19.3,Low,Delayed by 824 days beyond planned completion | Anomaly pattern detected by ML model (score 8/100 on cost/progress/payment behaviour)
WRK00494,Irrigation Canal at District_11 Sector 13,Irrigation Canal,District_11,1192983.41,550687.06,51.7,46.3,46.16049606255632,-53.83950393744368,-5.400000000000006,1001,9.200000000000001,10651.587234042554,14.8,0,0.0,100.0,0.0,3.22,19.2,Low,Delayed by 1001 days beyond planned completion | Anomaly pattern detected by ML model (score 15/100 on cost/progress/payment behaviour)
WRK00468,School Building at District_5 Sector 14,School Building,District_5,849382.43,818603.76,97.1,100.0,96.3763472244181,-3.6236527755819057,2.9000000000000057,849,0.3199999999999989,8430.522760041194,13.3,0,0.0,100.0,3.4800000000000066,2.0695000000000037,19.2,Low,Delayed by 849 days beyond planned completion | Anomaly pattern detected by ML model (score 13/100 on cost/progress/payment behaviour)
WRK00453,Water Supply at District_6 Sector 7,Water Supply,District_6,2343356.92,1271126.34,70.1,56.8,54.24382129547727,-45.75617870452274,-13.299999999999997,1065,2.9599999999999995,18133.043366619117,16.1,0,0.0,100.0,0.0,1.0359999999999998,19.2,Low,Delayed by 1065 days beyond planned completion | Anomaly pattern detected by ML model (score 16/100 on cost/progress/payment behaviour)
WRK00395,Anganwadi Center at District_5 Sector 27,Anganwadi Center,District_5,5856223.23,3683113.89,65.8,66.1,62.892306958729094,-37.107693041270906,0.29999999999999716,1167,0.0,55974.37522796353,15.7,0,0.0,100.0,0.3599999999999966,1.6694157497228952,19.2,Low,Delayed by 1167 days beyond planned completion | Anomaly pattern detected by ML model (score 16/100 on cost/progress/payment behaviour)
WRK00552,Bridge at District_6 Sector 23,Bridge,District_6,400986.49,211592.1,45.4,53.6,52.767887516609356,-47.23211248339065,8.200000000000003,824,0.0,4660.6189427312775,7.2,0,0.0,100.0,9.840000000000003,5.535000000000002,19.1,Low,Delayed by 824 days beyond planned completion | Anomaly pattern detected by ML model (score 7/100 on cost/progress/payment behaviour)
WRK00255,Bridge at District_1 Sector 30,Bridge,District_1,4613390.66,3686491.98,75.0,83.5,79.90851526976473,-20.09148473023527,8.5,820,0.08000000000000114,49153.2264,6.0,0,0.0,100.0,10.2,6.904969204471373,19.1,Low,Delayed by 820 days beyond planned completion | Utilisation irregularity: 80% of funds used vs 75% physical work done | Anomaly pattern detected by ML model (score 6/100 on cost/progress/payment behaviour)
WRK00397,Anganwadi Center at District_10 Sector 11,Anganwadi Center,District_10,5418401.4,4782531.74,85.4,90.0,88.26462616815358,-11.735373831846422,4.599999999999994,727,1.2000000000000002,56001.542622950816,10.2,0,0.0,100.0,5.519999999999993,4.993219909748783,19.1,Low,Delayed by 727 days beyond planned completion | Anomaly pattern detected by ML model (score 10/100 on cost/progress/payment behaviour)
WRK00192,Drainage at District_1 Sector 37,Drainage,District_1,2542936.56,2324831.67,80.7,87.7,91.42310927331981,-8.576890726680187,7.0,779,0.0,28808.323048327136,8.0,0,0.0,100.0,8.4,4.8878201847826475,19.0,Low,Delayed by 779 days beyond planned completion | Anomaly pattern detected by ML model (score 8/100 on cost/progress/payment behaviour)
WRK00290,Road Construction at District_3 Sector 37,Road Construction,District_3,2165682.89,1733816.41,76.1,81.5,80.05864653619717,-19.941353463802827,5.400000000000006,1042,2.719999999999999,22783.395663600528,9.3,0,0.0,100.0,6.480000000000007,4.597000000000003,19.0,Low,Delayed by 1042 days beyond planned completion | Anomaly pattern detected by ML model (score 9/100 on cost/progress/payment behaviour)
WRK00257,Bridge at District_7 Sector 25,Bridge,District_7,861928.44,316596.93,45.4,38.5,36.731231423341825,-63.268768576658175,-6.899999999999999,715,0.0,6973.500660792952,16.2,0,0.0,100.0,0.0,0.0,19.0,Low,Delayed by 715 days beyond planned completion | Anomaly pattern detected by ML model (score 16/100 on cost/progress/payment behaviour)
WRK00286,Community Hall at District_12 Sector 11,Community Hall,District_12,2243786.83,877257.35,48.5,38.5,39.09717885277007,-60.90282114722992,-10.0,931,1.519999999999999,18087.780412371132,15.6,0,0.0,100.0,0.0,0.5319999999999996,19.0,Low,Delayed by 931 days beyond planned completion | Anomaly pattern detected by ML model (score 16/100 on cost/progress/payment behaviour)
WRK00313,Drainage at District_9 Sector 16,Drainage,District_9,1105012.25,555351.84,57.8,49.0,50.257527914283294,-49.7424720857167,-8.799999999999997,1039,7.52,9608.163321799308,14.1,0,0.0,100.0,0.0,2.6319999999999997,18.9,Low,Delayed by 1039 days beyond planned completion | Anomaly pattern detected by ML model (score 14/100 on cost/progress/payment behaviour)
WRK00149,Drainage at District_5 Sector 3,Drainage,District_5,559812.59,521802.5,88.5,90.0,93.21021165315344,-6.789788346846571,1.5,1049,0.0,5896.073446327684,13.8,0,0.0,100.0,1.7999999999999998,1.0125000000000002,18.9,Low,Delayed by 1049 days beyond planned completion | Anomaly pattern detected by ML model (score 14/100 on cost/progress/payment behaviour)
WRK00577,Community Hall at District_11 Sector 12,Community Hall,District_11,8765615.56,7375949.17,89.7,82.0,84.14639131173578,-15.853608688264224,-7.700000000000003,926,0.0,82229.08773690078,13.7,0,0.0,100.0,0.0,2.7272628150705653,18.8,Low,Delayed by 926 days beyond planned completion | Anomaly pattern detected by ML model (score 14/100 on cost/progress/payment behaviour)
WRK00578,Water Supply at District_6 Sector 29,Water Supply,District_6,1036019.47,756460.89,67.2,75.1,73.01608820150842,-26.983911798491583,7.8999999999999915,990,0.0,11256.858482142858,6.5,0,0.0,100.0,9.47999999999999,5.332499999999994,18.8,Low,Delayed by 990 days beyond planned completion | Anomaly pattern detected by ML model (score 6/100 on cost/progress/payment behaviour)
WRK00525,Road Construction at District_11 Sector 24,Road Construction,District_11,605194.84,439261.47,68.0,74.4,72.58182670559451,-27.418173294405484,6.400000000000006,663,1.2000000000000002,6459.7275,7.7,0,0.0,100.0,7.680000000000007,4.740000000000004,18.8,Low,Delayed by 663 days beyond planned completion | Anomaly pattern detected by ML model (score 8/100 on cost/progress/payment behaviour)
WRK00017,Community Hall at District_9 Sector 11,Community Hall,District_9,8613789.66,5075585.74,61.4,58.3,58.92395728641463,-41.07604271358537,-3.1000000000000014,1123,0.0,82664.26286644951,13.7,0,0.0,100.0,0.0,2.7481532246399842,18.8,Low,Delayed by 1123 days beyond planned completion | Anomaly pattern detected by ML model (score 14/100 on cost/progress/payment behaviour)
WRK00193,Drainage at District_6 Sector 39,Drainage,District_6,592546.74,481360.38,93.0,84.6,81.23584985042699,-18.76415014957301,-8.400000000000006,1017,1.6800000000000013,5175.918064516129,14.4,0,0.0,100.0,0.0,0.5880000000000004,18.7,Low,Delayed by 1017 days beyond planned completion | Anomaly pattern detected by ML model (score 14/100 on cost/progress/payment behaviour)
WRK00140,Community Hall at District_8 Sector 23,Community Hall,District_8,3112224.33,1942443.18,56.5,65.1,62.41334087893337,-37.58665912106664,8.599999999999994,699,0.0,34379.52530973451,4.9,0,0.0,100.0,10.319999999999993,6.2352635406462005,18.7,Low,Delayed by 699 days beyond planned completion | Utilisation irregularity: 62% of funds used vs 56% physical work done | Anomaly pattern detected by ML model (score 5/100 on cost/progress/payment behaviour)
WRK00285,Road Construction at District_5 Sector 39,Road Construction,District_5,5268085.44,2919523.7,67.6,57.3,55.41906510916421,-44.58093489083579,-10.299999999999997,1068,1.919999999999999,43188.22041420119,13.7,0,0.0,100.0,0.0,1.5251214569413363,18.7,Low,Delayed by 1068 days beyond planned completion | Anomaly pattern detected by ML model (score 14/100 on cost/progress/payment behaviour)
WRK00044,School Building at District_10 Sector 20,School Building,District_10,2450821.67,2410899.79,93.7,94.4,98.37108180947331,-1.6289181905266852,0.7000000000000028,625,0.0,25729.987086446105,14.1,0,0.0,100.0,0.8400000000000034,0.48754588733451487,18.7,Low,Delayed by 625 days beyond planned completion | Anomaly pattern detected by ML model (score 14/100 on cost/progress/payment behaviour)
WRK00061,Water Supply at District_5 Sector 36,Water Supply,District_5,2676070.8,1307383.1,63.4,49.7,48.85457813746931,-51.14542186253068,-13.699999999999996,685,0.0,20621.184542586754,14.3,0,0.0,100.0,0.0,0.0,18.6,Low,Delayed by 685 days beyond planned completion | Anomaly pattern detected by ML model (score 14/100 on cost/progress/payment behaviour)
WRK00459,Anganwadi Center at District_10 Sector 18,Anganwadi Center,District_10,476708.46,247879.13,51.1,54.5,51.998055583070624,-48.001944416929376,3.3999999999999986,1077,0.0,4850.863600782779,10.5,0,0.0,100.0,4.079999999999998,2.294999999999999,18.6,Low,Delayed by 1077 days beyond planned completion | Anomaly pattern detected by ML model (score 10/100 on cost/progress/payment behaviour)
WRK00326,Road Construction at District_4 Sector 27,Road Construction,District_4,1067189.22,803871.29,73.2,77.8,75.32603168536505,-24.673968314634955,4.599999999999994,661,5.76,10981.848224043715,8.0,0,0.0,100.0,5.519999999999993,5.120999999999997,18.6,Low,Delayed by 661 days beyond planned completion | Anomaly pattern detected by ML model (score 8/100 on cost/progress/payment behaviour)
WRK00566,Irrigation Canal at District_1 Sector 8,Irrigation Canal,District_1,4577252.55,4621915.21,100.0,100.0,100.97575258328276,0.9757525832827413,0.0,10,0.0,46219.1521,39.0,0,65.1,2.73972602739726,1.9515051665655108,0.9986201309095025,18.6,Low,Anomaly pattern detected by ML model (score 39/100 on cost/progress/payment behaviour) | Possible duplicate/overlapping work found (duplicate risk 65/100)
WRK00331,Road Construction at District_9 Sector 17,Road Construction,District_9,5879876.27,2523259.54,49.7,45.1,42.91348021852168,-57.086519781478316,-4.600000000000001,685,0.0,50769.809657947684,13.2,0,0.0,100.0,0.0,1.2170726428769898,18.5,Low,Delayed by 685 days beyond planned completion | Anomaly pattern detected by ML model (score 13/100 on cost/progress/payment behaviour)
WRK00322,School Building at District_5 Sector 11,School Building,District_5,843400.22,749084.9,86.5,89.4,88.81725214631791,-11.182747853682082,2.9000000000000057,780,3.6,8659.941040462429,9.4,0,0.0,100.0,3.4800000000000066,3.217500000000004,18.4,Low,Delayed by 780 days beyond planned completion | Anomaly pattern detected by ML model (score 9/100 on cost/progress/payment behaviour)
WRK00355,Community Hall at District_2 Sector 39,Community Hall,District_2,1048983.78,494484.78,42.5,45.1,47.13941144066117,-52.86058855933883,2.6000000000000014,1013,2.4000000000000004,11634.936000000002,10.2,0,0.0,100.0,3.1200000000000014,2.5950000000000006,18.4,Low,Delayed by 1013 days beyond planned completion | Anomaly pattern detected by ML model (score 10/100 on cost/progress/payment behaviour)
WRK00229,Bridge at District_7 Sector 2,Bridge,District_7,2356526.36,1832662.69,76.1,78.1,77.76966645091974,-22.230333549080264,2.0,775,9.760000000000003,24082.295532194483,9.2,0,0.0,100.0,2.4,4.766000000000001,18.4,Low,Delayed by 775 days beyond planned completion | Anomaly pattern detected by ML model (score 9/100 on cost/progress/payment behaviour)
WRK00036,Community Hall at District_11 Sector 2,Community Hall,District_11,1299552.37,997768.0,67.8,73.8,76.77782158174972,-23.222178418250284,6.0,1046,0.0,14716.342182890856,6.8,0,0.0,100.0,7.199999999999999,4.050000000000001,18.4,Low,Delayed by 1046 days beyond planned completion | Anomaly pattern detected by ML model (score 7/100 on cost/progress/payment behaviour)
WRK00570,Water Supply at District_7 Sector 28,Water Supply,District_7,508144.61,253157.62,52.6,47.6,49.819995138785394,-50.1800048612146,-5.0,1083,1.6800000000000013,4812.882509505704,13.2,0,0.0,100.0,0.0,0.5880000000000004,18.4,Low,Delayed by 1083 days beyond planned completion | Anomaly pattern detected by ML model (score 13/100 on cost/progress/payment behaviour)
WRK00462,Water Supply at District_12 Sector 20,Water Supply,District_12,962376.06,737968.35,79.3,73.1,76.68191060363658,-23.31808939636342,-6.200000000000003,1099,0.0,9306.032156368223,13.7,0,0.0,100.0,0.0,0.0,18.4,Low,Delayed by 1099 days beyond planned completion | Anomaly pattern detected by ML model (score 14/100 on cost/progress/payment behaviour)
WRK00404,Drainage at District_5 Sector 25,Drainage,District_5,6193567.7,5688753.23,93.6,92.5,91.84937511864123,-8.150624881358764,-1.0999999999999943,704,0.0,60777.278098290604,12.2,0,0.0,100.0,0.0,1.6974771979088574,18.3,Low,Delayed by 704 days beyond planned completion | Anomaly pattern detected by ML model (score 12/100 on cost/progress/payment behaviour)
WRK00264,Community Hall at District_3 Sector 32,Community Hall,District_3,603718.99,447049.73,72.9,75.4,74.04930727787774,-25.95069272212226,2.5,716,9.12,6132.369410150891,8.5,0,0.0,100.0,3.0,4.8795,18.3,Low,Delayed by 716 days beyond planned completion | Anomaly pattern detected by ML model (score 8/100 on cost/progress/payment behaviour)
WRK00579,Road Construction at District_4 Sector 5,Road Construction,District_4,3082802.4,2443391.33,90.3,78.7,79.25877214835437,-20.741227851645625,-11.599999999999994,740,0.6400000000000006,27058.59723145072,13.0,0,0.0,100.0,0.0,0.30282529061983554,18.3,Low,Delayed by 740 days beyond planned completion | Anomaly pattern detected by ML model (score 13/100 on cost/progress/payment behaviour)
WRK00037,Drainage at District_2 Sector 32,Drainage,District_2,5640672.6,3949554.67,62.6,69.3,70.01921490710168,-29.980785092898316,6.699999999999996,798,0.0,63091.92763578275,4.6,0,0.0,100.0,8.039999999999994,6.33109103131661,18.3,Low,Delayed by 798 days beyond planned completion | Anomaly pattern detected by ML model (score 5/100 on cost/progress/payment behaviour)
WRK00499,School Building at District_12 Sector 35,School Building,District_12,1266373.04,501266.94,46.2,40.8,39.58288151807148,-60.417118481928526,-5.400000000000006,810,2.5599999999999996,10849.933766233766,12.8,0,0.0,100.0,0.0,0.8959999999999998,18.3,Low,Delayed by 810 days beyond planned completion | Anomaly pattern detected by ML model (score 13/100 on cost/progress/payment behaviour)
WRK00364,Irrigation Canal at District_6 Sector 39,Irrigation Canal,District_6,5738037.06,4275062.15,70.9,73.4,74.50391319013197,-25.49608680986803,2.5,870,5.919999999999999,60297.06840620592,8.1,0,0.0,100.0,3.0,5.4339249220187895,18.3,Low,Delayed by 870 days beyond planned completion | Anomaly pattern detected by ML model (score 8/100 on cost/progress/payment behaviour)
WRK00209,Bridge at District_4 Sector 9,Bridge,District_4,2725547.87,2416877.44,87.1,89.3,88.67492171399653,-11.325078286003473,2.200000000000003,967,2.8800000000000012,27748.30585533869,9.9,0,0.0,100.0,2.6400000000000032,2.6049344796755656,18.3,Low,Delayed by 967 days beyond planned completion | Anomaly pattern detected by ML model (score 10/100 on cost/progress/payment behaviour)
WRK00594,Water Supply at District_10 Sector 14,Water Supply,District_10,1196941.34,699903.01,68.3,60.2,58.47429498925987,-41.525705010740126,-8.099999999999994,1117,0.0,10247.481844802343,12.9,0,0.0,100.0,0.0,0.0,18.2,Low,Delayed by 1117 days beyond planned completion | Anomaly pattern detected by ML model (score 13/100 on cost/progress/payment behaviour)
WRK00478,Water Supply at District_10 Sector 11,Water Supply,District_10,923378.07,388979.17,38.3,41.3,42.125666900449566,-57.874333099550434,3.0,754,0.0,10156.114099216711,9.4,0,0.0,100.0,3.5999999999999996,2.0250000000000004,18.2,Low,Delayed by 754 days beyond planned completion | Anomaly pattern detected by ML model (score 9/100 on cost/progress/payment behaviour)
WRK00527,Road Construction at District_2 Sector 31,Road Construction,District_2,444100.57,353661.35,76.7,81.9,79.63541906735225,-20.364580932647762,5.200000000000003,1033,0.0,4610.969361147327,7.0,0,0.0,100.0,6.240000000000003,3.5100000000000016,18.2,Low,Delayed by 1033 days beyond planned completion | Anomaly pattern detected by ML model (score 7/100 on cost/progress/payment behaviour)
WRK00506,Water Supply at District_9 Sector 17,Water Supply,District_9,599242.85,303832.59,65.2,52.9,50.702747642295606,-49.29725235770439,-12.300000000000004,705,0.0,4660.009049079755,12.6,0,0.0,100.0,0.0,0.0,18.2,Low,Delayed by 705 days beyond planned completion | Anomaly pattern detected by ML model (score 13/100 on cost/progress/payment behaviour)
WRK00575,Road Construction at District_9 Sector 19,Road Construction,District_9,1191428.86,670278.66,66.0,56.9,56.25838709329233,-43.741612906707665,-9.100000000000001,1110,0.0,10155.737272727274,12.7,0,0.0,100.0,0.0,0.0,18.2,Low,Delayed by 1110 days beyond planned completion | Anomaly pattern detected by ML model (score 13/100 on cost/progress/payment behaviour)
WRK00410,Bridge at District_11 Sector 22,Bridge,District_11,8376653.31,5796497.82,70.2,66.0,69.19825383103984,-30.801746168960157,-4.200000000000003,809,3.119999999999999,82571.19401709402,10.1,0,0.0,100.0,0.0,3.835685491423688,18.1,Low,Delayed by 809 days beyond planned completion | Anomaly pattern detected by ML model (score 10/100 on cost/progress/payment behaviour)
WRK00228,School Building at District_7 Sector 13,School Building,District_7,2312282.61,1598705.01,65.0,71.5,69.13968920088017,-30.860310799119834,6.5,1032,0.0,24595.461692307694,4.9,0,0.0,100.0,7.8,4.3875,18.1,Low,Delayed by 1032 days beyond planned completion | Anomaly pattern detected by ML model (score 5/100 on cost/progress/payment behaviour)
WRK00432,School Building at District_7 Sector 31,School Building,District_7,5760080.68,2945168.81,58.0,51.6,51.13068676669994,-48.869313233300055,-6.399999999999999,646,0.0,50778.7725862069,11.1,0,0.0,100.0,0.0,1.217502904694733,18.0,Low,Delayed by 646 days beyond planned completion | Anomaly pattern detected by ML model (score 11/100 on cost/progress/payment behaviour)
WRK00342,Community Hall at District_1 Sector 22,Community Hall,District_1,2349782.4,2308446.33,100.0,97.0,98.2408554085689,-1.7591445914310975,-3.0,0,0.0,23084.4633,38.4,0,69.5,0.0,0.0,0.0,17.9,Low,Anomaly pattern detected by ML model (score 38/100 on cost/progress/payment behaviour) | Possible duplicate/overlapping work found (duplicate risk 70/100)
WRK00549,Irrigation Canal at District_1 Sector 12,Irrigation Canal,District_1,833156.41,532835.82,60.9,66.5,63.953876319573645,-36.04612368042635,5.600000000000001,1042,0.0,8749.356650246305,5.4,0,0.0,100.0,6.7200000000000015,3.780000000000001,17.9,Low,Delayed by 1042 days beyond planned completion | Anomaly pattern detected by ML model (score 5/100 on cost/progress/payment behaviour)
WRK00015,Drainage at District_4 Sector 12,Drainage,District_4,945458.92,538622.56,64.2,58.9,56.969430252982335,-43.030569747017665,-5.300000000000004,595,0.0,8389.759501557633,11.1,0,0.0,100.0,0.0,0.0,17.8,Low,Delayed by 595 days beyond planned completion | Anomaly pattern detected by ML model (score 11/100 on cost/progress/payment behaviour)
WRK00263,Water Supply at District_8 Sector 13,Water Supply,District_8,903818.59,638726.96,66.3,70.9,70.66981881839806,-29.330181181601944,4.6000000000000085,633,0.0,9633.890799396682,6.2,0,0.0,100.0,5.52000000000001,3.1050000000000058,17.8,Low,Delayed by 633 days beyond planned completion | Anomaly pattern detected by ML model (score 6/100 on cost/progress/payment behaviour)
WRK00454,Water Supply at District_4 Sector 14,Water Supply,District_4,555893.79,391397.42,72.1,71.9,70.40866925316794,-29.59133074683206,-0.19999999999998863,1133,0.0,5428.535644937587,11.3,0,0.0,100.0,0.0,0.0,17.8,Low,Delayed by 1133 days beyond planned completion | Anomaly pattern detected by ML model (score 11/100 on cost/progress/payment behaviour)
WRK00043,Anganwadi Center at District_4 Sector 26,Anganwadi Center,District_4,456398.22,318173.06,72.0,68.7,69.71391343287885,-30.28608656712114,-3.299999999999997,1039,4.96,4419.070277777778,9.8,0,0.0,100.0,0.0,1.736,17.7,Low,Delayed by 1039 days beyond planned completion | Anomaly pattern detected by ML model (score 10/100 on cost/progress/payment behaviour)
WRK00197,Community Hall at District_5 Sector 11,Community Hall,District_5,416881.83,279012.57,63.7,69.6,66.92845548101725,-33.071544518982755,5.8999999999999915,699,0.0,4380.103139717426,4.3,0,0.0,100.0,7.079999999999989,3.9824999999999946,17.7,Low,Delayed by 699 days beyond planned completion | Anomaly pattern detected by ML model (score 4/100 on cost/progress/payment behaviour)
WRK00234,Bridge at District_10 Sector 15,Bridge,District_10,1209629.69,843116.91,72.8,69.7,69.70041467814832,-30.299585321851673,-3.0999999999999943,657,6.719999999999999,11581.276236263737,9.0,0,0.0,100.0,0.0,2.3519999999999994,17.6,Low,Delayed by 657 days beyond planned completion | Anomaly pattern detected by ML model (score 9/100 on cost/progress/payment behaviour)
WRK00538,Road Construction at District_7 Sector 20,Road Construction,District_7,1230618.67,566189.0,44.3,48.1,46.00848449666378,-53.99151550333622,3.8000000000000043,832,0.0,12780.79006772009,6.0,0,0.0,100.0,4.560000000000005,2.565000000000003,17.6,Low,Delayed by 832 days beyond planned completion | Anomaly pattern detected by ML model (score 6/100 on cost/progress/payment behaviour)
WRK00123,School Building at District_6 Sector 15,School Building,District_6,602242.4,497403.11,74.4,79.6,82.59184507766307,-17.408154922336923,5.199999999999989,933,0.0,6685.52567204301,4.7,0,0.0,100.0,6.239999999999986,3.5099999999999927,17.6,Low,Delayed by 933 days beyond planned completion | Anomaly pattern detected by ML model (score 5/100 on cost/progress/payment behaviour)
WRK00034,Water Supply at District_8 Sector 23,Water Supply,District_8,637798.67,603612.51,100.0,98.4,94.63997627966204,-5.36002372033796,-1.5999999999999943,0,0.0,6036.1251,39.8,0,63.9,0.0,0.0,0.0,17.6,Low,Anomaly pattern detected by ML model (score 40/100 on cost/progress/payment behaviour) | Possible duplicate/overlapping work found (duplicate risk 64/100)
WRK00233,Road Construction at District_6 Sector 19,Road Construction,District_6,2514003.97,1926224.73,80.7,80.4,76.61979666643087,-23.380203333569128,-0.29999999999999716,529,0.0,23868.955762081783,10.6,0,0.0,100.0,0.0,0.0,17.6,Low,Delayed by 529 days beyond planned completion | Anomaly pattern detected by ML model (score 11/100 on cost/progress/payment behaviour)
WRK00412,Bridge at District_3 Sector 35,Bridge,District_3,3153768.32,2038413.7,69.8,65.8,64.63422462180101,-35.36577537819899,-4.0,753,8.719999999999999,29203.634670487107,8.0,0,0.0,100.0,0.0,3.2337969624836997,17.5,Low,Delayed by 753 days beyond planned completion | Anomaly pattern detected by ML model (score 8/100 on cost/progress/payment behaviour)
WRK00276,Irrigation Canal at District_10 Sector 5,Irrigation Canal,District_10,4843724.27,3957640.7,86.2,84.0,81.70656460591636,-18.29343539408364,-2.200000000000003,1071,0.0,45912.305104408355,9.5,0,0.0,100.0,0.0,0.9838900625351856,17.5,Low,Delayed by 1071 days beyond planned completion | Anomaly pattern detected by ML model (score 10/100 on cost/progress/payment behaviour)
WRK00451,Road Construction at District_1 Sector 35,Road Construction,District_1,531198.79,462000.99,88.9,89.8,86.9732760498193,-13.026723950180694,0.8999999999999915,919,2.2400000000000007,5196.861529808773,8.6,0,0.0,100.0,1.0799999999999896,1.3914999999999944,17.5,Low,Delayed by 919 days beyond planned completion | Anomaly pattern detected by ML model (score 9/100 on cost/progress/payment behaviour)
WRK00106,Road Construction at District_10 Sector 8,Road Construction,District_10,499626.66,327869.28,70.5,66.0,65.62285527357568,-34.37714472642432,-4.5,636,0.8800000000000012,4650.628085106383,9.8,0,0.0,100.0,0.0,0.3080000000000004,17.5,Low,Delayed by 636 days beyond planned completion | Anomaly pattern detected by ML model (score 10/100 on cost/progress/payment behaviour)
WRK00378,Road Construction at District_5 Sector 35,Road Construction,District_5,2017618.31,1197157.72,58.9,57.2,59.335193087140446,-40.664806912859554,-1.6999999999999957,942,8.16,20325.258404074702,7.7,0,0.0,100.0,0.0,2.856,17.4,Low,Delayed by 942 days beyond planned completion | Anomaly pattern detected by ML model (score 8/100 on cost/progress/payment behaviour)
WRK00539,Water Supply at District_11 Sector 7,Water Supply,District_11,5758098.49,3038991.29,65.4,55.2,52.777688594208115,-47.222311405791885,-10.200000000000003,800,0.0,46467.756727828746,8.8,0,0.0,100.0,0.0,1.0105542975094666,17.4,Low,Delayed by 800 days beyond planned completion | Anomaly pattern detected by ML model (score 9/100 on cost/progress/payment behaviour)
WRK00541,Water Supply at District_3 Sector 17,Water Supply,District_3,1297045.23,822944.88,60.7,65.3,63.44766249978808,-36.55233750021193,4.599999999999994,809,3.6,13557.576276771004,3.8,0,0.0,100.0,5.519999999999993,4.364999999999997,17.4,Low,Delayed by 809 days beyond planned completion
WRK00113,Anganwadi Center at District_2 Sector 21,Anganwadi Center,District_2,637161.37,480228.67,76.3,71.9,75.37002282483007,-24.62997717516993,-4.3999999999999915,1076,0.0,6293.95373525557,9.3,0,0.0,100.0,0.0,0.0,17.3,Low,Delayed by 1076 days beyond planned completion | Anomaly pattern detected by ML model (score 9/100 on cost/progress/payment behaviour)
WRK00576,Irrigation Canal at District_5 Sector 23,Irrigation Canal,District_5,2748932.41,1951628.59,62.6,68.6,70.99587399458832,-29.004126005411678,5.999999999999993,822,0.0,31176.17555910543,1.4,0,0.0,100.0,7.199999999999991,4.326488005830756,17.1,Low,Delayed by 822 days beyond planned completion
WRK00199,Road Construction at District_11 Sector 19,Road Construction,District_11,977582.44,500884.58,59.0,49.3,51.237068047171554,-48.762931952828446,-9.700000000000003,895,0.4,8489.569152542374,8.5,0,0.0,100.0,0.0,0.13999999999999999,17.1,Low,Delayed by 895 days beyond planned completion | Anomaly pattern detected by ML model (score 8/100 on cost/progress/payment behaviour)
WRK00592,Bridge at District_7 Sector 11,Bridge,District_7,502981.48,433117.39,81.0,83.5,86.11000746985754,-13.889992530142456,2.5,909,0.0,5347.128271604938,5.7,0,0.0,100.0,3.0,1.6875,17.1,Low,Delayed by 909 days beyond planned completion | Anomaly pattern detected by ML model (score 6/100 on cost/progress/payment behaviour)
WRK00431,Water Supply at District_6 Sector 20,Water Supply,District_6,2634636.05,2015533.3,79.3,78.6,76.50139380731544,-23.498606192684555,-0.7000000000000028,779,6.319999999999999,25416.561160151326,6.2,0,0.0,100.0,0.0,2.2119999999999997,16.9,Low,Delayed by 779 days beyond planned completion | Anomaly pattern detected by ML model (score 6/100 on cost/progress/payment behaviour)
WRK00116,Irrigation Canal at District_5 Sector 30,Irrigation Canal,District_5,423659.94,352983.92,85.0,85.8,83.31774772002281,-16.682252279977195,0.7999999999999972,980,0.0,4152.7519999999995,6.5,0,0.0,100.0,0.9599999999999965,0.539999999999998,16.8,Low,Delayed by 980 days beyond planned completion | Anomaly pattern detected by ML model (score 6/100 on cost/progress/payment behaviour)
WRK00344,Anganwadi Center at District_9 Sector 28,Anganwadi Center,District_9,570639.95,312238.07,55.1,53.5,54.71717674165646,-45.28282325834354,-1.6000000000000014,633,0.0,5666.752631578947,7.4,0,0.0,100.0,0.0,0.0,16.8,Low,Delayed by 633 days beyond planned completion | Anomaly pattern detected by ML model (score 7/100 on cost/progress/payment behaviour)
WRK00078,Drainage at District_5 Sector 37,Drainage,District_5,4797831.22,3701278.48,82.0,76.4,77.14482461515185,-22.855175384848152,-5.599999999999994,901,0.0,45137.54243902439,6.3,0,0.0,100.0,0.0,0.9466978879369983,16.7,Low,Delayed by 901 days beyond planned completion | Anomaly pattern detected by ML model (score 6/100 on cost/progress/payment behaviour)
WRK00023,Water Supply at District_1 Sector 6,Water Supply,District_1,2387918.34,1963250.78,80.5,84.0,82.21599319849439,-17.78400680150561,3.5,758,0.0,24388.20844720497,2.7,0,0.0,100.0,4.2,2.3625,16.7,Low,Delayed by 758 days beyond planned completion
WRK00171,Drainage at District_1 Sector 24,Drainage,District_1,1021425.76,852969.52,85.5,87.8,83.5077353052071,-16.492264694792894,2.299999999999997,923,0.0,9976.251695906432,4.4,0,0.0,100.0,2.7599999999999967,1.5524999999999982,16.7,Low,Delayed by 923 days beyond planned completion | Anomaly pattern detected by ML model (score 4/100 on cost/progress/payment behaviour)
WRK00593,Irrigation Canal at District_6 Sector 35,Irrigation Canal,District_6,545753.57,428828.63,84.4,82.2,78.57550615747691,-21.42449384252309,-2.200000000000003,1016,0.0,5080.907938388626,6.5,0,0.0,100.0,0.0,0.0,16.6,Low,Delayed by 1016 days beyond planned completion | Anomaly pattern detected by ML model (score 6/100 on cost/progress/payment behaviour)
WRK00085,Community Hall at District_7 Sector 21,Community Hall,District_7,1270009.51,662852.09,53.6,52.2,52.19268712405153,-47.80731287594847,-1.3999999999999986,951,3.280000000000001,12366.643470149253,5.9,0,0.0,100.0,0.0,1.1480000000000004,16.6,Low,Delayed by 951 days beyond planned completion | Anomaly pattern detected by ML model (score 6/100 on cost/progress/payment behaviour)
WRK00072,Drainage at District_3 Sector 35,Drainage,District_3,2020724.75,1743329.32,82.9,83.0,86.27247822841781,-13.727521771582198,0.09999999999999432,680,0.0,21029.30422195416,6.1,0,0.0,100.0,0.11999999999999317,0.06749999999999617,16.6,Low,Delayed by 680 days beyond planned completion | Anomaly pattern detected by ML model (score 6/100 on cost/progress/payment behaviour)
WRK00128,Water Supply at District_3 Sector 12,Water Supply,District_3,2557591.12,2228122.66,94.5,90.2,87.11801673756202,-12.881983262437977,-4.299999999999997,814,0.0,23578.01756613757,6.6,0,0.0,100.0,0.0,0.0,16.6,Low,Delayed by 814 days beyond planned completion | Anomaly pattern detected by ML model (score 7/100 on cost/progress/payment behaviour)
WRK00045,Bridge at District_10 Sector 13,Bridge,District_10,1220996.61,742972.34,59.3,62.9,60.849664439281284,-39.15033556071872,3.6000000000000014,836,0.0,12529.044519392917,1.8,0,0.0,100.0,4.320000000000001,2.430000000000001,16.5,Low,Delayed by 836 days beyond planned completion
WRK00186,Anganwadi Center at District_4 Sector 8,Anganwadi Center,District_4,2349359.22,1606832.11,69.1,65.3,68.39448375204196,-31.605516247958032,-3.799999999999997,792,5.280000000000001,23253.720839363246,4.9,0,0.0,100.0,0.0,1.8480000000000003,16.5,Low,Delayed by 792 days beyond planned completion | Anomaly pattern detected by ML model (score 5/100 on cost/progress/payment behaviour)
WRK00382,School Building at District_6 Sector 5,School Building,District_6,5057290.36,4126914.86,77.1,77.7,81.60328093164894,-18.396719068351068,0.6000000000000085,854,0.0,53526.78158236057,4.2,0,0.0,100.0,0.7200000000000102,1.7544199871107928,16.4,Low,Delayed by 854 days beyond planned completion | Anomaly pattern detected by ML model (score 4/100 on cost/progress/payment behaviour)
WRK00057,Water Supply at District_10 Sector 16,Water Supply,District_10,614531.33,383120.88,70.4,65.4,62.343587917641244,-37.656412082358756,-5.0,1041,0.0,5442.057954545454,5.6,0,0.0,100.0,0.0,0.0,16.4,Low,Delayed by 1041 days beyond planned completion | Anomaly pattern detected by ML model (score 6/100 on cost/progress/payment behaviour)
WRK00477,Anganwadi Center at District_1 Sector 10,Anganwadi Center,District_1,2792729.02,1380469.59,53.0,51.2,49.43084631963327,-50.56915368036674,-1.7999999999999972,956,0.0,26046.59603773585,5.1,0,0.0,100.0,0.0,0.030244574522003548,16.3,Low,Delayed by 956 days beyond planned completion | Anomaly pattern detected by ML model (score 5/100 on cost/progress/payment behaviour)
WRK00443,Bridge at District_1 Sector 9,Bridge,District_1,3000839.77,1650912.36,55.9,54.0,55.015012014453546,-44.984987985546454,-1.8999999999999986,1055,0.0,29533.315921288016,5.1,0,0.0,100.0,0.0,0.19762318022672923,16.3,Low,Delayed by 1055 days beyond planned completion | Anomaly pattern detected by ML model (score 5/100 on cost/progress/payment behaviour)
WRK00532,Bridge at District_11 Sector 16,Bridge,District_11,477358.42,286678.25,60.0,61.7,60.055136348071535,-39.94486365192846,1.7000000000000028,888,0.0,4777.970833333334,3.0,0,0.0,100.0,2.040000000000003,1.147500000000002,16.2,Low,Delayed by 888 days beyond planned completion
WRK00259,Water Supply at District_4 Sector 25,Water Supply,District_4,3176708.63,2139376.47,65.2,64.3,67.34569389827861,-32.65430610172138,-0.9000000000000057,1032,0.0,32812.522546012275,4.4,0,0.0,100.0,0.0,0.35504019420976096,16.2,Low,Delayed by 1032 days beyond planned completion | Anomaly pattern detected by ML model (score 4/100 on cost/progress/payment behaviour)
WRK00529,School Building at District_10 Sector 19,School Building,District_10,415282.35,252790.75,58.1,59.1,60.8720187602483,-39.1279812397517,1.0,903,0.0,4350.959552495697,3.2,0,0.0,100.0,1.2,0.675,16.1,Low,Delayed by 903 days beyond planned completion
WRK00490,Community Hall at District_9 Sector 4,Community Hall,District_9,413800.56,291706.88,68.8,70.4,70.49455902137977,-29.50544097862023,1.6000000000000085,853,0.0,4239.925581395349,2.0,0,0.0,100.0,1.9200000000000101,1.0800000000000058,16.0,Low,Delayed by 853 days beyond planned completion
WRK00393,School Building at District_7 Sector 24,School Building,District_7,450254.04,309599.64,73.3,69.7,68.7611020658471,-31.2388979341529,-3.5999999999999943,936,0.0,4223.73315143247,3.9,0,0.0,100.0,0.0,0.0,16.0,Low,Delayed by 936 days beyond planned completion
WRK00504,Bridge at District_3 Sector 1,Bridge,District_3,2085922.88,1023717.3,50.6,48.5,49.07742802073297,-50.922571979267026,-2.1000000000000014,810,0.0,20231.567193675888,4.0,0,0.0,100.0,0.0,0.0,16.0,Low,Delayed by 810 days beyond planned completion
WRK00370,Anganwadi Center at District_7 Sector 7,Anganwadi Center,District_7,527581.48,337246.19,62.0,61.7,63.92305317464897,-36.07694682535103,-0.29999999999999716,1006,0.0,5439.454677419355,4.0,0,0.0,100.0,0.0,0.0,16.0,Low,Delayed by 1006 days beyond planned completion
WRK00000,Drainage at District_2 Sector 20,Drainage,District_2,423544.34,265175.21,67.6,65.0,62.608606692749106,-37.391393307250894,-2.5999999999999943,752,0.0,3922.7102071005925,3.0,0,0.0,100.0,0.0,0.0,15.8,Low,Delayed by 752 days beyond planned completion
WRK00333,Drainage at District_11 Sector 29,Drainage,District_11,3168354.03,2003273.78,62.5,61.1,63.227586343941496,-36.772413656058504,-1.3999999999999986,681,0.0,32052.38048,3.0,0,0.0,100.0,0.0,0.3185498756880951,15.8,Low,Delayed by 681 days beyond planned completion
WRK00434,Community Hall at District_6 Sector 8,Community Hall,District_6,950730.83,558981.98,58.5,57.2,58.794977754113646,-41.205022245886354,-1.2999999999999972,926,0.0,9555.24752136752,2.9,0,0.0,100.0,0.0,0.0,15.7,Low,Delayed by 926 days beyond planned completion
WRK00346,Drainage at District_6 Sector 19,Drainage,District_6,637313.2,474881.46,74.2,73.6,74.51304319446076,-25.486956805539247,-0.6000000000000085,886,0.0,6400.019676549865,2.2,0,0.0,100.0,0.0,0.0,15.6,Low,Delayed by 886 days beyond planned completion
WRK00510,Drainage at District_8 Sector 21,Drainage,District_8,2244096.48,1514364.42,68.3,70.3,67.48214408321695,-32.51785591678305,2.0,812,0.0,22172.246266471448,0.0,0,0.0,100.0,2.4,1.35,15.6,Low,Delayed by 812 days beyond planned completion
WRK00059,Community Hall at District_2 Sector 39,Community Hall,District_2,1299371.69,747725.0,58.3,57.1,57.545120134178084,-42.454879865821916,-1.1999999999999957,853,0.0,12825.471698113208,2.1,0,0.0,100.0,0.0,0.0,15.5,Low,Delayed by 853 days beyond planned completion
WRK00281,Bridge at District_6 Sector 24,Bridge,District_6,11606844.39,11928246.1,100.0,100.0,102.76907055182807,2.7690705518280754,0.0,0,2.0800000000000014,119282.461,52.7,1,0.0,0.0,5.53814110365613,5.233995308807906,15.4,Low,Anomaly pattern detected by ML model (score 53/100 on cost/progress/payment behaviour)
WRK00230,Road Construction at District_9 Sector 25,Road Construction,District_9,4990163.13,5237453.31,99.1,100.0,104.95555302617932,4.95555302617932,0.9000000000000057,10,0.0,52850.18476286579,46.8,0,0.0,2.73972602739726,10.99110605235864,1.924440225026802,15.2,Low,Anomaly pattern detected by ML model (score 47/100 on cost/progress/payment behaviour) | Utilisation irregularity: 105% of funds used vs 99% physical work done
WRK00548,Irrigation Canal at District_8 Sector 34,Irrigation Canal,District_8,638012.56,411279.81,68.5,66.9,64.46265101740316,-35.53734898259684,-1.5999999999999943,857,0.0,6004.084817518248,0.9,0,0.0,100.0,0.0,0.0,15.2,Low,Delayed by 857 days beyond planned completion
WRK00586,School Building at District_9 Sector 4,School Building,District_9,580405.38,600131.87,100.0,100.0,103.39874347822206,3.3987434782220647,0.0,2,3.3599999999999994,6001.3187,47.9,1,0.0,0.547945205479452,6.797486956444118,1.1759999999999997,14.0,Low,Anomaly pattern detected by ML model (score 48/100 on cost/progress/payment behaviour)
WRK00028,Water Supply at District_4 Sector 8,Water Supply,District_4,1274428.96,1278944.88,99.6,100.0,100.35434850758568,0.3543485075856975,0.4000000000000057,56,3.519999999999999,12840.81204819277,43.5,0,0.0,15.342465753424658,1.188697015171374,1.5020000000000033,13.7,Low,Anomaly pattern detected by ML model (score 44/100 on cost/progress/payment behaviour) | Delayed by 56 days beyond planned completion
WRK00343,Irrigation Canal at District_5 Sector 12,Irrigation Canal,District_5,11121811.23,10763370.73,100.0,97.1,96.77713914948366,-3.2228608505163416,-2.9000000000000057,18,0.0,107633.70730000001,46.7,0,0.0,4.931506849315069,0.0,3.9468015055714334,13.0,Low,Anomaly pattern detected by ML model (score 47/100 on cost/progress/payment behaviour)
WRK00181,Bridge at District_6 Sector 5,Bridge,District_6,2349545.41,2103872.08,98.9,88.2,89.54379306931548,-10.456206930684521,-10.700000000000003,0,1.7599999999999996,21272.720728008087,45.3,0,0.0,0.0,0.0,0.6159999999999998,11.4,Low,Anomaly pattern detected by ML model (score 45/100 on cost/progress/payment behaviour)
WRK00347,Bridge at District_3 Sector 19,Bridge,District_3,503077.68,479307.32,100.0,96.1,95.27501200212262,-4.724987997877383,-3.9000000000000057,8,0.0,4793.0732,42.0,0,0.0,2.191780821917808,0.0,0.0,10.8,Low,Anomaly pattern detected by ML model (score 42/100 on cost/progress/payment behaviour)
WRK00516,Bridge at District_12 Sector 27,Bridge,District_12,588221.45,587822.01,100.0,100.0,99.93209360182293,-0.0679063981770716,0.0,14,0.0,5878.2201000000005,38.7,0,0.0,3.8356164383561646,0.0,0.0,10.3,Low,Anomaly pattern detected by ML model (score 39/100 on cost/progress/payment behaviour)
