work_id,work_name,work_type,district,lat,lon,sanctioned_amount,expenditure,physical_progress_pct,financial_progress_pct,start_date,end_date,actual_end_date,num_payment_txns,max_single_txn_pct_of_sanctioned,vendor_id,is_fraud_label
WRK00000,Drainage at District_2 Sector 20,Drainage,District_2,21.748000794687975,79.83752255979032,423544.34,265175.21,67.6,65.0,2023-12-15,2024-08-24,,14,11.5,VEND_022,0
WRK00001,Anganwadi Center at District_3 Sector 28,Anganwadi Center,District_3,20.90330153487806,78.95636206034841,2284048.4,1223011.9,45.8,52.8,2023-08-10,2023-12-06,,9,18.2,VEND_021,0
WRK00002,Anganwadi Center at District_1 Sector 17,Anganwadi Center,District_1,21.19227352589656,79.17858360889184,5166802.51,4059999.83,73.3,76.7,2023-04-08,2023-12-08,,2,15.9,VEND_020,0
WRK00003,School Building at District_11 Sector 4,School Building,District_11,20.930798971128773,78.95644861463605,2594631.16,2250868.09,78.0,84.0,2023-03-06,2023-09-14,,4,8.3,VEND_019,0
WRK00004,Drainage at District_10 Sector 19,Drainage,District_10,22.711608066153335,80.70583429045703,11412477.52,9288503.39,78.6,79.1,2023-05-25,2024-03-07,,3,26.3,VEND_042,0
WRK00005,Drainage at District_4 Sector 23,Drainage,District_4,22.07648136728536,80.06805610758782,428632.52,311965.26,84.4,70.9,2023-03-11,2023-10-23,,10,21.6,VEND_033,0
WRK00006,Irrigation Canal at District_2 Sector 36,Irrigation Canal,District_2,21.839667361759997,79.78256374638758,907292.34,263807.35,39.5,30.4,2023-08-07,2024-01-29,,7,25.0,VEND_018,0
WRK00007,Community Hall at District_6 Sector 28,Community Hall,District_6,19.978637367683174,78.00792698455383,10031934.31,4700377.06,51.8,48.9,2023-11-29,2024-07-05,,12,8.0,VEND_028,0
WRK00008,Bridge at District_9 Sector 14,Bridge,District_9,20.300624705936386,78.3240373329453,2557695.34,1409900.7,56.5,55.9,2023-12-15,2024-05-04,,6,5.5,VEND_007,0
WRK00009,Anganwadi Center at District_5 Sector 18,Anganwadi Center,District_5,22.71998871133617,80.654726047232,3211470.47,2268425.4,79.8,72.3,2023-05-13,2023-10-31,,12,10.5,VEND_054,0
WRK00010,Water Supply at District_2 Sector 6,Water Supply,District_2,21.713633978840384,79.82172118217728,8883863.91,5488826.21,66.4,62.2,2023-10-17,2024-06-06,,13,20.2,VEND_035,0
WRK00011,Community Hall at District_2 Sector 12,Community Hall,District_2,21.748825125368906,79.8089637817478,5234977.05,4427675.01,72.1,83.8,2023-01-21,2023-06-18,,6,13.6,VEND_055,0
WRK00012,Irrigation Canal at District_12 Sector 18,Irrigation Canal,District_12,20.831165692622182,78.93175754734072,1279279.61,996191.12,71.3,78.0,2023-01-12,2023-08-19,,8,49.1,VEND_056,0
WRK00013,Irrigation Canal at District_2 Sector 12,Irrigation Canal,District_2,21.693397685963436,79.81338557311719,10603362.01,7794887.38,62.2,70.7,2023-06-15,2024-06-02,,7,18.4,VEND_033,0
WRK00014,Road Construction at District_4 Sector 22,Road Construction,District_4,22.075684604546336,80.09731087245908,5921618.73,2571650.49,55.0,45.5,2023-12-30,2024-07-06,,3,12.7,VEND_022,0
WRK00015,Drainage at District_4 Sector 12,Drainage,District_4,22.141924460186818,80.05485364109565,945458.92,538622.56,64.2,58.9,2024-04-21,2025-01-28,,8,15.5,VEND_026,0
WRK00016,Anganwadi Center at District_12 Sector 35,Anganwadi Center,District_12,20.908629395886106,78.97895456282053,12467233.2,11766141.5,91.1,92.9,2024-03-21,2024-07-24,,8,31.1,VEND_006,0
WRK00017,Community Hall at District_9 Sector 11,Community Hall,District_9,20.309161721861095,78.23877654841397,8613789.66,5075585.74,61.4,58.3,2023-05-01,2023-08-19,,12,8.9,VEND_019,0
WRK00018,Drainage at District_12 Sector 37,Drainage,District_12,20.88026974385702,78.899743906664,2017420.36,1396898.05,66.8,72.0,2023-03-13,2023-08-04,,4,19.5,VEND_041,0
WRK00019,Irrigation Canal at District_10 Sector 13,Irrigation Canal,District_10,22.65609238165356,80.68329382796496,584746.0,307781.47,55.3,52.7,2023-12-24,2024-12-04,,3,25.4,VEND_057,0
WRK00020,School Building at District_7 Sector 8,School Building,District_7,19.965202869416466,77.98880705915597,2792468.89,2005987.73,66.8,68.6,2023-10-05,2024-09-19,,3,38.8,VEND_056,0
WRK00021,Drainage at District_9 Sector 37,Drainage,District_9,20.22682789990815,78.27046464930183,8545719.98,2977811.56,51.9,34.7,2023-01-09,2023-07-07,,12,9.4,VEND_052,0
WRK00022,Irrigation Canal at District_10 Sector 32,Irrigation Canal,District_10,22.673528028631697,80.65615696109163,616872.66,566951.51,100.0,89.7,2023-11-22,2024-01-21,,12,49.1,VEND_053,1
WRK00023,Water Supply at District_1 Sector 6,Water Supply,District_1,21.217077777547026,79.28643488222028,2387918.34,1963250.78,80.5,84.0,2024-04-06,2024-08-18,,9,6.3,VEND_032,0
WRK00024,Community Hall at District_1 Sector 35,Community Hall,District_1,21.21160849448131,79.17223363905906,547785.95,388680.09,68.1,70.9,2023-09-15,2024-07-12,,11,12.8,VEND_032,0
WRK00025,Water Supply at District_1 Sector 3,Water Supply,District_1,21.340704193163237,79.30465841544654,542808.16,229072.61,49.7,40.8,2024-04-19,2024-11-24,,3,24.8,VEND_041,0
WRK00026,Drainage at District_2 Sector 21,Drainage,District_2,21.82272101691072,79.74447846577927,12010129.4,7372253.0,66.0,63.7,2023-10-17,2024-09-12,,12,21.5,VEND_058,0
WRK00027,Drainage at District_11 Sector 15,Drainage,District_11,20.888157486774514,78.90882562106863,2333079.15,737735.04,29.9,32.5,2023-01-31,2023-06-13,,6,28.6,VEND_044,0
WRK00028,Water Supply at District_4 Sector 8,Water Supply,District_4,22.047355074464804,80.0832771913822,1274428.96,1278944.88,99.6,100.0,2023-12-02,2024-12-10,2025-02-04,13,24.4,VEND_048,0
WRK00029,Irrigation Canal at District_7 Sector 23,Irrigation Canal,District_7,20.00332729079296,77.96512880883499,450601.15,305057.31,61.2,70.6,2024-01-03,2024-10-04,,11,38.2,VEND_005,0
WRK00030,Anganwadi Center at District_7 Sector 2,Anganwadi Center,District_7,19.99665234135509,77.94139964037026,548420.5,229532.51,51.0,42.9,2024-02-05,2024-09-20,,12,7.8,VEND_006,0
WRK00031,Irrigation Canal at District_7 Sector 6,Irrigation Canal,District_7,19.96738432542917,78.05776560180533,516496.29,359982.73,66.4,69.8,2023-10-14,2024-08-09,,8,5.0,VEND_055,0
WRK00032,Road Construction at District_11 Sector 25,Road Construction,District_11,20.820920280027302,78.97379745240268,2523260.38,2356757.89,81.3,89.8,2023-11-25,2024-12-04,,12,22.3,VEND_016,0
WRK00033,School Building at District_10 Sector 15,School Building,District_10,22.692623565987983,80.69237387337739,12680637.32,18780800.755538505,62.5,100.0,2023-03-15,2023-12-02,,7,11.8,VEND_047,1
WRK00034,Water Supply at District_8 Sector 23,Water Supply,District_8,20.600571302778036,78.66644802952185,637798.67,603612.51,100.0,98.4,2023-12-25,2024-08-02,2024-07-22,8,15.4,VEND_033,0
WRK00035,Road Construction at District_1 Sector 5,Road Construction,District_1,21.119887022947054,79.1374176392947,2573185.1,2063178.3,73.8,78.0,2023-06-07,2024-01-20,,9,5.0,VEND_003,0
WRK00036,Community Hall at District_11 Sector 2,Community Hall,District_11,20.92296928858583,78.93509768131106,1299552.37,997768.0,67.8,73.8,2023-01-12,2023-11-04,,13,13.0,VEND_027,0
WRK00037,Drainage at District_2 Sector 32,Drainage,District_2,21.84102642377087,79.78031294138877,5640672.6,3949554.67,62.6,69.3,2024-03-30,2024-07-09,,14,5.2,VEND_017,0
WRK00038,Bridge at District_11 Sector 20,Bridge,District_11,20.937471694986385,78.88575579668088,593027.1,519417.03,91.6,91.0,2024-02-28,2024-12-30,,11,33.5,VEND_033,0
WRK00039,Road Construction at District_8 Sector 3,Road Construction,District_8,20.570279982390065,78.52597317437174,8965207.45,8597249.76,81.1,94.8,2023-01-08,2023-06-30,,8,9.6,VEND_001,0
WRK00040,Bridge at District_1 Sector 25,Bridge,District_1,21.108454708707622,79.24641484957843,8458605.03,3337826.75,43.6,38.4,2024-01-21,2024-06-15,,5,23.3,VEND_027,0
WRK00041,Bridge at District_2 Sector 16,Bridge,District_2,21.782860692456783,79.72615710915771,11498879.72,10398936.01,87.3,90.4,2023-05-09,2024-02-24,,10,39.5,VEND_008,0
WRK00042,Anganwadi Center at District_2 Sector 9,Anganwadi Center,District_2,21.808009529665853,79.85381200787332,506975.8,336545.29,64.5,67.0,2024-01-28,2024-11-02,,12,5.0,VEND_036,0
WRK00043,Anganwadi Center at District_4 Sector 26,Anganwadi Center,District_4,22.085340420667563,80.19686155812147,456398.22,318173.06,72.0,68.7,2023-02-17,2023-11-11,,9,26.2,VEND_015,0
WRK00044,School Building at District_10 Sector 20,School Building,District_10,22.64290308869288,80.70031695311812,2450821.67,2410899.79,93.7,94.4,2024-04-25,2024-12-29,,13,18.3,VEND_016,0
WRK00045,Bridge at District_10 Sector 13,Bridge,District_10,22.65742314054071,80.73327926181567,1220996.61,742972.34,59.3,62.9,2024-02-15,2024-06-01,,11,5.0,VEND_054,0
WRK00046,Water Supply at District_1 Sector 39,Water Supply,District_1,21.12524695848864,79.2681931114907,8768064.5,1030132.35,34.9,11.2,2023-04-30,2024-01-31,,21,51.97029626541722,VEND_026,0
WRK00047,Drainage at District_4 Sector 7,Drainage,District_4,22.02195208235028,80.08513383186511,5602221.59,4524530.26,80.8,83.6,2023-06-16,2023-09-17,,11,29.0,VEND_055,0
WRK00048,Anganwadi Center at District_12 Sector 17,Anganwadi Center,District_12,20.85561521721427,78.96678921681601,2176994.86,1513458.25,56.1,67.8,2023-09-09,2024-04-24,,2,35.6,VEND_055,0
WRK00049,School Building at District_2 Sector 4,School Building,District_2,21.777571789598582,79.82261669753215,458213.07,290344.55,54.2,63.4,2023-04-07,2023-10-04,,2,5.0,VEND_050,0
WRK00050,Drainage at District_11 Sector 33,Drainage,District_11,20.89103866872751,78.8873311215526,5907257.55,2934048.51,44.8,50.5,2023-11-03,2024-02-19,,14,25.6,VEND_032,0
WRK00051,Community Hall at District_10 Sector 36,Community Hall,District_10,22.695645291447374,80.68464583908327,10935619.7,3572164.7,40.1,33.0,2023-03-02,2024-02-18,,14,20.5,VEND_024,0
WRK00052,Road Construction at District_3 Sector 11,Road Construction,District_3,20.936970633615047,78.8920175846289,1263730.23,686932.8,68.8,57.2,2023-12-12,2024-07-27,,7,11.0,VEND_032,0
WRK00053,Community Hall at District_8 Sector 34,Community Hall,District_8,20.66680930500061,78.66239749925296,11807162.82,916674.5,16.8,7.6,2023-11-22,2024-11-26,,7,27.1,VEND_030,0
WRK00054,Drainage at District_9 Sector 14,Drainage,District_9,20.258126829795742,78.31177241841549,3212268.9,2783904.87,70.0,84.6,2023-02-23,2024-03-24,,10,5.0,VEND_018,1
WRK00055,Irrigation Canal at District_1 Sector 22,Irrigation Canal,District_1,21.173970579357228,79.24063006438769,5162433.64,3497707.37,75.3,70.7,2023-06-12,2024-07-09,,4,13.6,VEND_016,0
WRK00056,Water Supply at District_12 Sector 34,Water Supply,District_12,20.92240496819681,78.81572013413077,8243492.36,4938830.15,69.7,58.3,2023-07-04,2023-11-04,,2,7.2,VEND_024,0
WRK00057,Water Supply at District_10 Sector 16,Water Supply,District_10,22.669301159930356,80.77255894245106,614531.33,383120.88,70.4,65.4,2023-08-10,2023-11-09,,11,15.9,VEND_037,0
WRK00058,School Building at District_9 Sector 35,School Building,District_9,20.179360983453527,78.38054684975059,1226672.34,285126.68,26.3,23.8,2024-03-27,2024-09-25,,9,8.9,VEND_041,0
WRK00059,Community Hall at District_2 Sector 39,Community Hall,District_2,21.725279719009034,79.83495983658474,1299371.69,747725.0,58.3,57.1,2023-11-16,2024-05-15,,4,7.3,VEND_044,0
WRK00060,Road Construction at District_8 Sector 18,Road Construction,District_8,20.58047680252686,78.6923912506478,867183.46,393061.66,42.9,47.6,2023-02-21,2023-09-12,,5,21.8,VEND_052,0
WRK00061,Water Supply at District_5 Sector 36,Water Supply,District_5,22.61540186754151,80.69912185867614,2676070.8,1307383.1,63.4,49.7,2024-05-05,2024-10-30,,13,14.8,VEND_059,0
WRK00062,Bridge at District_9 Sector 31,Bridge,District_9,20.313618487763712,78.26430625879817,2301715.08,2108547.74,72.0,91.0,2023-05-30,2023-12-05,,5,18.3,VEND_038,0
WRK00063,Drainage at District_6 Sector 4,Drainage,District_6,20.06258625042826,77.97393385406814,3018298.05,1593213.66,56.3,52.5,2023-12-02,2024-12-05,,6,15.4,VEND_019,0
WRK00064,Drainage at District_12 Sector 18,Drainage,District_12,20.887711924999355,78.947602682657,3199718.15,942353.62,49.4,30.8,2024-01-05,2024-05-05,,14,18.0,VEND_047,0
WRK00065,Road Construction at District_4 Sector 17,Road Construction,District_4,22.048459313986445,80.09715227293931,415132.11,210530.99,46.8,51.3,2024-03-24,2025-01-24,,4,19.9,VEND_018,0
WRK00066,Water Supply at District_2 Sector 11,Water Supply,District_2,21.799395767460588,79.78946549928185,10447510.03,8201018.41,78.7,75.9,2023-01-15,2023-07-27,,8,31.3,VEND_036,0
WRK00067,Anganwadi Center at District_3 Sector 6,Anganwadi Center,District_3,20.853855677905234,78.97305894333603,2413419.68,819204.51,42.2,33.2,2023-05-04,2024-05-16,,4,25.5,VEND_019,0
WRK00068,Road Construction at District_2 Sector 24,Road Construction,District_2,21.807905954245257,79.83888836945424,8156417.56,2305236.92,20.1,28.1,2023-03-18,2023-07-20,,4,5.0,VEND_030,0
WRK00069,School Building at District_1 Sector 24,School Building,District_1,21.289879726121715,79.22581487860508,11864686.94,7421212.41,65.2,62.8,2024-05-12,2024-07-11,,14,37.9,VEND_005,1
WRK00070,Community Hall at District_5 Sector 2,Community Hall,District_5,22.742750966214864,80.7319813204749,11003669.59,8813869.05,77.7,83.6,2023-05-29,2023-11-02,,13,5.0,VEND_023,0
WRK00071,Community Hall at District_1 Sector 6,Community Hall,District_1,21.136007952118,79.28409083096504,584645.1,455341.92,70.1,80.9,2024-02-17,2024-08-23,,12,9.1,VEND_004,0
WRK00072,Drainage at District_3 Sector 35,Drainage,District_3,20.834867394158277,78.89744014440917,2020724.75,1743329.32,82.9,83.0,2023-10-04,2024-11-04,,3,18.0,VEND_010,0
WRK00073,Bridge at District_8 Sector 10,Bridge,District_8,20.562695087167377,78.53748422305384,947377.6,270524.55,29.3,28.3,2023-06-21,2024-04-11,,4,30.3,VEND_050,0
WRK00074,Irrigation Canal at District_4 Sector 17,Irrigation Canal,District_4,22.045815058632098,80.11723024523751,5694051.91,5130132.1,87.0,85.9,2023-09-24,2024-08-03,,3,22.2,VEND_056,0
WRK00075,Road Construction at District_1 Sector 38,Road Construction,District_1,21.212644240748496,79.17480211292947,4235179.91,2407587.21,57.0,58.9,2024-01-22,2025-01-21,,6,15.2,VEND_041,0
WRK00076,Anganwadi Center at District_3 Sector 29,Anganwadi Center,District_3,20.915909474383728,78.8418960243633,10349004.44,6824296.59,65.6,65.8,2024-03-15,2025-01-26,,3,5.0,VEND_032,0
WRK00077,Anganwadi Center at District_10 Sector 1,Anganwadi Center,District_10,22.643610961755414,80.6810096744105,3081965.67,2206603.54,58.5,69.9,2024-03-06,2025-02-06,,7,39.1,VEND_059,0
WRK00078,Drainage at District_5 Sector 37,Drainage,District_5,22.695335067517323,80.70655289130231,4797831.22,3701278.48,82.0,76.4,2023-06-24,2024-03-28,,9,15.1,VEND_004,0
WRK00079,School Building at District_3 Sector 4,School Building,District_3,20.91392879572559,78.90069926109327,881435.75,271333.97,26.3,31.6,2023-06-03,2024-03-31,,4,19.4,VEND_035,0
WRK00080,School Building at District_11 Sector 38,School Building,District_11,20.941551592883396,78.83289124168147,1061006.15,702136.29,64.1,66.3,2023-01-29,2023-09-21,,3,20.6,VEND_040,0
WRK00081,Anganwadi Center at District_6 Sector 38,Anganwadi Center,District_6,19.999384035353536,77.98895163411068,591200.89,477755.79,69.5,77.1,2023-05-31,2024-05-26,,6,9.1,VEND_025,0
WRK00082,Anganwadi Center at District_2 Sector 7,Anganwadi Center,District_2,21.778433028088024,79.67491500779201,1222898.48,603259.75,53.8,50.6,2024-01-07,2024-10-14,,7,30.5,VEND_023,0
WRK00083,Irrigation Canal at District_8 Sector 5,Irrigation Canal,District_8,20.623943776926023,78.5232178965037,5012137.41,3912383.59,62.1,74.8,2023-02-25,2024-01-16,,7,17.7,VEND_043,0
WRK00084,Water Supply at District_2 Sector 35,Water Supply,District_2,21.746187739984062,79.76241220760932,1006783.97,630044.52,52.6,60.5,2023-01-31,2023-09-17,,9,10.4,VEND_032,0
WRK00085,Community Hall at District_7 Sector 21,Community Hall,District_7,19.905960078601296,77.98410467256858,1270009.51,662852.09,53.6,52.2,2023-02-07,2024-02-07,,7,24.1,VEND_049,0
WRK00086,School Building at District_6 Sector 10,School Building,District_6,20.000300834021804,78.02241620329866,520507.69,383562.61,71.2,75.9,2024-02-22,2025-03-13,,4,29.4,VEND_023,0
WRK00087,Bridge at District_2 Sector 32,Bridge,District_2,21.8443196979784,79.82453833544969,10325070.66,6559762.36,57.9,60.6,2024-04-30,2024-11-30,,3,5.0,VEND_022,0
WRK00088,Drainage at District_6 Sector 31,Drainage,District_6,20.02387646686334,77.941878560993,412526.67,309809.48,55.3,73.3,2024-04-10,2024-10-23,,10,36.2,VEND_013,0
WRK00089,Irrigation Canal at District_12 Sector 6,Irrigation Canal,District_12,20.894513627415286,78.8982194631905,3241710.62,1796427.99,50.2,57.6,2023-05-21,2023-11-14,,32,57.48102611172038,VEND_030,1
WRK00090,Bridge at District_5 Sector 14,Bridge,District_5,22.65001438856653,80.64792061836894,10305497.15,4330732.68,36.7,40.2,2023-06-01,2023-07-31,,8,22.3,VEND_006,1
WRK00091,Anganwadi Center at District_9 Sector 12,Anganwadi Center,District_9,20.33159907418807,78.22978654509546,12462438.45,9453993.66,77.1,74.7,2024-01-09,2024-03-09,,4,34.8,VEND_043,1
WRK00092,Community Hall at District_5 Sector 14,Community Hall,District_5,22.69451329091849,80.71763600815132,5799456.34,4366796.9,67.6,74.2,2023-10-22,2024-06-25,,7,15.9,VEND_028,0
WRK00093,School Building at District_6 Sector 31,School Building,District_6,20.017010498843415,78.0335039621101,563879.43,342859.36,72.6,62.7,2024-01-02,2024-10-23,,4,5.0,VEND_045,0
WRK00094,Anganwadi Center at District_3 Sector 22,Anganwadi Center,District_3,20.902608665932874,78.8863074747227,4346636.24,3134570.71,71.8,74.3,2023-05-21,2023-11-14,,14,5.0,VEND_046,0
WRK00095,Irrigation Canal at District_12 Sector 16,Irrigation Canal,District_12,20.90180299633989,78.89976835138879,4801227.9,2974412.69,69.1,65.1,2023-12-25,2025-01-20,,9,20.0,VEND_057,0
WRK00096,School Building at District_8 Sector 10,School Building,District_8,20.640283931962127,78.6338700684346,2402769.59,3466947.203526057,79.0,100.0,2024-03-04,2024-11-17,,12,14.6,VEND_057,1
WRK00097,School Building at District_12 Sector 12,School Building,District_12,20.92187561243099,78.83791222355609,11823336.14,10247281.87,100.0,89.0,2023-04-27,2024-03-18,2024-04-15,10,24.1,VEND_016,0
WRK00098,Irrigation Canal at District_6 Sector 10,Irrigation Canal,District_6,19.992315744781898,78.07270250907287,6151424.8,3497829.05,63.8,55.2,2024-02-13,2024-11-06,,4,34.5,VEND_009,0
WRK00099,Drainage at District_9 Sector 25,Drainage,District_9,20.244269151846606,78.28853536732238,2240738.53,2337740.28,91.4,100.0,2024-05-14,2025-06-01,,4,34.4,VEND_005,0
WRK00100,Bridge at District_12 Sector 10,Bridge,District_12,20.921629722586307,78.903095824184,2829316.57,1104915.54,34.1,39.4,2024-03-18,2024-11-03,,3,14.0,VEND_030,0
WRK00101,Community Hall at District_4 Sector 7,Community Hall,District_4,22.10901819715132,80.06719725316795,529114.85,429526.74,74.9,82.7,2024-05-14,2024-09-13,,3,31.3,VEND_026,0
WRK00102,Road Construction at District_3 Sector 7,Road Construction,District_3,20.925983028667325,78.84513311627265,1216060.04,1218812.68,91.1,97.8,2024-01-29,2025-02-02,,12,17.3,VEND_029,0
WRK00103,Anganwadi Center at District_3 Sector 34,Anganwadi Center,District_3,20.905101564862026,78.90394943581701,8767627.61,4067392.62,45.2,48.8,2023-02-18,2023-08-22,,8,12.5,VEND_046,0
WRK00104,Road Construction at District_2 Sector 17,Road Construction,District_2,21.786492243533147,79.88856706211338,873431.87,405691.85,47.1,45.0,2023-03-26,2023-07-14,,13,33.8,VEND_024,0
WRK00105,Community Hall at District_7 Sector 38,Community Hall,District_7,20.003085231702517,78.00186139182108,1175132.99,29610.2,18.6,2.6,2023-09-10,2024-07-17,,8,20.1,VEND_008,0
WRK00106,Road Construction at District_10 Sector 8,Road Construction,District_10,22.68078770435597,80.7509521846621,499626.66,327869.28,70.5,66.0,2024-02-16,2024-12-18,,14,21.1,VEND_052,0
WRK00107,Anganwadi Center at District_12 Sector 15,Anganwadi Center,District_12,20.777456393572994,78.82911579149203,5640184.7,1529027.85,34.9,27.0,2023-04-21,2024-05-08,,5,44.6,VEND_042,0
WRK00108,Road Construction at District_6 Sector 30,Road Construction,District_6,19.981820835484662,77.94253980014058,930092.33,472584.82,63.3,50.5,2023-09-01,2024-02-27,,7,21.5,VEND_016,0
WRK00109,Irrigation Canal at District_2 Sector 33,Irrigation Canal,District_2,21.73397555079215,79.84273428650677,4165198.03,1476722.95,37.5,34.9,2023-12-05,2024-06-24,,2,26.1,VEND_053,0
WRK00110,Water Supply at District_2 Sector 17,Water Supply,District_2,21.85037553854933,79.78716729418001,2268972.84,727964.75,40.4,33.0,2023-01-30,2023-09-23,,9,9.4,VEND_013,0
WRK00111,Water Supply at District_2 Sector 17,Water Supply,District_2,21.82101133547373,79.79488016466944,4800993.01,3078325.99,47.4,65.7,2024-03-06,2024-09-18,,6,28.9,VEND_013,0
WRK00112,Anganwadi Center at District_10 Sector 27,Anganwadi Center,District_10,22.66432230093148,80.56741458325405,4288316.1,2273101.63,41.1,51.7,2023-02-23,2023-10-13,,10,32.9,VEND_032,0
WRK00113,Anganwadi Center at District_2 Sector 21,Anganwadi Center,District_2,21.75495515023477,79.82619754770963,637161.37,480228.67,76.3,71.9,2023-06-11,2023-10-05,,9,8.2,VEND_030,0
WRK00114,Anganwadi Center at District_4 Sector 23,Anganwadi Center,District_4,22.104325277096073,80.11635049343946,4320131.53,4020576.18,77.4,89.8,2023-10-20,2024-08-07,,6,10.0,VEND_022,0
WRK00115,Water Supply at District_9 Sector 12,Water Supply,District_9,20.35224364062272,78.30339933130256,1266389.81,529768.86,33.8,41.6,2024-04-08,2025-02-18,,7,12.0,VEND_039,0
WRK00116,Irrigation Canal at District_5 Sector 30,Irrigation Canal,District_5,22.66857576349316,80.73872473519327,423659.94,352983.92,85.0,85.8,2023-07-09,2024-01-09,,4,15.5,VEND_045,0
WRK00117,School Building at District_7 Sector 39,School Building,District_7,19.95819714425771,78.03310407672909,567236.91,537991.86,94.0,91.0,2023-10-26,2024-11-26,,2,13.8,VEND_001,0
WRK00118,Road Construction at District_8 Sector 37,Road Construction,District_8,20.681003515456805,78.61818490751715,585864.99,173108.09,24.7,31.1,2023-01-14,2023-05-30,,13,22.5,VEND_020,0
WRK00119,Anganwadi Center at District_11 Sector 31,Anganwadi Center,District_11,21.000175470520066,78.9412099809898,440147.08,112749.71,22.4,24.5,2023-05-16,2023-12-26,,12,5.0,VEND_051,0
WRK00120,Bridge at District_11 Sector 36,Bridge,District_11,20.85173244025956,78.9026740813411,2126382.71,1740067.84,80.1,78.1,2023-07-07,2024-02-02,,12,10.0,VEND_026,0
WRK00121,School Building at District_12 Sector 20,School Building,District_12,20.882623829390322,78.84099996107665,12188584.29,10563503.78,76.3,91.0,2024-02-02,2024-05-23,,5,23.8,VEND_028,0
WRK00122,Community Hall at District_6 Sector 23,Community Hall,District_6,19.96197455759643,77.9719622917956,554678.69,467129.38,84.3,86.7,2023-07-08,2023-11-17,,2,18.8,VEND_012,0
WRK00123,School Building at District_6 Sector 15,School Building,District_6,19.946261699309115,78.04382718020408,602242.4,497403.11,74.4,79.6,2023-07-22,2024-02-25,,14,17.9,VEND_026,0
WRK00124,Water Supply at District_2 Sector 13,Water Supply,District_2,21.821949551469444,79.77366423040269,1279353.76,767692.17,50.4,57.7,2024-05-11,2025-03-01,,2,17.5,VEND_056,0
WRK00125,Drainage at District_10 Sector 7,Drainage,District_10,22.717631360195856,80.79564774038658,10674490.76,5813370.24,56.8,54.8,2023-03-19,2023-07-08,,13,29.2,VEND_058,0
WRK00126,School Building at District_4 Sector 15,School Building,District_4,22.081015673742872,80.11884738928477,423571.51,319812.36,84.2,72.1,2024-04-27,2025-02-19,,13,24.0,VEND_056,0
WRK00127,Bridge at District_8 Sector 11,Bridge,District_8,20.618226724451663,78.62780376369115,1249460.79,828317.0,89.5,66.6,2023-09-29,2024-03-03,,14,18.4,VEND_022,0
WRK00128,Water Supply at District_3 Sector 12,Water Supply,District_3,20.962437888620524,78.84567160702048,2557591.12,2228122.66,94.5,90.2,2024-01-25,2024-06-23,,14,5.0,VEND_058,0
WRK00129,Bridge at District_10 Sector 15,Bridge,District_10,22.690875007867486,80.72877732549999,9181802.18,5072763.82,60.9,57.0,2024-05-03,2025-01-22,,2,26.9,VEND_054,0
WRK00130,Irrigation Canal at District_4 Sector 16,Irrigation Canal,District_4,22.099560265525724,80.12565999055386,2772236.14,2658734.98,90.2,100.0,2024-02-05,2024-11-23,,13,42.3,VEND_026,0
WRK00131,Anganwadi Center at District_8 Sector 30,Anganwadi Center,District_8,20.601401109351297,78.58913869208907,445702.19,271586.79,68.6,61.3,2023-09-28,2024-07-05,,6,29.2,VEND_043,0
WRK00132,Bridge at District_11 Sector 20,Bridge,District_11,20.886453593492107,78.85355054164347,10488238.51,6583537.18,63.3,59.8,2023-02-23,2023-11-04,,8,7.5,VEND_029,0
WRK00133,Water Supply at District_12 Sector 19,Water Supply,District_12,20.91802958388284,78.83046572850124,1118804.49,1163193.66,100.0,100.0,2023-04-24,2024-01-28,2024-01-12,5,16.7,VEND_048,0
WRK00134,Community Hall at District_10 Sector 27,Community Hall,District_10,22.680237792749825,80.77335906253545,5594841.86,4611015.28,66.8,81.1,2023-04-07,2024-03-27,,12,12.8,VEND_042,0
WRK00135,Irrigation Canal at District_5 Sector 8,Irrigation Canal,District_5,22.749427662123264,80.70201282510003,2920716.37,627754.54,36.5,22.3,2023-09-02,2024-04-21,,7,19.9,VEND_007,0
WRK00136,Bridge at District_9 Sector 7,Bridge,District_9,20.29186005016837,78.40479993751127,12780233.3,12817796.13,99.1,100.0,2024-02-06,2024-06-22,2024-06-17,13,23.3,VEND_042,0
WRK00137,Bridge at District_11 Sector 17,Bridge,District_11,20.94390292894541,78.83134984915573,9367148.51,5694031.39,64.5,59.6,2023-03-15,2023-08-28,,6,16.5,VEND_029,0
WRK00138,Drainage at District_3 Sector 29,Drainage,District_3,20.84249572529238,78.93559885114956,1210278.54,1135714.93,91.5,94.1,2023-08-13,2024-02-04,,5,25.0,VEND_015,0
WRK00139,Drainage at District_11 Sector 15,Drainage,District_11,20.999875708890237,78.90661732532014,1019410.85,121280.39,25.1,11.6,2023-03-07,2024-01-08,,5,12.9,VEND_030,0
WRK00140,Community Hall at District_8 Sector 23,Community Hall,District_8,20.503273463214345,78.53659930415779,3112224.33,1942443.18,56.5,65.1,2023-11-03,2024-10-16,,13,18.3,VEND_029,0
WRK00141,Water Supply at District_6 Sector 27,Water Supply,District_6,20.02776801142543,78.01546957850785,6091532.6,3265500.38,45.8,51.8,2023-10-04,2024-11-03,,3,10.7,VEND_052,0
WRK00142,Anganwadi Center at District_2 Sector 9,Anganwadi Center,District_2,21.84199613025664,79.81184776943596,5515748.5,1240582.02,29.4,23.0,2023-05-15,2024-02-23,,14,24.0,VEND_012,0
WRK00143,Road Construction at District_9 Sector 31,Road Construction,District_9,20.270913932539887,78.28172652029428,570332.37,483977.74,80.4,86.9,2024-02-22,2024-12-15,,4,16.1,VEND_009,0
WRK00144,Community Hall at District_4 Sector 24,Community Hall,District_4,22.04265839589163,80.05298893955371,12822594.43,8366151.82,79.6,66.9,2023-05-19,2024-02-07,,5,17.8,VEND_046,0
WRK00145,Water Supply at District_7 Sector 30,Water Supply,District_7,19.92732003600342,77.93688053505714,5427918.41,4428396.13,71.9,81.4,2023-01-03,2023-07-24,,14,25.5,VEND_006,0
WRK00146,Water Supply at District_2 Sector 6,Water Supply,District_2,21.718954324084592,79.68278283457906,897747.91,236656.51,37.3,26.0,2023-04-05,2023-12-25,,7,12.7,VEND_058,0
WRK00147,Water Supply at District_2 Sector 16,Water Supply,District_2,21.81604248231623,79.81193003954643,582453.81,552413.82,87.7,97.8,2023-05-03,2023-08-27,,11,16.9,VEND_028,0
WRK00148,School Building at District_3 Sector 37,School Building,District_3,20.909763151573987,78.88911576532827,2332538.59,1578009.46,64.1,64.8,2024-02-06,2024-11-08,,5,25.3,VEND_014,0
WRK00149,Drainage at District_5 Sector 3,Drainage,District_5,22.7162006262095,80.66199049556906,559812.59,521802.5,88.5,90.0,2023-03-22,2023-11-01,,12,5.0,VEND_014,0
WRK00150,Road Construction at District_7 Sector 3,Road Construction,District_7,20.05389216778726,77.93900621275792,589991.72,478774.52,70.7,79.3,2023-11-06,2024-08-08,,3,29.7,VEND_052,0
WRK00151,Irrigation Canal at District_3 Sector 34,Irrigation Canal,District_3,20.826444238280754,78.92515243341884,471963.72,168039.5,35.2,35.6,2024-01-10,2024-08-18,,3,31.7,VEND_024,0
WRK00152,Drainage at District_10 Sector 32,Drainage,District_10,22.67466986520144,80.76364413843774,5694929.63,2190139.51,33.7,36.8,2024-01-04,2024-06-20,,8,27.5,VEND_055,0
WRK00153,Anganwadi Center at District_2 Sector 24,Anganwadi Center,District_2,21.744993222313784,79.79486689544797,6466571.87,4396919.71,69.5,69.5,2023-08-25,2024-01-30,,3,13.0,VEND_023,0
WRK00154,Anganwadi Center at District_8 Sector 36,Anganwadi Center,District_8,20.606756172593407,78.62250103367109,968428.27,613216.68,72.3,66.5,2024-01-21,2024-07-01,,9,5.0,VEND_043,0
WRK00155,Irrigation Canal at District_4 Sector 21,Irrigation Canal,District_4,22.16142104061401,80.06802483045563,3081375.29,2035266.53,62.2,69.2,2023-06-24,2024-05-11,,2,5.0,VEND_052,0
WRK00156,Community Hall at District_3 Sector 5,Community Hall,District_3,20.908921259876205,78.8375470014661,2974087.43,991450.13,30.2,31.9,2023-09-23,2024-08-25,,5,15.1,VEND_038,0
WRK00157,Community Hall at District_5 Sector 6,Community Hall,District_5,22.7118413058394,80.79514537311371,560109.8,314863.82,61.7,57.1,2023-08-13,2024-02-15,,4,26.4,VEND_009,0
WRK00158,Anganwadi Center at District_4 Sector 4,Anganwadi Center,District_4,22.106329835513886,80.07081598215969,8845673.54,6329935.91,85.9,74.8,2023-06-16,2023-12-13,,4,39.2,VEND_005,0
WRK00159,Bridge at District_1 Sector 28,Bridge,District_1,21.152973489224937,79.17353638466501,557728.0,356954.93,64.4,62.7,2024-01-23,2024-08-26,,13,14.8,VEND_021,0
WRK00160,Water Supply at District_3 Sector 35,Water Supply,District_3,20.890522224423034,78.85901230356146,4383828.87,2886304.72,75.1,64.6,2023-05-11,2024-03-30,,5,12.3,VEND_005,0
WRK00161,Drainage at District_11 Sector 18,Drainage,District_11,20.875412629013493,78.94464279081615,3137245.78,1970815.85,53.7,62.5,2023-12-11,2024-04-13,,5,37.1,VEND_037,0
WRK00162,Irrigation Canal at District_2 Sector 13,Irrigation Canal,District_2,21.803520956366366,79.74118998416783,5706470.31,2341865.5,44.0,42.8,2023-12-04,2024-09-07,,2,28.4,VEND_027,0
WRK00163,Community Hall at District_10 Sector 39,Community Hall,District_10,22.67743077745178,80.70360088209586,10495971.13,6332881.88,70.9,60.2,2023-08-25,2023-12-18,,10,8.8,VEND_044,0
WRK00164,Road Construction at District_2 Sector 6,Road Construction,District_2,21.804771951924387,79.67818121683763,2616883.23,1886028.65,87.2,74.4,2024-04-05,2024-12-23,,8,30.2,VEND_006,0
WRK00165,Road Construction at District_8 Sector 8,Road Construction,District_8,20.613692119915424,78.58496177075766,2040186.36,1134692.6,62.0,57.5,2024-01-02,2024-06-06,,9,19.6,VEND_020,0
WRK00166,Community Hall at District_5 Sector 29,Community Hall,District_5,22.6795175535816,80.70461770191272,626447.96,483274.06,65.8,73.5,2023-04-26,2024-05-12,,8,5.0,VEND_017,0
WRK00167,School Building at District_5 Sector 15,School Building,District_5,22.708508847159596,80.67689364624138,6475695.22,2899825.97,59.8,42.9,2024-05-11,2024-09-11,,8,32.2,VEND_032,0
WRK00168,Drainage at District_9 Sector 4,Drainage,District_9,20.333689719683388,78.34302648539807,1292523.35,1020631.65,79.9,80.4,2024-05-07,2025-05-16,,13,24.1,VEND_034,0
WRK00169,Irrigation Canal at District_3 Sector 3,Irrigation Canal,District_3,20.910979246358995,78.88706470491572,4833874.82,4111410.8720452883,8.845202682529914,85.05414445228203,2024-01-10,2024-08-18,,6,6.9,VEND_014,1
WRK00170,Drainage at District_2 Sector 32,Drainage,District_2,21.744084709139674,79.7807724944991,8885007.06,5466445.13,59.0,64.4,2023-06-08,2023-11-24,,10,13.1,VEND_002,0
WRK00171,Drainage at District_1 Sector 24,Drainage,District_1,21.219668843512704,79.13015189711244,1021425.76,852969.52,85.5,87.8,2023-08-11,2024-03-06,,2,17.9,VEND_054,0
WRK00172,Irrigation Canal at District_5 Sector 31,Irrigation Canal,District_5,22.711778493531995,80.74359671832597,11624084.11,3313155.24,43.7,29.1,2023-11-26,2024-04-24,,9,38.1,VEND_022,0
WRK00173,Bridge at District_9 Sector 9,Bridge,District_9,20.336242733577812,78.37110531749617,2023047.25,1285376.63,70.3,61.8,2023-12-22,2024-06-29,,7,5.0,VEND_042,0
WRK00174,Road Construction at District_1 Sector 23,Road Construction,District_1,21.16084100691424,79.14315387092948,4106379.54,1494225.61,34.0,37.6,2023-05-03,2024-04-25,,4,9.2,VEND_055,0
WRK00175,Bridge at District_6 Sector 8,Bridge,District_6,20.030146847187762,77.99349869692507,1275964.4,852256.81,67.9,64.2,2024-04-07,2024-12-10,,2,12.2,VEND_033,0
WRK00176,Road Construction at District_10 Sector 8,Road Construction,District_10,22.554142005965147,80.75951528517551,10086268.05,4531816.29,58.7,46.9,2023-11-04,2024-08-17,,9,30.3,VEND_051,0
WRK00177,Water Supply at District_7 Sector 21,Water Supply,District_7,19.997244895047885,77.94038023347788,11665622.37,7659359.75,79.6,65.9,2024-04-29,2024-08-04,,6,11.4,VEND_044,0
WRK00178,Bridge at District_2 Sector 22,Bridge,District_2,21.880211455234253,79.79833526302416,460424.9,188972.61,39.5,40.3,2024-03-01,2024-11-28,,10,5.0,VEND_009,0
WRK00179,Road Construction at District_6 Sector 13,Road Construction,District_6,19.962391956596623,77.95454485556984,1037652.81,597912.66,69.9,55.7,2023-02-05,2023-12-25,,11,22.2,VEND_050,0
WRK00180,Water Supply at District_1 Sector 22,Water Supply,District_1,21.139865170704947,79.18568169320675,621273.25,365153.52,59.6,57.7,2023-02-27,2023-12-27,,8,24.9,VEND_017,0
WRK00181,Bridge at District_6 Sector 5,Bridge,District_6,19.9784770833269,78.039827201526,2349545.41,2103872.08,98.9,88.2,2023-09-18,2024-04-26,2024-04-08,11,22.2,VEND_027,0
WRK00182,School Building at District_3 Sector 14,School Building,District_3,20.908531253926988,78.87197752655985,2472297.06,1162783.89,49.3,47.0,2024-02-28,2024-11-08,,11,11.9,VEND_044,0
WRK00183,Road Construction at District_2 Sector 37,Road Construction,District_2,21.827266163098354,79.81158302221182,5503431.91,4600361.849028523,19.38505981415903,83.59078342859925,2023-05-04,2024-03-25,,5,42.1,VEND_044,1
WRK00184,School Building at District_1 Sector 13,School Building,District_1,21.221700491172506,79.21259272076475,2420357.29,1357501.67,63.1,54.2,2023-02-15,2024-03-17,,8,7.4,VEND_009,0
WRK00185,School Building at District_12 Sector 20,School Building,District_12,20.899490194218746,78.97951094028109,2332261.77,1373158.65,51.8,56.4,2024-01-30,2024-10-02,,11,12.1,VEND_058,0
WRK00186,Anganwadi Center at District_4 Sector 8,Anganwadi Center,District_4,22.033326284063293,80.02640938243378,2349359.22,1606832.11,69.1,65.3,2023-07-26,2024-07-15,,4,26.6,VEND_012,0
WRK00187,Water Supply at District_1 Sector 28,Water Supply,District_1,21.236841826546,79.17687221418377,890660.73,686610.02,70.9,78.3,2023-09-11,2024-07-06,,5,12.4,VEND_039,0
WRK00188,Road Construction at District_5 Sector 10,Road Construction,District_5,22.73302212832742,80.72489614671348,12500456.39,8486182.04,80.3,70.5,2023-08-03,2024-02-15,,14,23.7,VEND_018,0
WRK00189,Anganwadi Center at District_10 Sector 18,Anganwadi Center,District_10,22.609489333945657,80.66986403184849,11567933.05,11590105.58,99.4,100.0,2023-12-09,2025-01-09,2025-02-24,8,18.3,VEND_037,0
WRK00190,Road Construction at District_5 Sector 17,Road Construction,District_5,22.726534696901236,80.69019978510775,854124.72,498566.33,59.8,60.2,2023-01-20,2023-12-11,,5,19.7,VEND_023,0
WRK00191,School Building at District_12 Sector 37,School Building,District_12,20.854243767026023,78.92036319468679,4505285.75,4131500.43,85.4,91.7,2023-01-13,2023-07-12,,11,15.3,VEND_019,0
WRK00192,Drainage at District_1 Sector 37,Drainage,District_1,21.209755198657145,79.23147020030511,2542936.56,2324831.67,80.7,87.7,2024-03-23,2024-07-28,,11,5.0,VEND_059,0
WRK00193,Drainage at District_6 Sector 39,Drainage,District_6,19.914275705225194,77.96430902513906,592546.74,481360.38,93.0,84.6,2023-01-18,2023-12-03,,12,22.1,VEND_025,0
WRK00194,Road Construction at District_11 Sector 29,Road Construction,District_11,20.945561902228444,78.90992893103409,10125513.16,6921964.81,67.2,68.9,2023-07-16,2023-10-28,,13,25.6,VEND_030,0
WRK00195,Water Supply at District_1 Sector 1,Water Supply,District_1,21.203383562903134,79.19859911075521,487982.49,729999.7669373712,73.4,100.0,2023-03-17,2023-12-20,,9,43.4,VEND_047,1
WRK00196,Anganwadi Center at District_6 Sector 14,Anganwadi Center,District_6,19.96005971275535,77.98242376324283,8849892.61,8253777.92,90.2,89.4,2023-09-21,2024-02-28,,12,47.0,VEND_034,0
WRK00197,Community Hall at District_5 Sector 11,Community Hall,District_5,22.665286811887597,80.65286600427343,416881.83,279012.57,63.7,69.6,2024-02-12,2024-10-16,,8,9.2,VEND_053,0
WRK00198,Bridge at District_4 Sector 36,Bridge,District_4,22.116626615654884,80.05952731354513,1021328.01,576341.19,46.1,56.5,2023-12-26,2024-08-18,,4,26.0,VEND_006,0
WRK00199,Road Construction at District_11 Sector 19,Road Construction,District_11,20.81453869480449,78.86308117095615,977582.44,500884.58,59.0,49.3,2023-06-07,2024-04-03,,7,20.5,VEND_042,0
WRK00200,Road Construction at District_8 Sector 34,Road Construction,District_8,20.630150342671335,78.5813295531588,563864.85,181541.7,45.0,31.0,2023-06-19,2024-02-02,,3,18.8,VEND_019,0
WRK00201,School Building at District_12 Sector 13,School Building,District_12,20.927449143703843,78.93630491807232,9844391.9,5151883.83,68.5,53.6,2023-01-31,2023-10-16,,5,20.1,VEND_023,0
WRK00202,School Building at District_3 Sector 28,School Building,District_3,20.87302324090394,78.89115704032136,546879.87,312228.02,59.1,55.5,2023-07-09,2023-12-28,,14,26.1,VEND_026,0
WRK00203,Community Hall at District_12 Sector 24,Community Hall,District_12,20.948979267057798,78.96458432328293,540502.29,356087.12,65.2,64.4,2023-02-16,2023-05-26,,3,5.1,VEND_038,0
WRK00204,Irrigation Canal at District_12 Sector 1,Irrigation Canal,District_12,20.90429967403738,78.86029782291506,2045537.74,1952845.52,76.6,94.1,2024-03-10,2024-07-08,,9,24.9,VEND_012,0
WRK00205,School Building at District_11 Sector 23,School Building,District_11,20.979141472338664,78.85382601100333,6220071.9,2899254.66,46.9,44.5,2023-02-16,2023-12-23,,11,11.9,VEND_037,0
WRK00206,School Building at District_3 Sector 10,School Building,District_3,20.9246148455969,78.86897406896757,410793.81,337152.21,88.3,80.0,2023-12-31,2025-01-02,,2,26.8,VEND_029,0
WRK00207,Water Supply at District_11 Sector 30,Water Supply,District_11,20.84087747138968,78.91659977467285,2747709.85,303541.68,17.5,11.2,2023-08-04,2024-05-16,,13,18.1,VEND_021,0
WRK00208,School Building at District_2 Sector 16,School Building,District_2,21.830422586821484,79.78928625287227,12596227.91,5821530.38,43.2,48.2,2023-09-06,2024-08-22,,2,21.3,VEND_059,0
WRK00209,Bridge at District_4 Sector 9,Bridge,District_4,22.194309457927805,80.07267311034857,2725547.87,2416877.44,87.1,89.3,2023-09-06,2024-01-22,,6,23.6,VEND_052,0
WRK00210,School Building at District_10 Sector 28,School Building,District_10,22.74855031679796,80.62098303410772,834569.08,525235.22,56.5,65.8,2023-03-27,2023-12-02,,11,45.7,VEND_050,0
WRK00211,Road Construction at District_1 Sector 35,Road Construction,District_1,21.184694047577,79.17548889249807,2293379.36,1567878.09,72.4,68.4,2024-03-02,2024-10-23,,9,20.1,VEND_059,0
WRK00212,Bridge at District_5 Sector 14,Bridge,District_5,22.741320365494662,80.71396207769668,1243167.41,863382.66,72.3,70.0,2023-08-27,2023-12-29,,10,42.3,VEND_031,0
WRK00213,Water Supply at District_4 Sector 38,Water Supply,District_4,22.162888947543472,80.15701266404722,4912618.12,1531979.27,20.6,32.4,2023-05-06,2023-08-16,,3,30.0,VEND_051,0
WRK00214,Bridge at District_2 Sector 14,Bridge,District_2,21.81303771920706,79.79831982800219,590562.84,509239.71,81.7,90.1,2023-01-24,2023-06-17,,14,34.8,VEND_045,0
WRK00215,School Building at District_11 Sector 27,School Building,District_11,20.890570693349698,78.94058678549983,464404.36,468883.31,95.0,100.0,2024-05-10,2024-12-08,,4,26.2,VEND_045,0
WRK00216,Anganwadi Center at District_6 Sector 8,Anganwadi Center,District_6,19.940740770973385,77.89067790106247,2371764.95,2484326.64,96.4,100.0,2023-10-05,2024-09-29,,6,16.5,VEND_032,0
WRK00217,Water Supply at District_12 Sector 6,Water Supply,District_12,20.974004960185695,78.95596985809992,8336871.53,3515592.4,43.0,41.1,2023-09-21,2024-09-08,,14,35.9,VEND_054,0
WRK00218,Community Hall at District_12 Sector 8,Community Hall,District_12,20.92522223238312,78.86504890734481,11786747.16,7935661.74,80.8,68.5,2023-11-12,2024-02-28,,12,26.8,VEND_057,0
WRK00219,Irrigation Canal at District_1 Sector 3,Irrigation Canal,District_1,21.233427767162837,79.25615473152207,6494168.48,2221577.44,31.8,34.3,2024-01-14,2024-09-14,,4,8.4,VEND_003,0
WRK00220,Water Supply at District_6 Sector 33,Water Supply,District_6,19.967789587480677,78.02943516391076,1160108.01,491442.04,51.0,44.1,2023-11-25,2024-04-21,,10,22.9,VEND_032,0
WRK00221,Drainage at District_12 Sector 29,Drainage,District_12,20.87321425636153,78.85494829853725,910868.99,901298.86,87.2,98.1,2023-10-24,2024-01-26,,11,13.7,VEND_027,0
WRK00222,Drainage at District_11 Sector 39,Drainage,District_11,20.80694031577472,78.88596332995748,825189.87,861840.15,87.7,100.0,2023-07-04,2024-05-31,,3,19.8,VEND_014,0
WRK00223,Road Construction at District_12 Sector 37,Road Construction,District_12,20.95137905352769,78.84908422338194,11862529.03,5387254.63,45.3,47.5,2023-07-11,2024-06-13,,12,18.7,VEND_053,0
WRK00224,Irrigation Canal at District_8 Sector 33,Irrigation Canal,District_8,20.551419061349353,78.63698462542064,5246500.1,3359360.13,55.8,62.0,2024-02-14,2024-07-14,,2,14.6,VEND_004,0
WRK00225,Anganwadi Center at District_8 Sector 15,Anganwadi Center,District_8,20.558620787963267,78.57947330059925,5156500.15,643371.69,28.2,12.8,2023-11-18,2024-09-14,,7,6.9,VEND_009,0
WRK00226,Bridge at District_1 Sector 2,Bridge,District_1,21.164862252008938,79.1612957057509,1081658.12,643405.9,65.3,61.6,2023-03-23,2024-02-26,,6,23.3,VEND_054,0
WRK00227,Drainage at District_12 Sector 15,Drainage,District_12,20.90182403778071,78.79841902156686,5726238.88,10125281.362507656,100.0,100.0,2023-11-16,2024-07-26,2024-07-07,3,19.0,VEND_048,1
WRK00228,School Building at District_7 Sector 13,School Building,District_7,20.042397937173185,78.06888681181374,2312282.61,1598705.01,65.0,71.5,2023-03-10,2023-11-18,,10,12.4,VEND_033,0
WRK00229,Bridge at District_7 Sector 2,Bridge,District_7,19.99389580560143,77.89037282545964,2356526.36,1832662.69,76.1,78.1,2023-10-02,2024-08-01,,13,32.2,VEND_037,0
WRK00230,Road Construction at District_9 Sector 25,Road Construction,District_9,20.317939804195312,78.3452629700747,4990163.13,5237453.31,99.1,100.0,2023-08-27,2023-12-07,2023-12-17,2,14.1,VEND_045,0
WRK00231,Drainage at District_6 Sector 29,Drainage,District_6,20.02776200371397,77.91442634201347,1229483.12,942434.38,75.9,74.2,2023-12-15,2024-12-27,,3,38.9,VEND_012,0
WRK00232,Road Construction at District_5 Sector 29,Road Construction,District_5,22.681429113195897,80.75411759648959,1025545.08,739847.35,69.9,71.1,2023-03-24,2023-07-19,,7,30.5,VEND_054,0
WRK00233,Road Construction at District_6 Sector 19,Road Construction,District_6,20.030722006144625,78.03156191640336,2514003.97,1926224.73,80.7,80.4,2024-04-20,2025-04-04,,10,16.9,VEND_037,0
WRK00234,Bridge at District_10 Sector 15,Bridge,District_10,22.72498940521479,80.61604447861882,1209629.69,843116.91,72.8,69.7,2024-03-19,2024-11-27,,8,28.4,VEND_051,0
WRK00235,Drainage at District_7 Sector 3,Drainage,District_7,20.017947822032575,78.00230290692886,9141681.16,4394266.57,46.2,47.8,2024-04-24,2025-01-20,,14,5.0,VEND_018,0
WRK00236,Bridge at District_9 Sector 15,Bridge,District_9,20.33199680829004,78.37367065407209,11150759.85,4436004.19,48.7,41.0,2024-03-19,2025-01-19,,8,33.7,VEND_012,0
WRK00237,Community Hall at District_9 Sector 3,Community Hall,District_9,20.2956520012197,78.31699042872452,945525.18,919553.65,93.2,95.7,2024-03-07,2025-02-16,,13,11.7,VEND_059,0
WRK00238,Water Supply at District_3 Sector 27,Water Supply,District_3,20.935649871267252,78.81959070943942,631737.25,215233.48,26.7,35.0,2023-08-15,2024-01-16,,7,34.1,VEND_024,0
WRK00239,Water Supply at District_11 Sector 12,Water Supply,District_11,20.95894772892958,78.85512535145727,3118955.15,789854.15,38.4,25.0,2024-02-07,2024-11-11,,2,14.0,VEND_024,0
WRK00240,Water Supply at District_6 Sector 4,Water Supply,District_6,19.9660510342824,77.99962163516844,604458.83,286908.96,51.3,45.8,2023-08-25,2024-06-25,,11,22.1,VEND_035,0
WRK00241,School Building at District_8 Sector 20,School Building,District_8,20.667653678877105,78.67331014098127,4637811.64,2157238.31,45.3,44.8,2023-12-02,2024-07-29,,8,31.4,VEND_052,0
WRK00242,Bridge at District_3 Sector 1,Bridge,District_3,20.96037125141556,78.88353953008206,12353666.87,19310577.44832271,76.8,100.0,2023-07-16,2024-07-03,,10,10.4,VEND_028,0
WRK00243,Anganwadi Center at District_7 Sector 21,Anganwadi Center,District_7,20.082017704694916,77.97431818696425,3214992.93,1167521.37,27.0,37.3,2023-11-18,2024-03-09,,5,19.8,VEND_059,0
WRK00244,Road Construction at District_5 Sector 7,Road Construction,District_5,22.652473189640713,80.69100299560584,9776407.7,4687707.77,58.1,46.6,2024-02-08,2024-11-30,,7,21.2,VEND_024,0
WRK00245,Anganwadi Center at District_7 Sector 4,Anganwadi Center,District_7,19.99900491645467,77.96721282687838,483523.46,352984.99,74.7,72.8,2023-10-05,2024-06-22,,5,35.7,VEND_034,0
WRK00246,Road Construction at District_12 Sector 37,Road Construction,District_12,20.922699781572348,78.96164318716545,980282.56,356898.7,35.3,36.4,2024-01-18,2024-09-10,,12,17.6,VEND_014,0
WRK00247,Community Hall at District_1 Sector 30,Community Hall,District_1,21.136025160204305,79.14839838774192,2996896.51,2645363.36,84.1,88.0,2024-03-17,2025-03-22,,13,23.9,VEND_055,0
WRK00248,Road Construction at District_8 Sector 9,Road Construction,District_8,20.54439778728204,78.64176884969511,2556581.83,1237874.07,73.0,50.1,2024-04-17,2024-08-12,,10,18.9,VEND_053,0
WRK00249,Road Construction at District_2 Sector 9,Road Construction,District_2,21.796261553921763,79.74298965716744,5285120.49,5142385.93832536,13.766731924751632,97.29931319551355,2023-11-21,2024-03-21,,5,21.8,VEND_021,1
WRK00250,Bridge at District_4 Sector 39,Bridge,District_4,22.108982334039005,80.07073107490135,6337394.54,5832954.94,100.0,89.9,2023-09-27,2024-05-14,2024-05-24,31,53.374933302535624,VEND_005,1
WRK00251,Irrigation Canal at District_7 Sector 5,Irrigation Canal,District_7,19.97986085294469,77.95277885607985,5925988.46,5521882.903588566,8.800817769843064,93.18079069611564,2023-06-18,2024-07-21,,9,5.0,VEND_038,1
WRK00252,Irrigation Canal at District_4 Sector 22,Irrigation Canal,District_4,22.152302612552397,80.07650673753902,4112410.61,1845262.91,44.0,47.1,2023-04-11,2024-04-05,,8,21.1,VEND_046,0
WRK00253,School Building at District_8 Sector 19,School Building,District_8,20.6319379690838,78.61657708475668,2848931.71,1113581.53,51.1,38.2,2023-11-01,2024-02-15,,2,14.6,VEND_050,0
WRK00254,Irrigation Canal at District_10 Sector 11,Irrigation Canal,District_10,22.787632377727547,80.74128568207126,5156997.34,3903689.31,76.5,74.6,2023-04-12,2024-03-23,,8,46.3,VEND_037,0
WRK00255,Bridge at District_1 Sector 30,Bridge,District_1,21.223274838708313,79.14945655410719,4613390.66,3686491.98,75.0,83.5,2024-01-15,2024-06-17,,2,20.1,VEND_037,0
WRK00256,School Building at District_5 Sector 18,School Building,District_5,22.677525828511513,80.77397951868255,2947545.26,1917375.5,54.7,63.5,2023-05-17,2024-06-01,,2,25.6,VEND_041,0
WRK00257,Bridge at District_7 Sector 25,Bridge,District_7,19.96782194375247,77.98701929843271,861928.44,316596.93,45.4,38.5,2024-02-26,2024-09-30,,11,5.0,VEND_001,0
WRK00258,Water Supply at District_1 Sector 4,Water Supply,District_1,21.171511187069417,79.16828345032373,937285.12,492477.01,54.3,54.4,2023-03-14,2023-10-14,,4,27.8,VEND_019,0
WRK00259,Water Supply at District_4 Sector 25,Water Supply,District_4,22.022963275186797,80.1149459076292,3176708.63,2139376.47,65.2,64.3,2023-07-18,2023-11-18,,9,5.0,VEND_033,0
WRK00260,Community Hall at District_12 Sector 39,Community Hall,District_12,20.94903366471637,78.94852489904319,555767.88,360825.79,62.8,67.3,2023-10-09,2024-05-16,,7,20.8,VEND_040,0
WRK00261,School Building at District_8 Sector 18,School Building,District_8,20.629019798242933,78.63659066971604,10839056.93,5367894.8,53.6,48.7,2023-11-03,2024-09-06,,3,18.4,VEND_049,0
WRK00262,School Building at District_3 Sector 24,School Building,District_3,20.912169945820025,78.85890541142285,12996950.18,8052250.08,67.5,64.8,2023-10-05,2023-12-04,,4,26.3,VEND_025,0
WRK00263,Water Supply at District_8 Sector 13,Water Supply,District_8,20.54569632086938,78.53713087625093,903818.59,638726.96,66.3,70.9,2024-04-01,2024-12-21,,11,9.3,VEND_054,0
WRK00264,Community Hall at District_3 Sector 32,Community Hall,District_3,20.787858618919476,78.83389020169564,603718.99,447049.73,72.9,75.4,2024-05-10,2024-09-29,,9,31.4,VEND_039,0
WRK00265,Anganwadi Center at District_11 Sector 10,Anganwadi Center,District_11,20.925575685095957,78.90708283486956,628345.28,310918.51,48.6,52.0,2024-02-02,2024-10-09,,6,13.6,VEND_009,0
WRK00266,Community Hall at District_10 Sector 8,Community Hall,District_10,22.63948006361086,80.74894206706186,9285752.37,7173584.0,81.2,76.7,2024-04-08,2024-12-22,,14,14.6,VEND_012,0
WRK00267,School Building at District_8 Sector 24,School Building,District_8,20.657129461139508,78.6010018645433,604881.99,441832.64,55.3,70.4,2023-04-08,2024-01-25,,4,23.6,VEND_044,0
WRK00268,Community Hall at District_2 Sector 33,Community Hall,District_2,21.891547714437827,79.74901199073092,4151767.96,2533702.0,69.5,59.3,2024-04-26,2025-01-11,,14,29.0,VEND_054,0
WRK00269,Drainage at District_7 Sector 10,Drainage,District_7,19.93247892909723,77.98441802830251,2262608.9,2215719.77,88.6,97.0,2024-03-03,2025-03-31,,8,5.0,VEND_005,0
WRK00270,Water Supply at District_2 Sector 28,Water Supply,District_2,21.762463769086747,79.88213301467181,4198763.91,2502342.4,59.1,58.1,2024-01-15,2024-12-02,,7,24.2,VEND_052,0
WRK00271,Drainage at District_9 Sector 13,Drainage,District_9,20.24151619994878,78.3377430946237,9173361.33,0.0,14.7,0.0,2023-07-19,2024-02-15,,4,21.1,VEND_023,0
WRK00272,Drainage at District_4 Sector 28,Drainage,District_4,22.03654551925701,80.09862833229082,11949529.91,6611443.14,65.6,52.8,2023-07-08,2023-09-06,,3,40.3,VEND_054,1
WRK00273,School Building at District_1 Sector 36,School Building,District_1,21.19733485655044,79.19846280838698,631070.1,416591.76,71.4,65.1,2023-12-03,2024-10-25,,10,43.0,VEND_013,0
WRK00274,Water Supply at District_11 Sector 11,Water Supply,District_11,20.890218883459614,78.91296438207675,553651.55,511708.76,93.4,95.1,2024-03-08,2024-11-06,,8,33.8,VEND_048,0
WRK00275,Bridge at District_6 Sector 1,Bridge,District_6,19.99704788913475,78.11951113553259,1023015.86,605019.14,40.8,59.4,2024-04-01,2024-11-04,,6,32.5,VEND_005,0
WRK00276,Irrigation Canal at District_10 Sector 5,Irrigation Canal,District_10,22.622608358363003,80.68673199458429,4843724.27,3957640.7,86.2,84.0,2023-01-04,2023-10-10,,4,16.5,VEND_018,0
WRK00277,Drainage at District_10 Sector 19,Drainage,District_10,22.74936236764917,80.6716643487345,5134035.45,3020178.59,72.6,56.2,2024-01-08,2024-09-23,,3,24.0,VEND_016,0
WRK00278,School Building at District_2 Sector 13,School Building,District_2,21.800661833640085,79.836786668014,897709.79,636355.9,70.5,69.7,2023-01-28,2024-02-19,,9,23.6,VEND_026,0
WRK00279,Road Construction at District_3 Sector 27,Road Construction,District_3,20.90695558698808,78.8952058198717,11555813.99,9961474.61,90.2,89.2,2023-10-25,2024-08-13,,11,22.0,VEND_059,0
WRK00280,Community Hall at District_4 Sector 27,Community Hall,District_4,22.126142188037452,80.14444915902023,513544.75,193279.44,46.3,39.1,2023-02-01,2023-06-30,,10,8.6,VEND_008,0
WRK00281,Bridge at District_6 Sector 24,Bridge,District_6,19.96640761301194,77.98421052569225,11606844.39,11928246.1,100.0,100.0,2023-09-11,2024-08-01,2024-07-15,6,22.6,VEND_011,0
WRK00282,Anganwadi Center at District_6 Sector 12,Anganwadi Center,District_6,19.957733976751122,78.04295230290889,2918850.56,2315442.19,90.4,83.5,2023-11-16,2024-03-05,,11,5.0,VEND_021,0
WRK00283,Road Construction at District_10 Sector 3,Road Construction,District_10,22.67667917469963,80.6445598512531,414228.3,305560.06,79.8,70.5,2023-02-05,2023-04-06,,13,21.5,VEND_043,1
WRK00284,Irrigation Canal at District_1 Sector 19,Irrigation Canal,District_1,21.166746913981918,79.24686884834598,419159.67,369434.47,91.6,86.3,2023-04-05,2024-03-08,,9,25.9,VEND_041,0
WRK00285,Road Construction at District_5 Sector 39,Road Construction,District_5,22.739059060261187,80.75263222088078,5268085.44,2919523.7,67.6,57.3,2023-01-03,2023-10-13,,14,22.4,VEND_005,0
WRK00286,Community Hall at District_12 Sector 11,Community Hall,District_12,20.938976471038572,78.91436453805183,2243786.83,877257.35,48.5,38.5,2023-05-25,2024-02-27,,2,21.9,VEND_033,0
WRK00287,Road Construction at District_7 Sector 10,Road Construction,District_7,20.012132213566193,78.02783083328387,3153423.87,2431097.62,72.4,77.7,2024-01-16,2024-12-22,,13,20.5,VEND_004,0
WRK00288,Road Construction at District_3 Sector 3,Road Construction,District_3,20.84375353224489,78.96328874625833,597662.2,485939.89,61.2,85.5,2023-12-17,2025-01-12,,9,22.6,VEND_020,0
WRK00289,School Building at District_11 Sector 7,School Building,District_11,20.94178074639431,78.89430418034735,869502.54,442672.41,46.8,50.2,2023-12-14,2024-11-12,,12,13.9,VEND_026,0
WRK00290,Road Construction at District_3 Sector 37,Road Construction,District_3,20.886826137491045,78.82715072896094,2165682.89,1733816.41,76.1,81.5,2023-03-24,2023-11-08,,14,23.4,VEND_034,0
WRK00291,Anganwadi Center at District_9 Sector 17,Anganwadi Center,District_9,20.254114551274988,78.24058055727008,9727684.96,7334143.52,65.8,72.0,2023-10-06,2024-03-31,,12,28.6,VEND_016,0
WRK00292,Water Supply at District_12 Sector 1,Water Supply,District_12,20.91900116495243,78.85064724227315,477187.12,330161.49,78.8,67.9,2023-02-20,2023-08-13,,9,12.8,VEND_029,0
WRK00293,School Building at District_11 Sector 23,School Building,District_11,20.828897411692992,78.85890823517963,12757710.97,9801748.39,86.2,75.8,2024-01-17,2024-07-25,,3,30.2,VEND_042,0
WRK00294,Drainage at District_7 Sector 33,Drainage,District_7,20.058174790715324,77.98468989605142,426314.4,315586.01,74.6,77.2,2023-06-11,2024-03-23,,10,14.5,VEND_038,0
WRK00295,Community Hall at District_1 Sector 15,Community Hall,District_1,21.23520740708199,79.1487410402778,488186.22,487550.7,89.2,100.0,2023-08-05,2024-05-13,,11,34.3,VEND_045,0
WRK00296,Water Supply at District_12 Sector 13,Water Supply,District_12,20.807793977441623,78.91275410219339,479793.49,300219.66,77.3,65.7,2024-04-16,2024-11-30,,5,35.1,VEND_005,0
WRK00297,Anganwadi Center at District_2 Sector 13,Anganwadi Center,District_2,21.77576346192255,79.82728968799249,4729736.0,2306636.99,42.0,50.9,2023-11-05,2024-07-02,,2,22.6,VEND_001,0
WRK00298,Water Supply at District_12 Sector 19,Water Supply,District_12,20.916847833803008,78.85780950107377,3058592.75,2606002.02,88.0,87.6,2023-10-30,2024-11-11,,7,29.7,VEND_017,0
WRK00299,Road Construction at District_9 Sector 15,Road Construction,District_9,20.267627028576026,78.38221508551167,531166.88,239388.08,43.2,45.8,2023-06-25,2024-03-15,,13,15.1,VEND_010,0
WRK00300,Road Construction at District_3 Sector 1,Road Construction,District_3,20.898053539975756,78.88434788570369,10948124.26,6151714.23,61.5,58.4,2024-02-02,2025-01-30,,12,8.7,VEND_020,0
WRK00301,Water Supply at District_3 Sector 5,Water Supply,District_3,20.861684232519213,78.88001399718551,11389714.01,9782775.54,91.1,85.2,2023-08-29,2024-01-20,,10,6.4,VEND_019,0
WRK00302,School Building at District_9 Sector 29,School Building,District_9,20.248574787952936,78.28914281934618,1020520.94,574954.62,53.3,58.3,2023-03-09,2023-06-07,,13,19.4,VEND_026,0
WRK00303,Road Construction at District_8 Sector 38,Road Construction,District_8,20.627512687151686,78.70308995763658,943371.95,724902.43,75.3,79.2,2024-04-22,2024-09-01,,13,9.9,VEND_033,0
WRK00304,Anganwadi Center at District_12 Sector 29,Anganwadi Center,District_12,20.932380698860978,78.89129127188895,11493167.84,6759562.58,61.8,56.4,2023-03-11,2023-08-22,,14,27.7,VEND_007,0
WRK00305,Community Hall at District_1 Sector 35,Community Hall,District_1,21.208275773100837,79.23894148585606,2654279.81,1618811.65,66.3,60.9,2024-02-22,2024-10-23,,13,20.2,VEND_030,0
WRK00306,Road Construction at District_9 Sector 3,Road Construction,District_9,20.28012583325353,78.30281028265445,2067977.47,646620.37,43.4,30.4,2023-09-13,2024-05-06,,5,27.6,VEND_051,0
WRK00307,Drainage at District_4 Sector 29,Drainage,District_4,22.02658681200656,80.08838163803115,438547.72,215679.1,46.7,47.2,2023-07-21,2024-02-05,,37,45.65957502334418,VEND_034,1
WRK00308,Irrigation Canal at District_3 Sector 2,Irrigation Canal,District_3,20.764809115996332,78.86892690162112,482196.4,215669.48,63.9,45.8,2023-10-08,2024-05-22,,6,10.7,VEND_003,0
WRK00309,School Building at District_11 Sector 2,School Building,District_11,20.901500326926545,78.88584183355567,589136.74,133085.58,34.3,22.5,2023-12-06,2024-05-25,,6,19.9,VEND_003,0
WRK00310,Anganwadi Center at District_2 Sector 12,Anganwadi Center,District_2,21.786038954039416,79.75174936376102,405110.75,364518.05,100.0,94.6,2024-03-27,2024-07-19,2024-08-31,7,19.8,VEND_006,0
WRK00311,Road Construction at District_10 Sector 22,Road Construction,District_10,22.67445827204735,80.64631487936411,6416909.91,3098563.88,44.1,48.7,2024-02-12,2024-09-25,,6,17.4,VEND_048,0
WRK00312,Water Supply at District_10 Sector 30,Water Supply,District_10,22.719949095035116,80.74124689448071,10210742.79,2573024.99,34.7,24.7,2023-06-20,2024-04-23,,4,16.3,VEND_019,0
WRK00313,Drainage at District_9 Sector 16,Drainage,District_9,20.2979828806733,78.19024081267389,1105012.25,555351.84,57.8,49.0,2023-07-04,2023-11-11,,6,29.4,VEND_054,0
WRK00314,Anganwadi Center at District_5 Sector 24,Anganwadi Center,District_5,22.70039970147744,80.69423325025964,2897719.74,2950276.47,100.0,100.0,2023-01-15,2023-10-07,2023-10-24,27,58.277556499091006,VEND_042,1
WRK00315,Anganwadi Center at District_2 Sector 33,Anganwadi Center,District_2,21.870173519238374,79.78295517102775,11047146.84,5842166.8,52.0,52.8,2024-01-13,2024-12-31,,4,39.3,VEND_007,0
WRK00316,Water Supply at District_8 Sector 1,Water Supply,District_8,20.603198885568442,78.58132785168252,4383820.74,3348562.14,84.6,80.3,2023-02-24,2023-09-19,,12,5.0,VEND_010,0
WRK00317,Community Hall at District_8 Sector 6,Community Hall,District_8,20.636061268639992,78.67308995837736,4386111.61,3034893.75,60.4,66.6,2023-10-24,2024-04-02,,5,5.9,VEND_020,0
WRK00318,Water Supply at District_8 Sector 2,Water Supply,District_8,20.62457262949698,78.70319472678283,612991.26,438306.02,83.7,71.4,2023-02-27,2023-10-17,,13,31.0,VEND_048,0
WRK00319,Water Supply at District_12 Sector 31,Water Supply,District_12,20.930537107789807,78.79312497019598,2888836.69,1879974.59,55.0,62.1,2023-09-15,2024-06-18,,8,33.1,VEND_051,0
WRK00320,Water Supply at District_1 Sector 17,Water Supply,District_1,21.236645427871878,79.21327643245583,435112.54,187727.67,45.9,43.6,2024-01-16,2024-06-26,,5,34.4,VEND_016,0
WRK00321,Community Hall at District_9 Sector 30,Community Hall,District_9,20.353965782821607,78.28842766011556,5004246.94,3375160.32,77.7,68.2,2024-02-01,2024-10-30,,11,36.5,VEND_046,0
WRK00322,School Building at District_5 Sector 11,School Building,District_5,22.727293941886956,80.64816885504177,843400.22,749084.9,86.5,89.4,2024-02-07,2024-07-27,,2,24.5,VEND_008,0
WRK00323,Irrigation Canal at District_1 Sector 21,Irrigation Canal,District_1,21.232840926336007,79.16363161296705,4357991.84,2617381.49,46.6,59.1,2023-01-03,2023-06-18,,5,6.8,VEND_037,0
WRK00324,Anganwadi Center at District_1 Sector 6,Anganwadi Center,District_1,21.278059326658823,79.19066209325979,2199673.08,984729.64,38.3,45.8,2023-07-02,2024-06-16,,6,28.6,VEND_050,0
WRK00325,Community Hall at District_5 Sector 19,Community Hall,District_5,22.71760014769688,80.69229833417121,1121364.87,1132450.5,97.1,100.0,2023-12-03,2024-04-15,,4,25.7,VEND_035,0
WRK00326,Road Construction at District_4 Sector 27,Road Construction,District_4,22.15169047206995,80.01479501871762,1067189.22,803871.29,73.2,77.8,2024-02-07,2024-11-23,,5,27.2,VEND_045,0
WRK00327,School Building at District_4 Sector 20,School Building,District_4,22.091506275821015,80.16906395077794,2371661.91,1900430.35,74.8,81.6,2024-03-05,2025-03-22,,4,27.8,VEND_010,0
WRK00328,Water Supply at District_11 Sector 14,Water Supply,District_11,20.897749567982775,78.8695816252048,1254172.84,814288.25,76.2,65.5,2023-04-17,2023-12-10,,13,40.5,VEND_008,0
WRK00329,Water Supply at District_12 Sector 12,Water Supply,District_12,20.915450117804284,79.00161685123553,9481273.68,4997405.03,54.1,53.7,2023-11-02,2024-02-11,,6,38.0,VEND_017,0
WRK00330,Road Construction at District_11 Sector 14,Road Construction,District_11,21.024636943331924,78.87862227593352,10435227.47,10907198.1,84.4,100.0,2023-08-01,2023-11-27,,4,34.6,VEND_023,0
WRK00331,Road Construction at District_9 Sector 17,Road Construction,District_9,20.217611142944776,78.37340409113327,5879876.27,2523259.54,49.7,45.1,2023-09-29,2024-10-30,,7,5.0,VEND_034,0
WRK00332,Community Hall at District_12 Sector 23,Community Hall,District_12,20.864932792511805,78.91741015079725,5675232.94,3245579.01,47.3,55.7,2023-06-15,2024-05-22,,7,40.2,VEND_045,0
WRK00333,Drainage at District_11 Sector 29,Drainage,District_11,20.961347043821796,78.9315400082073,3168354.03,2003273.78,62.5,61.1,2024-02-05,2024-11-03,,8,17.4,VEND_049,0
WRK00334,Drainage at District_10 Sector 29,Drainage,District_10,22.63269693360775,80.62220802941675,2946149.37,1416487.31,59.5,47.7,2023-12-21,2024-09-04,,14,16.1,VEND_058,0
WRK00335,School Building at District_3 Sector 8,School Building,District_3,20.97147659872842,78.91283472495216,4527984.3,3043842.94,72.0,70.1,2023-08-09,2024-03-29,,4,10.9,VEND_015,0
WRK00336,Anganwadi Center at District_11 Sector 12,Anganwadi Center,District_11,20.920122037667173,78.87852636770528,10557655.68,5860117.12,65.2,56.4,2023-02-12,2024-01-02,,7,21.4,VEND_017,0
WRK00337,Anganwadi Center at District_1 Sector 9,Anganwadi Center,District_1,21.228358535350985,79.10337054895297,2110487.79,1515569.79,77.2,71.7,2023-06-13,2023-12-17,,5,13.7,VEND_040,0
WRK00338,Community Hall at District_4 Sector 30,Community Hall,District_4,22.07758551131779,80.04749139401596,3022269.91,2656730.629953438,20.850230186335246,87.90514113788856,2023-12-07,2024-07-29,2024-09-10,12,5.0,VEND_039,1
WRK00339,Water Supply at District_2 Sector 28,Water Supply,District_2,21.760512195993762,79.7650373950918,10624055.94,4191820.19,40.5,40.1,2023-12-11,2024-12-22,,10,12.2,VEND_041,0
WRK00340,Road Construction at District_4 Sector 1,Road Construction,District_4,22.09107140160531,80.12984729486544,563272.52,439060.08,74.4,79.8,2023-09-30,2024-07-17,,3,12.2,VEND_005,0
WRK00341,Irrigation Canal at District_4 Sector 6,Irrigation Canal,District_4,22.122247103127233,80.12276492192082,566524.89,492845.96,78.9,86.4,2024-01-30,2024-11-10,,12,33.9,VEND_014,0
WRK00342,Community Hall at District_1 Sector 22,Community Hall,District_1,21.214104394541742,79.21235033537421,2349782.4,2308446.33,100.0,97.0,2023-03-14,2024-01-10,2023-12-29,8,15.1,VEND_043,0
WRK00343,Irrigation Canal at District_5 Sector 12,Irrigation Canal,District_5,22.67629597633168,80.62062535881344,11121811.23,10763370.73,100.0,97.1,2024-04-12,2025-01-17,2025-02-04,5,12.7,VEND_043,0
WRK00344,Anganwadi Center at District_9 Sector 28,Anganwadi Center,District_9,20.268409215545862,78.2911021222127,570639.95,312238.07,55.1,53.5,2024-03-07,2024-12-21,,10,5.0,VEND_005,0
WRK00345,Irrigation Canal at District_4 Sector 28,Irrigation Canal,District_4,22.11515241414664,80.12951602864932,2488700.77,2153206.09,83.5,87.1,2023-08-10,2024-05-13,,10,15.6,VEND_001,0
WRK00346,Drainage at District_6 Sector 19,Drainage,District_6,20.027304461541572,78.05452359955693,637313.2,474881.46,74.2,73.6,2023-10-05,2024-04-12,,10,5.0,VEND_050,0
WRK00347,Bridge at District_3 Sector 19,Bridge,District_3,20.991243950890354,78.8392171815764,503077.68,479307.32,100.0,96.1,2023-04-14,2023-07-13,2023-07-21,11,16.3,VEND_043,0
WRK00348,Water Supply at District_11 Sector 33,Water Supply,District_11,20.891438362795384,78.81702015808368,632232.5,333258.31,58.6,52.6,2024-02-29,2024-10-06,,5,23.0,VEND_055,0
WRK00349,Irrigation Canal at District_12 Sector 4,Irrigation Canal,District_12,20.858411941286857,78.90795481210945,8961570.2,4915758.88,58.9,54.7,2023-03-08,2023-10-17,,3,31.5,VEND_048,0
WRK00350,Anganwadi Center at District_6 Sector 36,Anganwadi Center,District_6,20.00916711069992,78.07801754649373,518632.52,315478.19,63.7,62.0,2023-09-13,2024-08-20,,13,17.4,VEND_033,0
WRK00351,Community Hall at District_5 Sector 4,Community Hall,District_5,22.71176448545849,80.643738824481,9730004.34,5952479.48,49.5,61.0,2024-03-09,2024-05-08,,13,25.8,VEND_009,1
WRK00352,Anganwadi Center at District_2 Sector 32,Anganwadi Center,District_2,21.791520681375136,79.73086309148506,818012.45,1218671.486456238,66.7,100.0,2023-09-13,2024-06-16,,8,47.4,VEND_006,0
WRK00353,Road Construction at District_5 Sector 5,Road Construction,District_5,22.729555325721527,80.66289932875551,888907.23,169369.02,27.6,18.4,2023-11-01,2024-04-05,,13,15.9,VEND_026,0
WRK00354,Anganwadi Center at District_5 Sector 21,Anganwadi Center,District_5,22.735705687427664,80.64081204514699,548335.03,470250.6,73.3,86.7,2023-02-04,2023-07-06,,14,25.6,VEND_008,0
WRK00355,Community Hall at District_2 Sector 39,Community Hall,District_2,21.77549308258803,79.73940451400094,1048983.78,494484.78,42.5,45.1,2023-02-15,2023-12-07,,4,23.0,VEND_031,0
WRK00356,Bridge at District_9 Sector 9,Bridge,District_9,20.316185944778955,78.3617891446497,8696986.92,4723232.7,56.7,54.6,2023-01-28,2023-11-27,,8,7.8,VEND_014,0
WRK00357,School Building at District_1 Sector 1,School Building,District_1,21.147182676824826,79.23137469483359,647610.54,340247.87,52.3,54.8,2023-08-22,2024-04-13,,14,26.6,VEND_015,0
WRK00358,Road Construction at District_3 Sector 23,Road Construction,District_3,20.81908863652408,79.02231589294553,4450884.3,1989498.53,35.1,45.9,2023-06-19,2024-04-04,,11,15.2,VEND_011,0
WRK00359,Water Supply at District_1 Sector 26,Water Supply,District_1,21.187794564073894,79.18418172884193,931893.02,646563.68,71.5,68.9,2023-11-03,2024-12-05,,4,26.7,VEND_015,0
WRK00360,Water Supply at District_10 Sector 28,Water Supply,District_10,22.73950377747361,80.62891189654765,8966926.8,7767236.58,80.1,82.9,2023-04-21,2023-11-25,,6,24.0,VEND_040,0
WRK00361,Water Supply at District_8 Sector 2,Water Supply,District_8,20.623486366986754,78.60340504817188,560093.75,468596.26933440525,18.83842951204835,83.66389900519427,2023-06-27,2023-11-29,,9,19.5,VEND_049,1
WRK00362,Water Supply at District_11 Sector 8,Water Supply,District_11,20.897227331259604,78.89799525439479,5201399.73,3032109.02,56.8,57.1,2024-04-07,2024-12-15,,5,12.4,VEND_040,0
WRK00363,Irrigation Canal at District_3 Sector 30,Irrigation Canal,District_3,20.858556241859986,78.96547628182573,946518.84,532774.76,60.2,53.8,2024-02-29,2024-09-02,,14,9.6,VEND_010,0
WRK00364,Irrigation Canal at District_6 Sector 39,Irrigation Canal,District_6,19.921814744072844,78.01097013348769,5738037.06,4275062.15,70.9,73.4,2023-05-21,2024-04-28,,13,27.4,VEND_011,0
WRK00365,Road Construction at District_2 Sector 19,Road Construction,District_2,21.787218014747612,79.78212349457228,2195301.55,1033888.69,42.5,46.0,2023-10-14,2024-10-26,,7,10.9,VEND_032,0
WRK00366,Anganwadi Center at District_11 Sector 8,Anganwadi Center,District_11,20.88475389145304,78.86548352104111,444533.54,236348.47,60.1,54.9,2023-02-06,2023-10-01,,3,22.5,VEND_020,0
WRK00367,Irrigation Canal at District_3 Sector 38,Irrigation Canal,District_3,21.01194158332072,78.97148937262352,2368800.18,1419276.31,48.2,57.6,2024-03-28,2024-12-25,,10,22.6,VEND_043,0
WRK00368,Community Hall at District_1 Sector 14,Community Hall,District_1,21.208547767609375,79.19434798145643,1213870.33,790463.6,65.1,66.7,2023-06-10,2024-06-10,,12,6.4,VEND_052,0
WRK00369,School Building at District_12 Sector 22,School Building,District_12,20.85176307784943,78.86780879930139,3108798.78,1146833.04,40.5,36.8,2024-02-04,2024-09-06,,7,25.9,VEND_048,0
WRK00370,Anganwadi Center at District_7 Sector 7,Anganwadi Center,District_7,20.109942392674117,77.99912010353722,527581.48,337246.19,62.0,61.7,2023-08-02,2023-12-14,,8,10.4,VEND_047,1
WRK00371,Water Supply at District_8 Sector 39,Water Supply,District_8,20.571690536257,78.59114932069618,518604.01,758986.7423118748,73.0,100.0,2023-07-11,2024-02-18,,5,23.8,VEND_015,1
WRK00372,Irrigation Canal at District_6 Sector 25,Irrigation Canal,District_6,20.04329085015899,78.03567302312223,4015811.62,3159710.23,86.3,81.1,2023-10-18,2024-05-22,,33,56.82109391382159,VEND_017,1
WRK00373,Drainage at District_7 Sector 12,Drainage,District_7,19.996261871829336,77.99530006128856,404851.54,309710.5,61.8,73.1,2023-05-05,2024-06-04,,7,11.8,VEND_059,0
WRK00374,School Building at District_4 Sector 14,School Building,District_4,22.0802178222937,80.07450114118328,1292926.6,819011.58,57.6,65.8,2023-11-02,2024-11-15,,10,11.8,VEND_029,0
WRK00375,Anganwadi Center at District_6 Sector 36,Anganwadi Center,District_6,20.03773218085863,78.11382693447716,8348055.01,6319708.949408877,7.470125146785507,75.70277078719054,2023-03-08,2024-03-25,,8,28.2,VEND_017,0
WRK00376,Irrigation Canal at District_12 Sector 36,Irrigation Canal,District_12,20.92824703267734,78.90854691855642,4255905.63,2632960.3,80.5,61.2,2023-03-29,2024-01-24,,4,34.7,VEND_045,0
WRK00377,Bridge at District_3 Sector 4,Bridge,District_3,20.927925759080377,78.86786082151797,5748177.02,5517107.36,87.5,95.3,2023-04-12,2023-09-23,,6,12.7,VEND_041,0
WRK00378,Road Construction at District_5 Sector 35,Road Construction,District_5,22.65000076095948,80.7178356319518,2017618.31,1197157.72,58.9,57.2,2023-04-01,2024-02-16,,6,30.2,VEND_011,0
WRK00379,Irrigation Canal at District_12 Sector 25,Irrigation Canal,District_12,20.896434196643703,78.84736084684442,5830796.06,2723731.43,44.8,47.3,2023-01-17,2023-08-18,,12,54.5,VEND_039,0
WRK00380,Drainage at District_8 Sector 11,Drainage,District_8,20.671001395889355,78.50794819163535,2897507.32,763207.75,30.3,27.2,2023-09-12,2024-04-19,,5,23.8,VEND_021,0
WRK00381,Bridge at District_4 Sector 29,Bridge,District_4,22.07201498644251,80.11805989420269,417662.68,113314.13,38.4,27.7,2024-02-28,2025-02-13,,2,6.5,VEND_053,0
WRK00382,School Building at District_6 Sector 5,School Building,District_6,19.943120300231865,77.94878688328205,5057290.36,4126914.86,77.1,77.7,2023-09-13,2024-05-14,,12,11.2,VEND_048,0
WRK00383,Drainage at District_9 Sector 31,Drainage,District_9,20.274456145583542,78.32049677924903,3070920.86,2715496.93,89.1,89.7,2023-07-22,2024-07-23,,5,43.6,VEND_008,0
WRK00384,Anganwadi Center at District_1 Sector 21,Anganwadi Center,District_1,21.219976237802257,79.18162022669199,12971393.37,10687299.47,81.4,86.0,2023-04-19,2024-04-22,,9,32.8,VEND_048,1
WRK00385,Water Supply at District_5 Sector 8,Water Supply,District_5,22.61803050472677,80.59795705746762,11440308.67,10454612.45,75.8,92.8,2023-09-24,2024-09-02,,8,17.4,VEND_008,0
WRK00386,Irrigation Canal at District_5 Sector 32,Irrigation Canal,District_5,22.756106400991744,80.68282321405871,530088.8,329250.57,62.3,61.4,2023-11-10,2024-11-06,,12,32.1,VEND_047,0
WRK00387,Drainage at District_1 Sector 15,Drainage,District_1,21.180677711888677,79.28114867243147,11092701.18,5785525.06,51.2,54.6,2023-10-03,2024-07-29,,2,39.5,VEND_050,0
WRK00388,Anganwadi Center at District_3 Sector 23,Anganwadi Center,District_3,20.958123150234098,78.93523239161104,1037028.11,776643.87,77.0,78.6,2023-02-03,2023-05-12,,12,19.2,VEND_048,0
WRK00389,Bridge at District_11 Sector 28,Bridge,District_11,20.857573751232366,78.84757041775863,1183016.7,839807.43,69.3,73.3,2024-04-19,2024-12-05,,13,34.7,VEND_039,0
WRK00390,Road Construction at District_8 Sector 35,Road Construction,District_8,20.624119311866625,78.50817448988124,9569433.28,9555722.54,87.4,99.4,2024-04-21,2025-02-21,,8,22.9,VEND_058,0
WRK00391,Community Hall at District_12 Sector 37,Community Hall,District_12,20.854940054597026,78.94338877602631,4366557.86,3546272.74,71.9,81.1,2023-10-22,2024-08-28,,7,7.3,VEND_035,0
WRK00392,Bridge at District_3 Sector 20,Bridge,District_3,20.992205820669714,78.91968624996572,4065523.39,2017528.16,57.4,49.8,2024-03-24,2025-04-15,,8,5.0,VEND_055,0
WRK00393,School Building at District_7 Sector 24,School Building,District_7,19.97948296342742,78.08461575780589,450254.04,309599.64,73.3,69.7,2023-10-18,2024-02-22,,11,11.3,VEND_011,0
WRK00394,Drainage at District_6 Sector 19,Drainage,District_6,20.02255436418519,77.98692893964134,5866502.41,3843840.38,56.1,64.9,2024-02-04,2024-10-08,,2,14.1,VEND_023,0
WRK00395,Anganwadi Center at District_5 Sector 27,Anganwadi Center,District_5,22.71298056739516,80.80458345446978,5856223.23,3683113.89,65.8,66.1,2023-01-27,2023-07-06,,3,19.7,VEND_031,0
WRK00396,School Building at District_4 Sector 38,School Building,District_4,22.072895960140276,80.05261568321804,1096103.57,384411.77,35.1,36.0,2023-04-25,2023-10-10,,6,15.6,VEND_019,0
WRK00397,Anganwadi Center at District_10 Sector 11,Anganwadi Center,District_10,22.72842047622874,80.61143975808041,5418401.4,4782531.74,85.4,90.0,2023-10-15,2024-09-18,,12,21.5,VEND_019,0
WRK00398,Anganwadi Center at District_2 Sector 24,Anganwadi Center,District_2,21.787506387045724,79.69806947467137,9906744.51,5805383.51,53.8,56.7,2023-08-18,2024-04-17,,8,5.0,VEND_039,0
WRK00399,Community Hall at District_11 Sector 9,Community Hall,District_11,20.890018408766117,78.8426048562405,5460158.36,3071551.48,50.0,56.7,2023-03-16,2023-09-17,,2,15.5,VEND_058,0
WRK00400,Bridge at District_8 Sector 37,Bridge,District_8,20.616949725523742,78.58151496273956,1295947.66,953890.4,74.0,72.5,2023-11-26,2024-11-27,,5,27.4,VEND_030,0
WRK00401,Community Hall at District_2 Sector 25,Community Hall,District_2,21.743184856855375,79.88857546412433,6425341.28,3666259.52,62.4,58.6,2024-02-19,2024-10-04,,7,39.4,VEND_017,0
WRK00402,Drainage at District_4 Sector 39,Drainage,District_4,22.06539925253839,80.13611370735889,5312305.24,2346075.02,32.4,45.2,2023-09-24,2024-09-16,,13,32.8,VEND_029,0
WRK00403,Water Supply at District_1 Sector 34,Water Supply,District_1,21.141904988920007,79.21251488363325,2568777.2,998675.83,39.7,39.3,2023-01-10,2023-12-05,,10,13.1,VEND_012,0
WRK00404,Drainage at District_5 Sector 25,Drainage,District_5,22.763502146696347,80.67333739086587,6193567.7,5688753.23,93.6,92.5,2023-09-15,2024-10-11,,3,12.5,VEND_046,0
WRK00405,Bridge at District_12 Sector 39,Bridge,District_12,20.96179992413817,78.91557046737253,12252809.72,8599439.07,80.3,68.9,2024-01-22,2024-08-26,,11,10.0,VEND_033,0
WRK00406,Drainage at District_9 Sector 8,Drainage,District_9,20.230474378318473,78.29056278934944,10515794.25,8154771.1,75.6,78.6,2023-08-29,2024-01-01,,3,28.5,VEND_002,0
WRK00407,Anganwadi Center at District_5 Sector 10,Anganwadi Center,District_5,22.630116805952742,80.65187636981595,3225015.81,1401430.3,44.6,45.4,2023-05-18,2023-10-18,,5,24.2,VEND_001,0
WRK00408,Community Hall at District_6 Sector 35,Community Hall,District_6,20.000336726705083,77.96156785975192,11620536.19,10930927.84,76.8,96.6,2024-01-20,2024-08-20,,2,17.3,VEND_048,0
WRK00409,Bridge at District_2 Sector 18,Bridge,District_2,21.81908452672398,79.79733125777857,1076881.05,787432.86,75.8,75.7,2023-01-19,2024-01-29,,9,44.3,VEND_051,0
WRK00410,Bridge at District_11 Sector 22,Bridge,District_11,20.86248904648789,78.98928103743107,8376653.31,5796497.82,70.2,66.0,2023-09-02,2024-06-28,,10,23.9,VEND_046,0
WRK00411,Irrigation Canal at District_1 Sector 34,Irrigation Canal,District_1,21.221552724629984,79.21146938307463,458863.0,211279.23,44.0,47.4,2024-03-17,2025-03-12,,8,37.6,VEND_026,0
WRK00412,Bridge at District_3 Sector 35,Bridge,District_3,20.851509096836907,78.91617325254754,3153768.32,2038413.7,69.8,65.8,2023-11-08,2024-08-23,,14,30.9,VEND_013,0
WRK00413,Road Construction at District_9 Sector 22,Road Construction,District_9,20.26494795880061,78.38007856889477,2843963.4,2055652.78,77.1,75.0,2023-06-01,2024-04-09,,8,32.7,VEND_027,0
WRK00414,Irrigation Canal at District_8 Sector 6,Irrigation Canal,District_8,20.647731389682615,78.64045587441927,6249001.64,2832744.71,43.9,46.4,2023-11-16,2024-07-20,,3,20.7,VEND_027,0
WRK00415,School Building at District_8 Sector 1,School Building,District_8,20.588190984888367,78.60943554817055,9701818.89,8014430.22,70.8,85.2,2023-01-27,2023-05-17,,10,19.9,VEND_028,0
WRK00416,Road Construction at District_6 Sector 27,Road Construction,District_6,20.015035727090886,77.9446708753106,4537689.52,944807.48,27.9,20.2,2024-04-04,2025-02-20,,6,20.2,VEND_008,0
WRK00417,Water Supply at District_8 Sector 18,Water Supply,District_8,20.662141519193412,78.60683282531268,543574.32,292731.57,51.2,54.1,2023-02-23,2023-10-10,,4,36.2,VEND_035,0
WRK00418,Water Supply at District_2 Sector 27,Water Supply,District_2,21.83957494660424,79.73715081623153,936850.2,484444.14,50.3,52.9,2024-03-13,2025-01-09,,4,25.0,VEND_009,0
WRK00419,Road Construction at District_1 Sector 1,Road Construction,District_1,21.208944585585257,79.23210764761497,6360287.79,5079728.98,62.9,76.1,2024-03-13,2025-03-29,,2,6.6,VEND_017,0
WRK00420,Water Supply at District_4 Sector 7,Water Supply,District_4,22.15222459470253,80.11812964998482,461140.71,362912.63,80.2,77.4,2023-08-24,2024-04-01,,11,21.5,VEND_029,0
WRK00421,Irrigation Canal at District_3 Sector 18,Irrigation Canal,District_3,20.923380741328383,78.92529425322677,9711575.03,6348429.68,61.4,68.2,2023-08-11,2024-08-07,,6,22.4,VEND_010,0
WRK00422,School Building at District_1 Sector 14,School Building,District_1,21.218177923253062,79.23785591843372,1250590.71,1261892.2,88.6,100.0,2023-11-02,2024-06-15,,9,20.4,VEND_009,0
WRK00423,Water Supply at District_6 Sector 7,Water Supply,District_6,19.994216357876027,78.00948202495113,8350800.5,4821708.43,56.4,57.1,2023-11-03,2024-09-25,,6,15.8,VEND_019,0
WRK00424,Anganwadi Center at District_5 Sector 1,Anganwadi Center,District_5,22.782944858380564,80.55938265032471,11729721.78,5059442.35,42.9,42.5,2024-03-30,2025-02-17,,10,28.5,VEND_014,0
WRK00425,Drainage at District_6 Sector 2,Drainage,District_6,19.97301058484935,78.0393542221049,1021588.99,262765.65,33.7,26.5,2023-01-19,2023-10-16,,10,23.1,VEND_022,0
WRK00426,Water Supply at District_3 Sector 33,Water Supply,District_3,20.847804411270527,78.87640701761393,3236799.88,2670281.76,82.6,82.5,2023-07-27,2024-02-27,,2,11.6,VEND_030,0
WRK00427,Water Supply at District_2 Sector 38,Water Supply,District_2,21.80850121571273,79.78818751836882,453586.36,246604.61,56.0,57.2,2023-10-12,2024-06-28,,11,11.3,VEND_001,0
WRK00428,Road Construction at District_10 Sector 38,Road Construction,District_10,22.652753308218994,80.61886163348667,5638728.42,5686832.36,100.0,100.0,2023-05-18,2024-02-02,2024-02-06,7,38.5,VEND_010,0
WRK00429,Community Hall at District_4 Sector 8,Community Hall,District_4,22.094883395128335,80.07769371958236,5227704.57,4160393.09,70.5,81.1,2024-02-12,2024-05-17,,5,10.6,VEND_027,0
WRK00430,Community Hall at District_6 Sector 16,Community Hall,District_6,20.005045076757355,77.96883854082769,9043634.42,3751944.11,50.8,40.6,2023-08-05,2023-11-17,,3,14.1,VEND_028,0
WRK00431,Water Supply at District_6 Sector 20,Water Supply,District_6,20.0132658840039,77.96284397962228,2634636.05,2015533.3,79.3,78.6,2023-07-13,2024-07-28,,11,27.9,VEND_054,0
WRK00432,School Building at District_7 Sector 31,School Building,District_7,20.013417949400925,78.03626620315733,5760080.68,2945168.81,58.0,51.6,2024-05-05,2024-12-08,,12,14.4,VEND_011,0
WRK00433,Road Construction at District_8 Sector 7,Road Construction,District_8,20.570823831060448,78.68182126061708,966106.39,669239.98,70.7,72.0,2023-12-05,2024-11-15,,12,19.5,VEND_026,1
WRK00434,Community Hall at District_6 Sector 8,Community Hall,District_6,20.056474115647397,77.9839232107673,950730.83,558981.98,58.5,57.2,2023-10-23,2024-03-03,,2,5.0,VEND_005,0
WRK00435,School Building at District_10 Sector 35,School Building,District_10,22.66094287538586,80.74499129160641,515761.7,302868.42,59.6,58.7,2023-12-10,2024-09-20,,3,18.1,VEND_056,0
WRK00436,Drainage at District_10 Sector 28,Drainage,District_10,22.63848699262007,80.64746680503835,4594660.09,3315365.89,70.0,74.0,2023-04-13,2023-11-26,,8,13.9,VEND_042,0
WRK00437,School Building at District_7 Sector 14,School Building,District_7,19.950651012210198,77.97268378207437,2484375.67,2105122.44,71.0,83.9,2024-03-20,2024-10-08,,6,10.1,VEND_008,0
WRK00438,Drainage at District_11 Sector 27,Drainage,District_11,20.980043756183854,78.91000026541091,649928.71,402660.85,58.2,63.4,2023-06-11,2023-11-17,,10,11.5,VEND_004,0
WRK00439,Anganwadi Center at District_3 Sector 23,Anganwadi Center,District_3,20.901578283364493,78.8825807824469,2623536.16,1923477.52,71.3,71.8,2023-11-13,2024-05-10,,14,20.1,VEND_031,0
WRK00440,Bridge at District_2 Sector 30,Bridge,District_2,21.71371825874277,79.64447559674403,5164021.28,8215454.000704333,87.8,100.0,2023-01-20,2023-08-18,,6,24.5,VEND_035,1
WRK00441,Road Construction at District_12 Sector 28,Road Construction,District_12,20.901263141554917,78.92713381732803,3099720.57,1396927.94,55.8,45.1,2023-11-27,2024-07-21,,6,14.3,VEND_032,0
WRK00442,Drainage at District_10 Sector 8,Drainage,District_10,22.680665817875585,80.69912830515256,5577570.36,1859027.3,17.9,32.9,2023-11-19,2024-04-04,,8,6.2,VEND_023,0
WRK00443,Bridge at District_1 Sector 9,Bridge,District_1,21.273486188225426,79.17070931965822,3000839.77,1650912.36,55.9,54.0,2023-01-25,2023-10-26,,9,6.8,VEND_037,0
WRK00444,Anganwadi Center at District_3 Sector 7,Anganwadi Center,District_3,20.859419997440394,78.81927593729549,12293365.6,6440803.85,44.6,54.2,2023-09-18,2024-03-01,,11,10.0,VEND_034,0
WRK00445,Bridge at District_3 Sector 13,Bridge,District_3,20.8978395086552,78.94340883898634,959125.28,463067.15,50.2,50.4,2023-10-18,2024-01-25,,4,40.4,VEND_055,0
WRK00446,Water Supply at District_7 Sector 7,Water Supply,District_7,20.060587445359808,77.92670542524833,3014851.88,1412835.56,60.5,47.8,2023-06-01,2024-06-08,,12,25.1,VEND_012,1
WRK00447,Irrigation Canal at District_4 Sector 24,Irrigation Canal,District_4,22.055027988021546,80.08337016696142,4257748.68,1791432.91,41.2,42.7,2023-08-15,2023-11-15,,10,9.6,VEND_055,0
WRK00448,Anganwadi Center at District_3 Sector 18,Anganwadi Center,District_3,20.92891990990084,78.92614976641237,2272686.48,1418830.93,70.4,65.4,2023-09-18,2024-07-09,,10,16.5,VEND_041,0
WRK00449,Drainage at District_8 Sector 20,Drainage,District_8,20.591407060050653,78.65896689048596,5329447.11,1893606.82,43.0,36.3,2023-02-08,2023-07-11,,13,26.1,VEND_029,0
WRK00450,Anganwadi Center at District_8 Sector 13,Anganwadi Center,District_8,20.57771602219734,78.4958879378185,3098891.81,2632561.33,68.7,85.5,2023-08-22,2024-06-02,,7,10.4,VEND_031,0
WRK00451,Road Construction at District_1 Sector 35,Road Construction,District_1,21.16122964379948,79.22502322624926,531198.79,462000.99,88.9,89.8,2023-06-04,2024-03-10,,9,22.8,VEND_008,0
WRK00452,Bridge at District_3 Sector 39,Bridge,District_3,20.94139691337236,78.90935709933852,461446.17,432429.8,87.5,97.0,2023-03-17,2024-04-19,,10,30.6,VEND_053,0
WRK00453,Water Supply at District_6 Sector 7,Water Supply,District_6,20.086571437551616,78.02681507161041,2343356.92,1271126.34,70.1,56.8,2023-01-29,2023-10-16,,9,23.7,VEND_054,0
WRK00454,Water Supply at District_4 Sector 14,Water Supply,District_4,22.062154506361747,80.09193852844095,555893.79,391397.42,72.1,71.9,2023-01-21,2023-08-09,,7,11.7,VEND_056,0
WRK00455,Irrigation Canal at District_7 Sector 17,Irrigation Canal,District_7,20.056155105513046,78.10325121288504,8747558.7,6168263.12,77.2,69.9,2023-02-22,2023-09-08,,7,22.5,VEND_051,0
WRK00456,Road Construction at District_12 Sector 15,Road Construction,District_12,20.90629180276104,78.8795267223744,3171700.4,2196940.39,71.8,70.4,2024-02-20,2024-08-18,,7,5.0,VEND_002,0
WRK00457,Road Construction at District_7 Sector 33,Road Construction,District_7,20.00740894389357,78.02808309039014,6154562.75,4874041.39,76.7,78.3,2023-04-26,2024-01-15,,11,5.6,VEND_051,0
WRK00458,Drainage at District_2 Sector 37,Drainage,District_2,21.813781839116455,79.77527115589191,885876.57,504102.48,63.7,59.2,2023-07-31,2024-05-05,,2,30.8,VEND_048,0
WRK00459,Anganwadi Center at District_10 Sector 18,Anganwadi Center,District_10,22.70248703327223,80.6553633895381,476708.46,247879.13,51.1,54.5,2023-02-23,2023-10-04,,10,5.0,VEND_047,0
WRK00460,Irrigation Canal at District_12 Sector 28,Irrigation Canal,District_12,20.915102057755014,78.93904657890546,9097520.75,8678930.73,98.5,100.0,2023-06-15,2024-02-08,2024-03-27,4,14.9,VEND_037,0
WRK00461,Irrigation Canal at District_1 Sector 6,Irrigation Canal,District_1,21.161162442319682,79.25467672941082,1217472.21,137485.63,12.5,11.6,2023-06-15,2023-10-07,,13,28.2,VEND_006,0
WRK00462,Water Supply at District_12 Sector 20,Water Supply,District_12,20.94102996474988,78.96260217818494,962376.06,737968.35,79.3,73.1,2023-01-02,2023-09-12,,9,8.8,VEND_008,0
WRK00463,Water Supply at District_11 Sector 37,Water Supply,District_11,20.918803676584787,78.8095881222498,2932852.27,1081543.9,44.8,36.4,2023-07-03,2023-12-17,,3,30.2,VEND_003,0
WRK00464,Bridge at District_9 Sector 14,Bridge,District_9,20.35475770406563,78.26346437623994,5260525.75,2888871.91,57.2,57.8,2023-01-03,2024-01-29,,8,9.5,VEND_004,0
WRK00465,Drainage at District_2 Sector 5,Drainage,District_2,21.789088327772642,79.78523597636399,2715611.97,1691576.46,51.5,61.2,2024-03-23,2025-02-06,,9,19.5,VEND_058,0
WRK00466,Water Supply at District_9 Sector 39,Water Supply,District_9,20.361942494233674,78.30195225427822,928652.33,389892.44,51.3,43.4,2023-09-29,2024-07-29,,4,21.0,VEND_004,0
WRK00467,Anganwadi Center at District_5 Sector 24,Anganwadi Center,District_5,22.765236584991076,80.65120808313826,9225501.41,6877394.0,71.1,74.9,2023-08-14,2023-12-25,,14,20.0,VEND_003,0
WRK00468,School Building at District_5 Sector 14,School Building,District_5,22.75378528124132,80.81559155628214,849382.43,818603.76,97.1,100.0,2023-10-08,2024-05-19,,3,20.4,VEND_012,0
WRK00469,Bridge at District_2 Sector 25,Bridge,District_2,21.78100490879457,79.78699617302725,1002513.36,689392.43,65.2,71.6,2023-07-22,2024-06-11,,11,25.9,VEND_034,0
WRK00470,Bridge at District_4 Sector 4,Bridge,District_4,22.064610106841567,80.13269931161174,10303806.33,5863430.15,63.3,59.3,2023-05-11,2024-05-02,,10,24.8,VEND_029,0
WRK00471,Road Construction at District_8 Sector 13,Road Construction,District_8,20.604069391821255,78.55317010911948,3094770.79,1548732.25,54.2,51.6,2024-01-11,2025-02-13,,9,24.6,VEND_035,0
WRK00472,Bridge at District_5 Sector 24,Bridge,District_5,22.690896053532573,80.55651899875726,963940.46,805697.19,67.3,79.9,2023-01-25,2024-01-26,,13,20.0,VEND_049,0
WRK00473,Drainage at District_11 Sector 8,Drainage,District_11,20.89583336865017,78.9023313421397,11598420.01,6368522.21,52.1,56.0,2023-10-16,2024-08-31,,4,5.0,VEND_023,0
WRK00474,Bridge at District_12 Sector 37,Bridge,District_12,20.980814087678183,78.90883938188816,4767828.23,2526761.16,43.0,51.1,2023-10-05,2024-06-07,,9,27.3,VEND_045,0
WRK00475,Irrigation Canal at District_12 Sector 15,Irrigation Canal,District_12,20.85217520932118,79.002988294967,846279.47,206893.57,30.2,24.9,2023-05-12,2024-03-26,,9,19.2,VEND_038,0
WRK00476,Anganwadi Center at District_1 Sector 22,Anganwadi Center,District_1,21.219265179330133,79.14613860627627,10127077.37,8069487.11,80.1,80.9,2023-05-21,2024-06-22,,5,21.1,VEND_003,0
WRK00477,Anganwadi Center at District_1 Sector 10,Anganwadi Center,District_1,21.228510045195605,79.27063039503182,2792729.02,1380469.59,53.0,51.2,2023-02-13,2024-02-02,,13,15.2,VEND_055,0
WRK00478,Water Supply at District_10 Sector 11,Water Supply,District_10,22.617441112047224,80.68825246481127,923378.07,388979.17,38.3,41.3,2024-01-07,2024-08-22,,4,14.5,VEND_049,0
WRK00479,School Building at District_3 Sector 30,School Building,District_3,20.864300245138264,78.86086330442014,5456074.34,3785341.6,83.5,67.7,2024-03-10,2025-02-26,,5,23.9,VEND_013,0
WRK00480,Anganwadi Center at District_6 Sector 17,Anganwadi Center,District_6,20.002446241234008,77.9862345393819,6260894.25,1787105.28,33.3,28.9,2023-11-22,2024-05-21,,14,13.7,VEND_039,0
WRK00481,Road Construction at District_1 Sector 20,Road Construction,District_1,21.216792283644292,79.16318675549289,3189790.56,2734931.8,80.8,87.4,2024-03-18,2024-08-28,,7,21.4,VEND_059,0
WRK00482,Road Construction at District_10 Sector 28,Road Construction,District_10,22.752726684827103,80.71624388122035,2319534.68,2254382.82,99.2,100.0,2023-12-07,2024-10-20,2024-11-26,12,24.9,VEND_057,0
WRK00483,School Building at District_3 Sector 39,School Building,District_3,20.91195793422886,78.9261599723635,895380.48,599846.41,75.6,67.8,2023-07-21,2024-03-08,,12,5.0,VEND_008,0
WRK00484,Irrigation Canal at District_6 Sector 6,Irrigation Canal,District_6,20.043624925107153,78.055417378894,2859796.32,1046150.39,51.8,37.0,2023-02-18,2023-05-31,,11,15.6,VEND_024,0
WRK00485,Irrigation Canal at District_9 Sector 29,Irrigation Canal,District_9,20.319143556768573,78.25025963814277,1209056.46,761749.91,72.6,65.0,2024-03-24,2024-09-12,,11,37.7,VEND_020,0
WRK00486,Bridge at District_1 Sector 26,Bridge,District_1,21.216946926123104,79.32137360221688,9923973.17,5161745.08,50.2,49.9,2024-05-14,2025-01-10,,3,12.3,VEND_018,0
WRK00487,Community Hall at District_10 Sector 33,Community Hall,District_10,22.759577540632506,80.7756071779061,10214570.32,6817598.53,58.8,69.6,2024-02-10,2024-11-29,,8,9.7,VEND_003,0
WRK00488,Drainage at District_12 Sector 14,Drainage,District_12,20.898678502262964,78.95362666823551,604675.46,177315.2,26.4,28.4,2023-01-01,2023-11-16,,7,13.5,VEND_040,0
WRK00489,Road Construction at District_6 Sector 8,Road Construction,District_6,20.081392698434705,78.10112947023325,443638.1,356835.83,76.2,79.3,2024-04-23,2025-05-06,,7,36.9,VEND_038,0
WRK00490,Community Hall at District_9 Sector 4,Community Hall,District_9,20.33978605404403,78.34461866872557,413800.56,291706.88,68.8,70.4,2023-06-09,2024-05-15,,10,19.2,VEND_039,0
WRK00491,Irrigation Canal at District_1 Sector 2,Irrigation Canal,District_1,21.271700914236977,79.22521037592672,8641457.12,7154146.6,70.9,78.9,2024-04-05,2024-09-06,,11,20.0,VEND_024,0
WRK00492,Anganwadi Center at District_5 Sector 26,Anganwadi Center,District_5,22.69712151187973,80.67853543147262,1240262.49,1011849.92,67.8,83.1,2024-02-14,2024-06-27,,13,39.9,VEND_050,0
WRK00493,Water Supply at District_4 Sector 5,Water Supply,District_4,22.100266150331358,80.18909481129324,9531297.8,5598219.75,63.7,58.7,2023-04-24,2023-07-30,,9,19.9,VEND_021,0
WRK00494,Irrigation Canal at District_11 Sector 13,Irrigation Canal,District_11,20.884168859746907,78.88746087329112,1192983.41,550687.06,51.7,46.3,2023-03-21,2023-12-19,,11,31.5,VEND_013,0
WRK00495,Irrigation Canal at District_12 Sector 36,Irrigation Canal,District_12,20.853469822265524,78.88662437390424,542548.26,137952.7,32.6,26.0,2023-11-13,2024-06-27,,13,24.4,VEND_009,0
WRK00496,Bridge at District_3 Sector 12,Bridge,District_3,20.958784270161548,78.8118457202883,12207159.26,8640653.72,79.6,69.0,2024-02-12,2024-10-19,,7,31.6,VEND_029,0
WRK00497,Community Hall at District_5 Sector 25,Community Hall,District_5,22.64573823544289,80.72527480221042,549608.15,355198.89,54.3,61.7,2023-08-06,2024-05-07,,11,26.1,VEND_008,0
WRK00498,Anganwadi Center at District_6 Sector 27,Anganwadi Center,District_6,19.939461321123744,78.04714778780549,888048.71,610562.87,64.2,69.9,2023-04-25,2024-02-14,,21,46.476143911800705,VEND_016,1
WRK00499,School Building at District_12 Sector 35,School Building,District_12,20.82462594001106,78.91576710088934,1266373.04,501266.94,46.2,40.8,2024-01-13,2024-06-27,,9,23.2,VEND_048,0
WRK00500,Community Hall at District_1 Sector 28,Community Hall,District_1,21.13350544887797,79.23638930751551,2160202.84,842173.08,50.8,38.0,2023-02-23,2024-03-23,,8,21.6,VEND_036,0
WRK00501,Anganwadi Center at District_4 Sector 31,Anganwadi Center,District_4,22.187888323334043,80.04851987025576,5421649.54,5275052.729490463,18.557760510406514,97.29608471687497,2023-02-04,2023-08-04,,9,25.6,VEND_034,1
WRK00502,Anganwadi Center at District_1 Sector 35,Anganwadi Center,District_1,21.19299622793875,79.15123818441238,2517152.09,2348278.43,94.5,97.5,2023-04-01,2023-05-31,,5,15.2,VEND_032,1
WRK00503,Water Supply at District_7 Sector 26,Water Supply,District_7,20.013459289441382,77.94694039053323,2536439.74,1858030.46,82.7,74.8,2023-05-28,2024-04-01,,14,20.2,VEND_052,0
WRK00504,Bridge at District_3 Sector 1,Bridge,District_3,20.93979359940111,78.99543951792285,2085922.88,1023717.3,50.6,48.5,2023-11-13,2024-06-27,,14,14.6,VEND_021,0
WRK00505,Irrigation Canal at District_9 Sector 27,Irrigation Canal,District_9,20.269965168611535,78.32949804226814,5053183.9,1813713.72,55.1,37.3,2023-12-29,2024-05-22,,7,20.7,VEND_007,0
WRK00506,Water Supply at District_9 Sector 17,Water Supply,District_9,20.23873346592087,78.30855569492655,599242.85,303832.59,65.2,52.9,2023-11-12,2024-10-10,,14,16.0,VEND_059,0
WRK00507,Bridge at District_11 Sector 30,Bridge,District_11,20.940604810634227,78.85062411100758,2360926.29,1266116.57,48.9,55.7,2024-04-25,2024-09-24,,12,24.6,VEND_031,0
WRK00508,School Building at District_1 Sector 24,School Building,District_1,21.198127345750834,79.16404572605558,2870051.2,2110965.97,68.3,71.2,2024-04-19,2024-10-05,,14,5.0,VEND_041,0
WRK00509,Community Hall at District_5 Sector 15,Community Hall,District_5,22.706628485494782,80.71854941124698,2206144.26,1762523.02,63.7,77.1,2024-05-08,2025-02-01,,8,23.4,VEND_045,0
WRK00510,Drainage at District_8 Sector 21,Drainage,District_8,20.59209893856266,78.62802641376364,2244096.48,1514364.42,68.3,70.3,2024-04-26,2024-06-25,,5,6.6,VEND_010,1
WRK00511,Road Construction at District_9 Sector 30,Road Construction,District_9,20.42446270845117,78.32237103556011,1227044.37,1008132.17,75.2,85.9,2023-10-23,2024-02-06,,14,22.0,VEND_006,0
WRK00512,Drainage at District_5 Sector 5,Drainage,District_5,22.621809265433903,80.73105987797265,11080436.21,7822604.72,73.1,69.3,2023-09-29,2024-08-23,,10,23.9,VEND_031,0
WRK00513,Bridge at District_10 Sector 35,Bridge,District_10,22.64725788328407,80.67239868659203,11816935.27,9635765.82,80.7,79.2,2023-06-15,2023-10-02,,12,21.7,VEND_059,1
WRK00514,Water Supply at District_4 Sector 24,Water Supply,District_4,22.123057319567994,80.11601458420036,12432002.1,8850645.93,70.8,68.1,2023-03-10,2024-01-05,,13,26.3,VEND_004,0
WRK00515,Bridge at District_11 Sector 38,Bridge,District_11,20.83694381343264,78.88919138883391,1193876.36,945200.04,74.4,81.8,2023-06-03,2024-06-05,,14,34.5,VEND_003,0
WRK00516,Bridge at District_12 Sector 27,Bridge,District_12,20.894639441552386,78.89486430266626,588221.45,587822.01,100.0,100.0,2023-04-08,2023-08-02,2023-08-16,5,15.2,VEND_005,0
WRK00517,Anganwadi Center at District_3 Sector 39,Anganwadi Center,District_3,20.680544270756755,78.93370116011582,11081535.48,1962124.73,9.6,17.1,2023-06-29,2024-04-13,,6,5.0,VEND_032,0
WRK00518,Bridge at District_4 Sector 34,Bridge,District_4,22.11819435019108,80.12924138185298,5809818.2,5789483.73,100.0,100.0,2023-10-02,2023-12-01,,3,11.5,VEND_006,1
WRK00519,Drainage at District_9 Sector 31,Drainage,District_9,20.31967079025903,78.22848733583788,10315133.16,5222043.0,54.0,52.7,2024-01-15,2024-12-24,,13,20.1,VEND_039,0
WRK00520,Irrigation Canal at District_7 Sector 29,Irrigation Canal,District_7,20.01221208716153,77.98678281513672,10069659.04,6614587.44,63.1,65.6,2024-02-04,2024-11-07,,6,25.2,VEND_046,0
WRK00521,School Building at District_10 Sector 12,School Building,District_10,22.7014127685755,80.684803266174,418673.28,151474.97,32.1,35.1,2023-11-19,2024-09-14,,5,14.7,VEND_020,0
WRK00522,School Building at District_5 Sector 10,School Building,District_5,22.656244517890265,80.65031575400786,2901147.74,2873377.32,92.4,97.2,2023-02-27,2023-07-20,,11,16.5,VEND_031,0
WRK00523,Water Supply at District_10 Sector 19,Water Supply,District_10,22.732945529224043,80.81005515693774,5633410.72,2142715.54,52.8,38.0,2023-11-07,2024-07-24,,13,26.0,VEND_017,0
WRK00524,Anganwadi Center at District_5 Sector 31,Anganwadi Center,District_5,22.711343650900638,80.75064068525977,1031137.68,554328.89,49.1,56.0,2023-02-22,2024-02-22,,14,45.7,VEND_050,0
WRK00525,Road Construction at District_11 Sector 24,Road Construction,District_11,20.89960445049376,78.87687085929717,605194.84,439261.47,68.0,74.4,2024-02-25,2024-11-21,,8,21.5,VEND_017,0
WRK00526,Community Hall at District_8 Sector 12,Community Hall,District_8,20.572827483634832,78.65736888408999,6065657.29,4710752.26,65.6,76.6,2023-08-23,2024-06-29,,9,5.0,VEND_028,0
WRK00527,Road Construction at District_2 Sector 31,Road Construction,District_2,21.710913375044946,79.85672662243486,444100.57,353661.35,76.7,81.9,2023-01-11,2023-11-17,,8,5.0,VEND_022,0
WRK00528,Water Supply at District_6 Sector 34,Water Supply,District_6,19.993508991416373,78.01940684616541,610690.57,495480.75,88.0,81.0,2024-04-25,2024-08-19,,8,18.1,VEND_042,0
WRK00529,School Building at District_10 Sector 19,School Building,District_10,22.820562201981982,80.72832043386988,415282.35,252790.75,58.1,59.1,2023-04-13,2024-03-26,,12,19.0,VEND_033,0
WRK00530,Bridge at District_8 Sector 24,Bridge,District_8,20.629256972873055,78.59728259674328,6402930.98,4519025.05,71.3,72.3,2023-10-11,2024-02-10,,9,14.0,VEND_053,0
WRK00531,Drainage at District_10 Sector 32,Drainage,District_10,22.640806606868,80.67410999986511,8046672.87,5323716.89,75.7,68.4,2023-03-11,2024-01-26,,8,31.3,VEND_038,0
WRK00532,Bridge at District_11 Sector 16,Bridge,District_11,20.95624664178523,78.85033364366377,477358.42,286678.25,60.0,61.7,2023-10-26,2024-04-10,,9,15.3,VEND_057,0
WRK00533,Bridge at District_11 Sector 15,Bridge,District_11,20.955891720027484,78.88445466639638,6040289.0,3531460.81,62.0,57.5,2024-03-22,2024-07-01,,8,24.7,VEND_054,0
WRK00534,Bridge at District_5 Sector 13,Bridge,District_5,22.73855181083799,80.67934450236017,2537783.16,1974102.82,73.8,76.5,2023-04-16,2024-01-29,,6,21.5,VEND_005,0
WRK00535,Anganwadi Center at District_2 Sector 16,Anganwadi Center,District_2,21.825383088444436,79.84826710561214,2300816.84,1074650.62,54.2,45.4,2023-02-07,2024-01-02,,5,11.9,VEND_044,0
WRK00536,Water Supply at District_7 Sector 22,Water Supply,District_7,20.046318837391663,77.9614660370164,11778482.55,6021235.59,53.4,51.1,2023-07-01,2024-01-13,,3,34.4,VEND_037,0
WRK00537,Irrigation Canal at District_5 Sector 38,Irrigation Canal,District_5,22.772305205497155,80.72848539407613,4945037.77,4617187.75,86.5,91.6,2023-09-25,2024-10-13,,10,17.3,VEND_058,0
WRK00538,Road Construction at District_7 Sector 20,Road Construction,District_7,20.05684343167253,78.06576183143721,1230618.67,566189.0,44.3,48.1,2023-06-28,2024-06-05,,3,17.1,VEND_058,0
WRK00539,Water Supply at District_11 Sector 7,Water Supply,District_11,21.000890468580295,78.90886150726341,5758098.49,3038991.29,65.4,55.2,2024-04-05,2024-07-07,,14,13.5,VEND_031,0
WRK00540,Community Hall at District_9 Sector 5,Community Hall,District_9,20.356602568360536,78.28189044329724,8664630.25,7784027.39,80.7,93.1,2023-11-18,2024-11-14,,11,29.0,VEND_013,0
WRK00541,Water Supply at District_3 Sector 17,Water Supply,District_3,20.985297013935437,78.99991444916708,1297045.23,822944.88,60.7,65.3,2023-07-03,2024-06-28,,12,24.5,VEND_048,0
WRK00542,Drainage at District_1 Sector 34,Drainage,District_1,21.1918932746678,79.20677129926229,4240192.83,2518484.04,66.1,59.1,2023-06-08,2023-11-27,,2,36.2,VEND_016,0
WRK00543,School Building at District_1 Sector 16,School Building,District_1,21.1923224838915,79.22640093398473,602046.2,414838.18,67.8,71.4,2023-02-24,2024-02-23,,14,37.1,VEND_057,0
WRK00544,School Building at District_11 Sector 32,School Building,District_11,20.837026439781194,78.8521423586096,2170587.71,1643617.63,76.8,78.2,2023-06-16,2024-06-24,,3,17.6,VEND_042,0
WRK00545,Community Hall at District_8 Sector 32,Community Hall,District_8,20.54193448976387,78.54392169693611,895947.14,537365.21,77.2,62.5,2023-03-28,2023-07-06,,10,5.0,VEND_007,0
WRK00546,Drainage at District_3 Sector 3,Drainage,District_3,20.94216724459625,78.85557076876216,858240.31,212711.35,19.5,25.1,2023-01-26,2023-11-03,,7,24.3,VEND_002,0
WRK00547,Water Supply at District_8 Sector 6,Water Supply,District_8,20.55441568618359,78.63902705547481,611182.51,292028.65,56.8,45.6,2023-05-15,2024-04-27,,2,39.1,VEND_056,0
WRK00548,Irrigation Canal at District_8 Sector 34,Irrigation Canal,District_8,20.595750509953163,78.60605189698317,638012.56,411279.81,68.5,66.9,2023-10-07,2024-05-11,,8,20.0,VEND_014,0
WRK00549,Irrigation Canal at District_1 Sector 12,Irrigation Canal,District_1,21.172311742308192,79.12989520019786,833156.41,532835.82,60.9,66.5,2023-05-04,2023-11-08,,3,18.4,VEND_019,0
WRK00550,School Building at District_9 Sector 7,School Building,District_9,20.2752087373094,78.19380625400558,1278444.3,631645.95,58.7,51.0,2023-11-23,2024-04-20,,11,36.1,VEND_028,0
WRK00551,School Building at District_8 Sector 14,School Building,District_8,20.611255836351923,78.59733285188766,4815895.03,474780.58,5.3,9.6,2024-01-02,2025-01-10,,4,18.1,VEND_050,0
WRK00552,Bridge at District_6 Sector 23,Bridge,District_6,20.03522882085288,78.03816694237658,400986.49,211592.1,45.4,53.6,2023-06-01,2024-06-13,,4,18.3,VEND_051,0
WRK00553,Community Hall at District_8 Sector 39,Community Hall,District_8,20.592664168493574,78.63067927580056,6452452.35,3947050.67,66.8,61.6,2023-07-17,2024-02-23,,4,23.5,VEND_035,0
WRK00554,Anganwadi Center at District_5 Sector 29,Anganwadi Center,District_5,22.719490336026926,80.68491596119345,1063908.2,755387.24,75.9,69.4,2023-07-13,2024-06-18,,2,19.4,VEND_042,0
WRK00555,Drainage at District_8 Sector 6,Drainage,District_8,20.63882827758558,78.59701269105197,4487096.26,3709114.74,81.6,80.3,2023-09-26,2024-05-23,,9,8.0,VEND_057,0
WRK00556,Road Construction at District_12 Sector 2,Road Construction,District_12,20.93222570443411,78.87315654335647,2846693.29,4645794.657859993,87.0,100.0,2023-07-13,2024-02-10,,8,25.0,VEND_054,1
WRK00557,School Building at District_3 Sector 6,School Building,District_3,20.93219963392656,78.93596376184603,448873.32,147577.84,43.3,32.7,2023-09-27,2024-05-09,,2,20.8,VEND_039,0
WRK00558,Drainage at District_2 Sector 14,Drainage,District_2,21.755286399792322,79.90259063779695,2542186.7,589430.57,20.9,23.8,2023-08-19,2024-08-24,,7,6.3,VEND_037,0
WRK00559,Drainage at District_6 Sector 4,Drainage,District_6,20.09060169455394,77.96571466894635,5600181.67,2931444.24,58.3,54.1,2023-01-12,2023-06-05,,8,29.9,VEND_038,0
WRK00560,School Building at District_12 Sector 38,School Building,District_12,20.89779574314461,78.88377015520516,4511799.9,4701195.07,99.8,100.0,2023-08-20,2024-03-30,2024-05-27,10,44.5,VEND_029,0
WRK00561,Bridge at District_9 Sector 7,Bridge,District_9,20.28631924726477,78.28928777283146,5761072.58,4957270.98,94.0,83.5,2023-01-28,2023-12-07,,7,15.2,VEND_002,0
WRK00562,Water Supply at District_10 Sector 16,Water Supply,District_10,22.75008546100074,80.74721611760592,8176947.71,7087505.51,80.6,84.6,2023-01-13,2023-08-13,,11,24.1,VEND_046,0
WRK00563,School Building at District_9 Sector 36,School Building,District_9,20.308502276428033,78.34459487877535,10803643.93,3047858.16,43.8,27.2,2024-02-24,2025-01-20,,8,34.5,VEND_055,0
WRK00564,Anganwadi Center at District_11 Sector 14,Anganwadi Center,District_11,20.998100283192112,78.89785294585216,601123.59,203973.74,51.4,35.0,2024-02-03,2025-02-16,,10,13.6,VEND_043,0
WRK00565,Road Construction at District_11 Sector 1,Road Construction,District_11,20.889782028173183,78.988174615528,577355.2,291021.25,44.3,52.2,2023-06-24,2024-06-13,,4,13.6,VEND_030,0
WRK00566,Irrigation Canal at District_1 Sector 8,Irrigation Canal,District_1,21.280712304718744,79.2273479757508,4577252.55,4621915.21,100.0,100.0,2023-10-28,2024-04-09,2024-04-19,6,8.0,VEND_045,0
WRK00567,School Building at District_7 Sector 6,School Building,District_7,19.961610222013427,78.00170789717704,2586861.91,1844749.22,65.7,72.5,2024-02-27,2025-01-13,,7,30.1,VEND_032,0
WRK00568,Anganwadi Center at District_11 Sector 27,Anganwadi Center,District_11,20.9032987251553,78.98571901601784,9420330.96,6730975.21,82.1,71.5,2024-03-14,2024-12-26,,11,17.8,VEND_037,0
WRK00569,Road Construction at District_12 Sector 14,Road Construction,District_12,20.94242032244814,78.92770807425411,5249704.16,2676146.92,50.0,51.1,2023-06-24,2024-01-01,,9,21.5,VEND_055,0
WRK00570,Water Supply at District_7 Sector 28,Water Supply,District_7,19.91846711888753,78.0705381427156,508144.61,253157.62,52.6,47.6,2023-04-28,2023-09-28,,6,22.1,VEND_038,0
WRK00571,School Building at District_3 Sector 7,School Building,District_3,20.899581618614054,78.86691878037682,1031410.57,974781.22,94.7,92.2,2023-09-14,2024-07-18,,9,20.2,VEND_031,0
WRK00572,Bridge at District_4 Sector 30,Bridge,District_4,22.14469091767788,80.06685738889315,434162.99,357389.98,82.3,81.5,2023-10-02,2024-07-12,,2,17.6,VEND_028,0
WRK00573,Road Construction at District_2 Sector 38,Road Construction,District_2,21.748163657662065,79.77346665551305,2259602.81,1504435.61,55.3,65.1,2023-02-23,2023-05-24,,10,11.5,VEND_027,0
WRK00574,Bridge at District_8 Sector 8,Bridge,District_8,20.612056984600002,78.58661864675518,1017002.34,559846.03,53.6,55.3,2023-09-01,2024-09-18,,6,20.1,VEND_037,0
WRK00575,Road Construction at District_9 Sector 19,Road Construction,District_9,20.271844996125985,78.32385597689397,1191428.86,670278.66,66.0,56.9,2023-05-10,2023-09-01,,3,19.2,VEND_055,0
WRK00576,Irrigation Canal at District_5 Sector 23,Irrigation Canal,District_5,22.598576529058423,80.7268408728299,2748932.41,1951628.59,62.6,68.6,2023-11-18,2024-06-15,,5,5.0,VEND_042,0
WRK00577,Community Hall at District_11 Sector 12,Community Hall,District_11,20.931122052337972,78.84226990433642,8765615.56,7375949.17,89.7,82.0,2023-05-05,2024-03-03,,3,14.5,VEND_055,0
WRK00578,Water Supply at District_6 Sector 29,Water Supply,District_6,19.972039876313715,77.94273860145566,1036019.47,756460.89,67.2,75.1,2023-02-19,2023-12-30,,4,12.8,VEND_042,0
WRK00579,Road Construction at District_4 Sector 5,Road Construction,District_4,22.149538086728395,80.20487553070222,3082802.4,2443391.33,90.3,78.7,2024-02-04,2024-09-05,,9,20.8,VEND_016,0
WRK00580,Water Supply at District_6 Sector 10,Water Supply,District_6,20.097421327705057,77.99690163934828,1032623.67,789163.12,84.5,73.6,2024-05-10,2025-05-04,,13,15.0,VEND_028,0
WRK00581,School Building at District_1 Sector 19,School Building,District_1,21.193920070482672,79.17822971862863,12245768.11,11578666.97,93.8,95.1,2023-10-18,2024-03-05,,5,5.0,VEND_014,0
WRK00582,Community Hall at District_8 Sector 23,Community Hall,District_8,20.531887526006628,78.66277886829596,12387312.63,6279577.15,48.1,53.1,2024-04-04,2025-02-27,,10,31.9,VEND_045,0
WRK00583,Road Construction at District_10 Sector 10,Road Construction,District_10,22.732071649236683,80.70044659365554,437376.19,405024.67,100.0,95.4,2023-01-07,2023-08-30,2023-09-06,5,28.1,VEND_027,0
WRK00584,Road Construction at District_5 Sector 12,Road Construction,District_5,22.65796881464179,80.75378177006395,475672.89,285959.87,65.7,61.5,2024-05-14,2024-11-04,,2,37.1,VEND_042,0
WRK00585,Road Construction at District_10 Sector 28,Road Construction,District_10,22.78054504682072,80.73122742129442,2733831.77,1410438.07,51.8,52.9,2023-03-03,2023-06-11,,8,26.8,VEND_031,0
WRK00586,School Building at District_9 Sector 4,School Building,District_9,20.280481783770018,78.25526230063159,580405.38,600131.87,100.0,100.0,2023-10-07,2024-10-24,2024-10-26,14,24.2,VEND_009,0
WRK00587,Water Supply at District_5 Sector 18,Water Supply,District_5,22.719265797573673,80.69949915524418,9148657.63,7474352.7,88.4,78.2,2023-03-06,2023-10-22,,9,30.8,VEND_043,0
WRK00588,Drainage at District_7 Sector 25,Drainage,District_7,19.930921041323547,77.99093900868472,2874140.47,1455464.4,60.0,51.0,2023-01-16,2023-09-28,,4,29.0,VEND_056,0
WRK00589,Water Supply at District_10 Sector 1,Water Supply,District_10,22.6842614025041,80.62012861894168,11008794.49,8300712.13,62.2,77.3,2023-11-02,2024-09-19,,9,26.4,VEND_051,0
WRK00590,School Building at District_11 Sector 16,School Building,District_11,20.89755067559695,78.97430194467576,2543501.36,2141020.32,89.8,87.7,2023-06-03,2024-05-07,,3,18.0,VEND_050,0
WRK00591,Anganwadi Center at District_2 Sector 28,Anganwadi Center,District_2,21.8102829460443,79.84503235414277,852802.4,1342285.3724693737,93.4,100.0,2023-11-01,2024-10-24,,8,19.1,VEND_026,1
WRK00592,Bridge at District_7 Sector 11,Bridge,District_7,20.08109620639776,77.99959120965383,502981.48,433117.39,81.0,83.5,2023-04-01,2024-03-20,,6,19.8,VEND_001,0
WRK00593,Irrigation Canal at District_6 Sector 35,Irrigation Canal,District_6,20.01327120228198,77.981230246654,545753.57,428828.63,84.4,82.2,2023-07-05,2023-12-04,,10,7.6,VEND_014,0
WRK00594,Water Supply at District_10 Sector 14,Water Supply,District_10,22.829677400103463,80.77286354316394,1196941.34,699903.01,68.3,60.2,2023-01-28,2023-08-25,,11,19.5,VEND_006,0
WRK00595,Road Construction at District_2 Sector 6,Road Construction,District_2,21.787619348343778,79.78922867232572,477845.69,479044.83,99.5,100.0,2024-01-07,2024-10-27,2024-10-30,8,19.7,VEND_036,0
WRK00596,Anganwadi Center at District_10 Sector 38,Anganwadi Center,District_10,22.750526201016335,80.67901078112416,3104414.41,799813.89,25.5,25.2,2023-06-16,2023-12-24,,3,24.5,VEND_029,0
WRK00597,Bridge at District_1 Sector 26,Bridge,District_1,21.27244670123754,79.34000429679573,1055008.09,573134.56,53.8,54.7,2023-06-10,2024-02-04,,7,24.0,VEND_003,0
WRK00598,Water Supply at District_2 Sector 18,Water Supply,District_2,21.820673664655278,79.79311442796097,3030605.34,1594436.08,47.3,50.7,2023-10-24,2024-07-08,,4,30.7,VEND_029,0
WRK00599,Water Supply at District_8 Sector 36,Water Supply,District_8,20.630419809572956,78.61048396545456,10281255.72,7530440.86,90.4,71.7,2024-02-14,2024-05-21,,5,16.9,VEND_014,0
WRK00534_DUP,Bridge at District_5 Sector 13 Phase,Bridge,District_5,22.740196073950237,80.68466287212944,2789326.9715020447,1974102.82,73.8,76.5,2023-04-16,2024-01-29,,6,21.5,VEND_005,0
WRK00236_DUP,Bridge at District_9 Sector 15 Phase,Bridge,District_9,20.327844438009013,78.3724737597461,10346810.59199503,4436004.19,48.7,41.0,2024-03-19,2025-01-19,,8,33.7,VEND_012,0
WRK00588_DUP,Drainage at District_7 Sector 25 Phase,Drainage,District_7,19.933379064084072,77.98768004701108,2710326.930310322,1455464.4,60.0,51.0,2023-01-16,2023-09-28,,4,29.0,VEND_056,0
WRK00150_DUP,Road Construction at District_7 Sector 3 Phase,Road Construction,District_7,20.053147407189364,77.94032313067918,541048.5646145353,478774.52,70.7,79.3,2023-11-06,2024-08-08,,3,29.7,VEND_052,0
WRK00540_DUP,Community Hall at District_9 Sector 5 Phase,Community Hall,District_9,20.355107991090232,78.27862873733248,8695142.043623056,7784027.39,80.7,93.1,2023-11-18,2024-11-14,,11,29.0,VEND_013,0
WRK00159_DUP,Bridge at District_1 Sector 28 Phase,Bridge,District_1,21.151998011015927,79.17638542437346,577913.9907045211,356954.93,64.4,62.7,2024-01-23,2024-08-26,,13,14.8,VEND_021,0
WRK00033_DUP,School Building at District_10 Sec 15,School Building,District_10,22.688648387089508,80.69722016419692,11986842.092428105,18780800.755538505,62.5,100.0,2023-03-15,2023-12-02,,7,11.8,VEND_047,1
WRK00572_DUP,Bridge at District_4 Sec 30,Bridge,District_4,22.143220329337446,80.06582620287854,449608.10336242674,357389.98,82.3,81.5,2023-10-02,2024-07-12,,2,17.6,VEND_028,0
WRK00537_DUP,Irrigation Canal at District_5 Sector 38 Phase,Irrigation Canal,District_5,22.775876779612023,80.7272708250791,4843936.197000028,4617187.75,86.5,91.6,2023-09-25,2024-10-13,,10,17.3,VEND_058,0
WRK00154_DUP,Anganwadi Center at District_8 Sec 36,Anganwadi Center,District_8,20.603781521655684,78.61906213095389,954016.6732442207,613216.68,72.3,66.5,2024-01-21,2024-07-01,,9,5.0,VEND_043,0
WRK00465_DUP,Drainage at District_2 Sector 5 Phase,Drainage,District_2,21.78335288229339,79.78509691525625,2782060.244575318,1691576.46,51.5,61.2,2024-03-23,2025-02-06,,9,19.5,VEND_058,0
WRK00207_DUP,Water Supply at District_11 Sector 30 Phase,Water Supply,District_11,20.8391219191601,78.912409155945,2557798.8216816117,303541.68,17.5,11.2,2023-08-04,2024-05-16,,13,18.1,VEND_021,0
WRK00096_DUP,School Building at District_8 Sector 10 Phase,School Building,District_8,20.643614394309775,78.63322930606095,2451717.7256686366,3466947.203526057,79.0,100.0,2024-03-04,2024-11-17,,12,14.6,VEND_057,1
WRK00139_DUP,Drainage at District_11 Sec 15,Drainage,District_11,21.00263014756586,78.9063157988097,1059327.6481598653,121280.39,25.1,11.6,2023-03-07,2024-01-08,,5,12.9,VEND_030,0
WRK00379_DUP,Irrigation Canal at District_12 Sector 25 Phase,Irrigation Canal,District_12,20.898221440363837,78.84938925899876,6116919.829282967,2723731.43,44.8,47.3,2023-01-17,2023-08-18,,12,54.5,VEND_039,0
